WELL,DEPTH,GR,RHOB,NPHI,RT,DTC,DTS,PEF,CALI,VSH,PHIE,SW,FACIES,GROUP,FORMATION
VOLVE_15_9-01,1500.0,93.50204551643056,2.632480066170737,0.10672738179707089,292.52036851487344,67.67410046466229,104.52080510089428,3.1626694869893592,9.139987081510807,0.7258115453794595,0.02,0.47679146148489443,1,HUGIN FM,HUGIN SAND
VOLVE_15_9-01,1500.15,90.58230730496798,2.645461762652123,0.120428879822417,368.1465901375272,77.6520339239667,128.92134287157302,3.1590446093690194,8.25591239255479,0.7096926885389434,0.02,0.43819154387108167,1,HUGIN FM,HUGIN SAND
VOLVE_15_9-01,1500.3,98.15773046622158,2.6265004518799073,0.1315007406597168,500.0,66.7861134496643,111.92050276639812,3.3076639273265194,12.074873254886056,0.7627216841173334,0.02,0.37277275924078224,1,HUGIN FM,HUGIN SAND
VOLVE_15_9-01,1500.45,94.72707886074909,2.581255953063716,0.11265981881668705,302.5244857073567,77.10835995431404,118.1238665659478,2.9901581074125247,8.0,0.7678594728691367,0.02,0.5266952389193379,1,HUGIN FM,HUGIN SAND
VOLVE_15_9-01,1500.6,110.38422906081055,2.607429335876998,0.1496353455012477,297.0496324801912,70.88637856683611,117.18403601484579,3.1060315818983124,10.67291824512254,0.7589492800364269,0.02,0.4901356620783377,1,HUGIN FM,HUGIN SAND
VOLVE_15_9-01,1500.75,92.19147073098583,2.631927401434442,0.12886689152458838,302.93623432421305,77.3584043812673,127.02723150340483,2.8526901428874183,9.304327827999172,0.7814540732453938,0.02,0.46911409923622555,1,HUGIN FM,HUGIN SAND
VOLVE_15_9-01,1500.9,93.86157141028517,2.605458081325812,0.12490878229412224,421.62805850926,66.67506450498153,100.7816991341558,2.8070409979464865,8.954586176099786,0.7556342294363944,0.02,0.4288310002272965,1,HUGIN FM,HUGIN SAND
VOLVE_15_9-01,1501.05,95.17074917346096,2.6504021227891728,0.14044179637777537,469.57739752683017,72.76986770410713,116.0126948324319,3.3529657569207205,10.713447571115717,0.7652574704878492,0.02,0.406609365340998,1,HUGIN FM,HUGIN SAND
VOLVE_15_9-01,1501.2,107.69799853104332,2.616736403436671,0.13188846309878785,315.6532927236217,77.79429035842752,126.17496451427112,2.837576242528585,8.772500913757693,0.7631108574675857,0.02,0.4907278925936786,1,HUGIN FM,HUGIN SAND
VOLVE_15_9-01,1501.35,89.81536080346115,2.6197049754271884,0.14951169528971936,246.53435325074057,75.34458322797383,121.36751025834494,3.128262415390578,8.90532029664398,0.751747726877354,0.02,0.5568713660744741,1,HUGIN FM,HUGIN SAND
VOLVE_15_9-01,1501.5,97.3409780088335,2.6404948839780347,0.11219160164225447,314.97977580169106,71.93954393769667,106.5505649162719,3.1062085599014964,8.708273489470802,0.739067015988452,0.02,0.48262842863358746,1,HUGIN FM,HUGIN SAND
VOLVE_15_9-01,1501.65,104.32375220921625,2.614343002053814,0.11533929208607296,407.3861954531167,68.77933796572688,110.70285301774611,3.2349961788674544,9.695177170478988,0.8219134935156164,0.02,0.42826096775004363,1,HUGIN FM,HUGIN SAND
VOLVE_15_9-01,1501.8,97.1985842154126,2.6215255407145635,0.12516831086935393,309.9063828364455,69.05107605292402,113.66304614183682,2.6683598702801845,9.339208606575696,0.7424270809688406,0.02,0.4848839606425722,1,HUGIN FM,HUGIN SAND
VOLVE_15_9-01,1501.95,101.149726513805,2.6359824696799823,0.13168052982830603,372.81172317811564,77.06754880562558,131.20604893333854,3.1782413985092366,8.183269468363884,0.7365053757973717,0.02,0.4692594646268751,1,HUGIN FM,HUGIN SAND
VOLVE_15_9-01,1502.1,104.22890459012832,2.5885545876833262,0.11068449868340678,329.44343932224103,72.52522540495312,112.69640464718925,2.9883935987169608,9.665843306493993,0.7699974504357147,0.02,0.5252514164344259,1,HUGIN FM,HUGIN SAND
VOLVE_15_9-01,1502.25,95.42283208023977,2.6122940367522487,0.10699905962837432,289.6442330960341,73.25507847141029,114.480859771612,2.8800181763075194,9.164369618971376,0.7650275390825301,0.02,0.5109699205953453,1,HUGIN FM,HUGIN SAND
VOLVE_15_9-01,1502.4,93.9731928181982,2.634583065907582,0.13101928023212012,500.0,73.33704859215595,116.29494391808647,2.949836497647922,8.907360351426957,0.7158221639024027,0.02,0.31665552246522466,1,HUGIN FM,HUGIN SAND
VOLVE_15_9-01,1502.55,90.93273902281415,2.619312002966852,0.12366530841724001,286.00713059743686,70.10427256254258,113.62291570665258,3.2073541574082007,8.474799501303448,0.7921394650902618,0.02,0.5161789497485013,1,HUGIN FM,HUGIN SAND
VOLVE_15_9-01,1502.7,97.32740097663245,2.6473466762415496,0.10436861187147653,377.3139015596665,74.51438336773586,119.70810222649166,3.1462481034650147,9.2225525462158,0.7561256414107663,0.02,0.42801372194802567,1,HUGIN FM,HUGIN SAND
VOLVE_15_9-01,1502.85,90.01097899061394,2.5864815328362614,0.14822407763013423,500.0,71.43345379584005,117.31506601317953,2.9744153083989,8.773495425671223,0.7261150118923531,0.02,0.39817306649527096,1,HUGIN FM,HUGIN SAND
VOLVE_15_9-01,1503.0,99.64980191738249,2.584199964641077,0.12670365503701353,335.1891346939173,74.96304815613402,114.31494433873874,2.772178507186144,9.42412229843489,0.7955969899703692,0.02,0.4807554264724326,1,HUGIN FM,HUGIN SAND
VOLVE_15_9-01,1503.15,90.59650057923456,2.6333937303324544,0.15987522139833565,278.02627646550616,72.0197124811927,117.21580841639107,2.786291080617672,9.413914627439299,0.7791932621401899,0.02,0.5058815340935575,1,HUGIN FM,HUGIN SAND
VOLVE_15_9-01,1503.3,95.70700746617793,2.6353161442986552,0.1290156990315294,500.0,67.91015624772865,104.94517309523758,3.1506060319849323,9.735970727615335,0.7229752213956059,0.02,0.3865058359043405,1,HUGIN FM,HUGIN SAND
VOLVE_15_9-01,1503.45,93.91502085364864,2.614134999863363,0.14810233144877977,263.7945313254076,73.18216963225377,116.37480190132815,2.7444515148691213,8.857128177944254,0.8147143613844914,0.02,0.531368129268225,1,HUGIN FM,HUGIN SAND
VOLVE_15_9-01,1503.6,99.99808300933043,2.6260078880009146,0.13301736293391425,243.99973949812943,75.72531389877085,129.7005703743144,2.9763691023511383,9.105135292696396,0.7816490523723422,0.02,0.5244616580882826,1,HUGIN FM,HUGIN SAND
VOLVE_15_9-01,1503.75,91.26358191181487,2.632904139552628,0.08120640228318227,329.47661324244547,74.5934665571106,112.35833244754693,3.536214425475981,9.051597299743188,0.7620643144939748,0.02,0.48284310416316734,1,HUGIN FM,HUGIN SAND
VOLVE_15_9-01,1503.9,97.75505104183043,2.601722735882965,0.11884835894341514,371.68424245076477,74.47400443726941,117.76106975743421,3.0919121676740193,9.65351822959488,0.8105605917632615,0.02,0.45173699601762607,1,HUGIN FM,HUGIN SAND
VOLVE_15_9-01,1504.05,103.74463352091222,2.6038630324990137,0.1327031366080251,431.70689201493286,76.22670566601764,115.5895002040751,3.148449840799001,8.552184292040954,0.7681155053493306,0.02,0.43349075139533455,1,HUGIN FM,HUGIN SAND
VOLVE_15_9-01,1504.2,100.42224229620118,2.6217945235839726,0.14174087627211682,284.21122562999653,72.81872376586902,117.2752978981493,2.7877929456267343,9.307209169963718,0.7629752901750849,0.02,0.5322891936315369,1,HUGIN FM,HUGIN SAND
VOLVE_15_9-01,1504.35,101.47243342693798,2.636081779197874,0.09587981071842484,456.5861471968357,73.2286010975373,122.40692633300976,2.7545396687655113,8.868031092573032,0.7444886077745818,0.02,0.39996044800757924,1,HUGIN FM,HUGIN SAND
VOLVE_15_9-01,1504.5,107.110630396173,2.59468086147284,0.13626269436963268,242.84883596990883,72.37532983116441,116.64880332408441,3.1591644074076104,10.333660238215597,0.7822315235122793,0.02,0.5401429800946427,1,HUGIN FM,HUGIN SAND
VOLVE_15_9-01,1504.65,95.19315344428091,2.6140410473612996,0.11448737138200314,324.84807266956864,76.6308743470982,122.02581968867881,2.9435296022210284,9.069743767320327,0.7795510208418919,0.02,0.4779303482960457,1,HUGIN FM,HUGIN SAND
VOLVE_15_9-01,1504.8,105.28088787381658,2.6131152673659113,0.13961771313591761,337.2492283397156,74.36796028771523,125.63074810560464,3.2347242963127347,8.314216004576261,0.766168732227497,0.02,0.4774588946861062,1,HUGIN FM,HUGIN SAND
VOLVE_15_9-01,1504.95,88.21021499545846,2.626359182100855,0.13098736840656083,500.0,71.34917688555419,115.81119519074743,3.028626647524904,10.42706825378255,0.7425025608037155,0.02,0.3898213829704484,1,HUGIN FM,HUGIN SAND
VOLVE_15_9-01,1505.1,101.93486544476667,2.6178260325998233,0.15045586958339485,336.73039771091356,69.11435576505704,114.68079950565033,3.7112725571100262,8.455425739874753,0.7705722502320227,0.02,0.47638584356317737,1,HUGIN FM,HUGIN SAND
VOLVE_15_9-01,1505.25,95.21314947299143,2.607082328323943,0.15609409762373663,279.9389600623807,76.78590236069314,126.43373071133472,2.90553603693733,9.471228783185287,0.7650509267999084,0.02,0.5128195538405413,1,HUGIN FM,HUGIN SAND
VOLVE_15_9-01,1505.4,89.47140008646765,2.642971315615148,0.1383212203007399,497.3019080786607,70.48999448848066,98.40278916078526,3.0778263058378856,8.826434160865912,0.7276094821017288,0.02,0.4041623402379196,1,HUGIN FM,HUGIN SAND
VOLVE_15_9-01,1505.55,96.84535743708183,2.6072148503675834,0.14579683193818985,282.6987068683011,72.86472107863909,116.20020969771781,2.8411708674825062,9.234692444973023,0.7239264010585224,0.02,0.4948847136801489,1,HUGIN FM,HUGIN SAND
VOLVE_15_9-01,1505.7,104.34731698516559,2.612158072739571,0.13081824420676458,381.2437416123703,80.93781154613256,124.11012612940536,3.226416002130486,8.831829962114584,0.7855006248349423,0.02,0.4929508001344339,1,HUGIN FM,HUGIN SAND
VOLVE_15_9-01,1505.85,95.2168552071704,2.5861700472816076,0.180105263921034,434.68716009129867,74.39358405129207,114.883150011283,3.1081024787748572,8.706153535389296,0.6909527713046071,0.02,0.42802305069976676,1,HUGIN FM,HUGIN SAND
VOLVE_15_9-01,1506.0,99.75945657227965,2.603727482463082,0.11196860300874291,236.1959993467523,78.51611342496638,132.99871201657268,2.8277620293171344,9.658007539709637,0.7756332329242703,0.02,0.5284236242018463,1,HUGIN FM,HUGIN SAND
VOLVE_15_9-01,1506.15,97.44064409997384,2.628321521526781,0.12278308064180458,500.0,71.66738505570869,112.79378836252094,2.9565430211773145,8.757980836234045,0.7555879746666068,0.02,0.36963855395105427,1,HUGIN FM,HUGIN SAND
VOLVE_15_9-01,1506.3,104.54969791014021,2.624412039127097,0.1594724847838442,303.6799464065143,77.57563760764815,133.5838611512671,3.2943669547001053,8.388444598649567,0.8096354208593757,0.02,0.5133746636949981,1,HUGIN FM,HUGIN SAND
VOLVE_15_9-01,1506.45,98.34257229303617,2.629990339801315,0.1484603501742465,228.161214319851,73.37079685579256,110.35483286791383,3.2703418210744912,8.724622747138653,0.7560394938468444,0.02,0.561008606057718,1,HUGIN FM,HUGIN SAND
VOLVE_15_9-01,1506.6,102.85952166761129,2.6290196457189134,0.14841000533497548,199.93043303640184,75.08968075592288,114.72513530808979,2.7371208721468707,8.98578352625598,0.7910814996808566,0.02,0.56262160685929,1,HUGIN FM,HUGIN SAND
VOLVE_15_9-01,1506.75,98.2048791450542,2.659754280725903,0.1474825023801263,265.3066528293141,79.42934236848723,130.89870109433943,2.9268060712535586,8.471146249911236,0.7598408614684277,0.02,0.5008175944674544,1,HUGIN FM,HUGIN SAND
VOLVE_15_9-01,1506.9,102.89685486805358,2.603042823451062,0.09467033440080826,352.3629639344919,72.8462595266081,114.84715764378042,3.3842793512593934,8.575423181071235,0.7756098499528606,0.02,0.47104891617931594,1,HUGIN FM,HUGIN SAND
VOLVE_15_9-01,1507.05,92.36515493592057,2.5856115251313043,0.1709983854202399,288.64064513201396,74.12275156496071,120.1330391869424,2.9865644398610556,8.898756876619334,0.7947494101965549,0.02,0.4601596952315849,1,HUGIN FM,HUGIN SAND
VOLVE_15_9-01,1507.2,96.46879991686508,2.5969889400785693,0.12980402391576823,291.68701146680894,70.64460179122285,112.46982873410782,3.0566845029098517,9.463994939674887,0.7592122872873369,0.02,0.46621739649091903,1,HUGIN FM,HUGIN SAND
VOLVE_15_9-01,1507.35,94.40642192040549,2.603926963283368,0.1654320747869435,287.5009091129875,76.90396448659442,122.33346198872103,3.2253863833320153,9.916096424185248,0.8034279409435098,0.02,0.5218937446789481,1,HUGIN FM,HUGIN SAND
VOLVE_15_9-01,1507.5,97.0787424466409,2.5985134612676615,0.09095351951319322,379.6558723944561,71.3713261174804,112.67294144430826,2.7535676587403155,9.813270417015051,0.7441603406170156,0.02,0.43663591191213386,1,HUGIN FM,HUGIN SAND
VOLVE_15_9-01,1507.65,107.61808240325371,2.619873216952897,0.14261836721275836,249.32570061063248,76.90306419987458,123.942369521838,2.83206050051412,8.894485721347051,0.783246647620897,0.02,0.5266701851887882,1,HUGIN FM,HUGIN SAND
VOLVE_15_9-01,1507.8,98.86927995496828,2.64305309811114,0.12910843420347634,195.80741962131896,69.27072424628189,114.04135023169054,2.955260183356672,8.68575616535366,0.8025231985758222,0.02,0.6013149854729128,1,HUGIN FM,HUGIN SAND
VOLVE_15_9-01,1507.95,101.16865037381156,2.648793181459398,0.15070407180371892,264.31631867582075,75.71747005177988,129.2200628377102,3.26092472397105,9.043401524213246,0.7950777918139526,0.02,0.48940417578781603,1,HUGIN FM,HUGIN SAND
VOLVE_15_9-01,1508.1,107.93644743365637,2.628086170036932,0.15132143093208456,406.82457381639347,72.9029229995052,115.63211412249423,3.2239530696504595,9.450612381183914,0.8332001458847177,0.02,0.43679030360125,1,HUGIN FM,HUGIN SAND
VOLVE_15_9-01,1508.25,86.21834762425262,2.66082544430908,0.14030563323906553,398.6731711683495,75.4261765565349,118.71369101227647,3.1639532734374196,9.847830759265038,0.7532311819272131,0.02,0.41285711726234325,1,HUGIN FM,HUGIN SAND
VOLVE_15_9-01,1508.4,92.23200666305979,2.6108725388686715,0.10909889108870817,266.5802624408869,72.83301912854904,113.92052282338281,2.9921680102658463,9.12270669006353,0.7351848323555867,0.02,0.5135837272922548,1,HUGIN FM,HUGIN SAND
VOLVE_15_9-01,1508.55,97.80197546863951,2.585349619159951,0.1309333499609045,339.5554998403642,71.50701423903202,121.76014205761373,3.245913947535939,10.439809582705616,0.7471515491818448,0.02,0.4754331558065312,1,HUGIN FM,HUGIN SAND
VOLVE_15_9-01,1508.7,86.25040138613807,2.639063561357763,0.1359788301168202,250.9011329002939,72.95461062609296,120.17900148731782,2.989470953832338,8.50641727187473,0.7972144738360468,0.02,0.5373558869540167,1,HUGIN FM,HUGIN SAND
VOLVE_15_9-01,1508.85,95.42775275612857,2.5812281121650185,0.1488195617102067,317.9629304854771,71.47394988329849,104.86315268108675,3.1355936024744815,10.047998551438175,0.7927557391737203,0.02,0.46557000929414855,1,HUGIN FM,HUGIN SAND
VOLVE_15_9-01,1509.0,104.72777309552801,2.602899939546004,0.15698091342754547,211.66087009091848,76.30935973514607,112.37937206225182,3.202407795078921,8.859585707662937,0.7812998234591743,0.02,0.5304211244147439,1,HUGIN FM,HUGIN SAND
VOLVE_15_9-01,1509.15,100.7856773477756,2.6284022446484556,0.13475271766994384,347.84156137491004,69.92318118235997,107.72680049428553,3.3593640135021294,9.214516455414143,0.7449546615318103,0.02,0.4701464397870569,1,HUGIN FM,HUGIN SAND
VOLVE_15_9-01,1509.3,103.06707993539051,2.6159523703990244,0.11478522075623855,355.1398759230344,73.40991962033634,118.60659861281002,3.008735083083635,15.919975090536045,0.802057776826737,0.02,0.4586421302818236,1,HUGIN FM,HUGIN SAND
VOLVE_15_9-01,1509.45,99.96901718363765,2.6141809447425697,0.13355899037647498,335.79129929962284,74.06004063045937,118.32871431264155,2.9474779558107165,8.162782557737938,0.7427160945675975,0.02,0.45748990443016,1,HUGIN FM,HUGIN SAND
VOLVE_15_9-01,1509.6,103.46520582835282,2.5943841993435997,0.1944157634990992,343.80581445534784,79.30304876713409,129.45877078663295,3.279015072557673,10.215720057994517,0.8146282595394264,0.02,0.4393357600906661,1,HUGIN FM,HUGIN SAND
VOLVE_15_9-01,1509.75,110.04530947040638,2.617783952211333,0.18281747748690538,197.79461133968,75.46175365694451,119.86158864019482,3.2943705157365026,9.331179896724384,0.865982472980998,0.02,0.61413771982338,1,HUGIN FM,HUGIN SAND
VOLVE_15_9-01,1509.9,98.62842227039968,2.638073249774756,0.07925941529421877,327.1346595223519,73.27545578030106,124.22782310537642,2.911325101521937,9.419959793107454,0.7916493769958185,0.02,0.48762572242082125,1,HUGIN FM,HUGIN SAND
VOLVE_15_9-01,1510.05,101.44060503965868,2.6183993583307204,0.14104824458713092,270.44436155390764,74.96175546377928,123.79936563591694,2.798993253627147,8.897964139067417,0.7985425434215602,0.02,0.5268134674605779,1,HUGIN FM,HUGIN SAND
VOLVE_15_9-01,1510.2,94.67026459065627,2.6013954824071788,0.15364046922521538,410.76387915025055,67.28268451565785,108.040178260631,3.2638068932332223,9.144923306765458,0.7666538581340567,0.02,0.45825270079667707,1,HUGIN FM,HUGIN SAND
VOLVE_15_9-01,1510.35,100.43186037136846,2.5930492307880533,0.12548152867041446,447.0209718921382,69.12447208749772,116.32585249266688,2.691654525280925,8.525064823861223,0.7275204594784936,0.02,0.42083474674455684,1,HUGIN FM,HUGIN SAND
VOLVE_15_9-01,1510.5,105.20008087725392,2.6018081083408884,0.12541757711776902,328.2474521326579,72.32648657278422,107.47784739487865,2.6814397142916695,9.572686470443708,0.764129303470978,0.02,0.4727947654953966,1,HUGIN FM,HUGIN SAND
VOLVE_15_9-01,1510.65,103.13102297870626,2.625846675048287,0.1271314403960474,278.60370881309086,71.02718917416433,113.21812911533682,2.966340977038258,8.625746092074586,0.7498048313181146,0.02,0.5353260760643943,1,HUGIN FM,HUGIN SAND
VOLVE_15_9-01,1510.8,93.21757034069238,2.624872045247194,0.1419776541546115,365.6549167398763,68.15868205839223,109.7414528240675,3.020487943145831,8.892356157668127,0.739559096306123,0.02,0.4512311393219227,1,HUGIN FM,HUGIN SAND
VOLVE_15_9-01,1510.95,99.55748640412973,2.6019898579880865,0.12228274251400797,348.2070620520056,77.44362155370384,126.91997698568869,2.7880095667445604,9.124359394297485,0.8350142800100544,0.02,0.4624526853665455,1,HUGIN FM,HUGIN SAND
VOLVE_15_9-01,1511.1,106.61539406035794,2.5737848115603588,0.16255881370051445,334.351633729029,74.78727561111558,111.08381096364182,3.044372867675436,9.04965538486197,0.7919002711221802,0.02,0.5008932935551111,1,HUGIN FM,HUGIN SAND
VOLVE_15_9-01,1511.25,103.28942972781776,2.626400255273443,0.13820102497897654,250.89221050188897,74.50024705023925,117.8983607460104,3.0532940177272963,8.636505162872986,0.7954725654195862,0.02,0.519217899661763,1,HUGIN FM,HUGIN SAND
VOLVE_15_9-01,1511.4,100.28458483108403,2.6000458520204948,0.11757582471271502,229.29605079670836,71.59153457252968,116.54875929780287,2.903922421189144,11.895347306980787,0.7751754012996402,0.02,0.5703950288325512,1,HUGIN FM,HUGIN SAND
VOLVE_15_9-01,1511.55,95.89579937379041,2.6317812495803055,0.1594300976466836,322.90091540109495,74.00059148315229,120.78675700503035,3.4066928358335713,10.31788233045229,0.7796206294580645,0.02,0.5073487127560441,1,HUGIN FM,HUGIN SAND
VOLVE_15_9-01,1511.7,104.46786574876789,2.6028778071574448,0.11121245561184726,270.50924205666416,75.9953582068672,127.52322233825852,3.085952242001461,9.869165795474562,0.8141004914272006,0.02,0.532279781354722,1,HUGIN FM,HUGIN SAND
VOLVE_15_9-01,1511.85,94.10562695739259,2.5982419909266037,0.12657793056897187,257.5158500362921,73.06626283949063,120.71354720521875,3.225697807304357,8.580507138730233,0.7845475500600237,0.02,0.5272530268640232,1,HUGIN FM,HUGIN SAND
VOLVE_15_9-01,1512.0,104.34023093553839,2.6210634381451916,0.12883479209715443,318.7964286593895,75.53948917143545,120.55895242743652,2.7087574022661354,8.640970238974427,0.8017886226857182,0.02,0.4388858177090839,1,HUGIN FM,HUGIN SAND
VOLVE_15_9-01,1512.15,106.02618532743095,2.6651539846005274,0.17992897323219614,292.97979228554703,71.3885031501878,117.59647378504427,2.707031637509891,9.079232699575257,0.7803342297831568,0.02,0.4420086654114699,1,HUGIN FM,HUGIN SAND
VOLVE_15_9-01,1512.3,106.90303467215618,2.6329805998223312,0.12274349034186861,472.73918357073865,73.98831003425681,117.37447787703773,3.092012522129785,8.983548862522673,0.7762927047643833,0.02,0.43484299694903245,1,HUGIN FM,HUGIN SAND
VOLVE_15_9-01,1512.45,99.28808891135611,2.6207243859841167,0.08860406712811428,446.67049336743327,76.49127772052715,123.11991411665771,3.3709715378840546,8.866881978854972,0.7446891435874424,0.02,0.4130244552916505,1,HUGIN FM,HUGIN SAND
VOLVE_15_9-01,1512.6,87.24036224400965,2.6251770307276194,0.1175486503135465,264.3423392028203,76.42405279327869,126.25249621998272,2.7980128442055237,8.818351336267975,0.7278996841275289,0.02,0.5144428989817789,1,HUGIN FM,HUGIN SAND
VOLVE_15_9-01,1512.75,100.05978116110725,2.582977682770288,0.14606858143184892,301.6564860685426,77.74710967934944,124.16887152101889,3.0286753293002566,8.513411982429382,0.7797171632250226,0.02,0.5047926535506946,1,HUGIN FM,HUGIN SAND
VOLVE_15_9-01,1512.9,110.70917646622186,2.5955531925849487,0.15411974526735622,271.77828751996964,74.81844582438997,121.51946171668314,2.7529807510607363,11.863765249409083,0.789587028904561,0.02,0.4973009118259409,1,HUGIN FM,HUGIN SAND
VOLVE_15_9-01,1513.05,91.87203389403966,2.567781422699057,0.17797567573135714,500.0,73.25749277957347,122.01853229390261,2.8562754801570693,8.398190517329157,0.7496325457500114,0.02,0.35177893795489,1,HUGIN FM,HUGIN SAND
VOLVE_15_9-01,1513.2,99.51684844487033,2.652597477891532,0.16626335611880405,190.17322821774547,72.57368721139994,119.67872384193518,3.038622263761642,9.083052672686804,0.7875026979939096,0.02,0.5956246523291039,1,HUGIN FM,HUGIN SAND
VOLVE_15_9-01,1513.35,107.16190736428021,2.6485477205831147,0.14232837651821145,315.39173713082516,68.55686901576888,115.85834970463706,2.9014777573274477,8.792634188379928,0.7904661642660561,0.02,0.44910124907213894,1,HUGIN FM,HUGIN SAND
VOLVE_15_9-01,1513.5,96.91184961382925,2.625856370524298,0.11084460644344336,176.7185748604395,68.62502301679038,121.44227831662917,2.7388952193660647,8.68681195936479,0.7244861052995928,0.02,0.5766864693868257,1,HUGIN FM,HUGIN SAND
VOLVE_15_9-01,1513.65,109.79281910643623,2.620702302061684,0.16678376570696407,364.1714337158594,72.90626402810649,120.16466131175511,2.7344164618770828,10.294879347204365,0.7620214472001127,0.02,0.412969360127468,1,HUGIN FM,HUGIN SAND
VOLVE_15_9-01,1513.8,97.52546287617587,2.5869681999500482,0.1329284286655577,391.3091941379767,73.88509460889236,115.90968861720401,2.622798380107152,10.84035838998201,0.8019979978138823,0.02,0.45687934141633774,1,HUGIN FM,HUGIN SAND
VOLVE_15_9-01,1513.95,96.2120331692717,2.613614000794986,0.12709076911461709,443.17349838006106,78.4405242649407,128.06395406300413,3.095316760642918,10.29532631623123,0.8016927589260613,0.02,0.3873403585523369,1,HUGIN FM,HUGIN SAND
VOLVE_15_9-01,1514.1,102.91855464436082,2.653847837568078,0.125023672586158,310.59262624955096,77.22975053869213,125.9116929443595,3.1195162050862275,9.477598723853601,0.7557676575282627,0.02,0.5018865460556137,1,HUGIN FM,HUGIN SAND
VOLVE_15_9-01,1514.25,94.5859074503161,2.620628319963914,0.11426786773523293,417.75221557428307,72.01902591062947,118.29799492455905,3.118510687309477,9.371923130192492,0.7954242167544607,0.02,0.4406894239857766,1,HUGIN FM,HUGIN SAND
VOLVE_15_9-01,1514.4,102.07118059761943,2.606707070675762,0.13394436745296012,366.3966414321874,77.05761304878435,130.76726211424182,2.8181648404269515,9.597815721798035,0.8216317951758643,0.02,0.4500395308478416,1,HUGIN FM,HUGIN SAND
VOLVE_15_9-01,1514.55,102.05463234718381,2.5828385867999275,0.1375213045659291,382.9451334322998,73.02992289501127,108.427319087098,3.2011902581148366,8.418479697933071,0.8145564744366494,0.02,0.4330162314722749,1,HUGIN FM,HUGIN SAND
VOLVE_15_9-01,1514.7,105.10324538377675,2.645606114554616,0.15291307635336943,265.35996662871855,75.991174927295,129.1550698403207,3.141355733502172,9.298144772829442,0.7886662949141805,0.02,0.5328176416111473,1,HUGIN FM,HUGIN SAND
VOLVE_15_9-01,1514.85,101.95873074550445,2.6165983239794466,0.1289025347275242,257.13858330094416,76.14329337492617,131.08135374017243,3.0014588813289995,8.858330709264768,0.7777620095302971,0.02,0.5263267854374664,1,HUGIN FM,HUGIN SAND
VOLVE_15_9-01,1515.0,100.73867996836849,2.582865322932743,0.11062979736978364,247.8966156569032,77.36014273065041,126.61658168539174,2.96863425134815,8.57971522874553,0.7731932147103597,0.02,0.5800596589670471,1,HUGIN FM,HUGIN SAND
VOLVE_15_9-01,1515.15,99.59358325371977,2.599514686358569,0.10888098475259461,406.89153131573954,72.81959365001573,119.47202524614084,2.870176906192806,8.862994623326864,0.8063761857181907,0.02,0.46520252466180856,1,HUGIN FM,HUGIN SAND
VOLVE_15_9-01,1515.3,106.9285795231264,2.5924492396528374,0.1439601729942255,329.4030238214922,77.18208146737787,122.2831063115071,3.0384323667857447,8.546144818971161,0.7984585202917547,0.02,0.5081285246398664,1,HUGIN FM,HUGIN SAND
VOLVE_15_9-01,1515.45,122.24509182967347,2.6153651294857605,0.14321457751575892,304.551075070888,68.78649928448613,110.09001880426133,3.3234495610635997,8.862630969962439,0.8117470696424962,0.02,0.4367823610226513,1,HUGIN FM,HUGIN SAND
VOLVE_15_9-01,1515.6,104.1786709414157,2.6221467793922564,0.12847520963910686,307.73627840696673,78.00017555973263,128.29004169131295,3.2275713231233025,8.527230309006802,0.7970764257558014,0.02,0.48017097658997443,1,HUGIN FM,HUGIN SAND
VOLVE_15_9-01,1515.75,103.20209861779597,2.6079356587144296,0.1333409827586772,325.75850202612617,74.45363142734693,122.29357224760672,2.9487579152741845,9.166877999295952,0.8179340797901241,0.02,0.47731295827297837,1,HUGIN FM,HUGIN SAND
VOLVE_15_9-01,1515.9,94.17396240510735,2.6335409319297374,0.14723807117188045,287.4323900499269,74.08792700816252,122.14423186307698,3.107724292354872,8.329545974657721,0.7964555501059805,0.02,0.5201091629065653,1,HUGIN FM,HUGIN SAND
VOLVE_15_9-01,1516.05,99.46565798969428,2.6195760448094485,0.17042102807843962,200.4542472759364,68.40570421688234,112.58246960502817,2.7797139900956482,10.996928574778016,0.8174006866976846,0.02,0.5540962963302148,1,HUGIN FM,HUGIN SAND
VOLVE_15_9-01,1516.2,101.85259330851191,2.6392462477054424,0.12743049433540724,200.33315845038754,73.40845380736279,121.94547596249232,3.14601343548104,8.167007510550585,0.8202225734552466,0.02,0.553720106578149,1,HUGIN FM,HUGIN SAND
VOLVE_15_9-01,1516.35,95.49557574615866,2.6108561184383854,0.1373073887466681,418.9930486673327,77.64034913515526,128.15780196617666,2.8338285714669276,10.628535440881976,0.7701955468157298,0.02,0.4470930504338383,1,HUGIN FM,HUGIN SAND
VOLVE_15_9-01,1516.5,95.24963525407595,2.6789065118402227,0.15021281506964887,249.59642361389933,71.69621525683054,109.59220108462821,3.1380511122555346,9.207217615043925,0.7403160465969494,0.02,0.5302682092102348,1,HUGIN FM,HUGIN SAND
VOLVE_15_9-01,1516.65,113.79360378065816,2.6067102255305206,0.13064117219072086,244.59693379101742,77.1321826822144,127.57283250908246,3.5938144380948804,9.072633168947782,0.8410897199644392,0.02,0.508447659133942,1,HUGIN FM,HUGIN SAND
VOLVE_15_9-01,1516.8,107.4927890697145,2.5999334001648826,0.14009307531326284,282.9976232124618,74.3277610637462,128.21735078407505,2.885997513534574,8.703800975629056,0.8027047840301931,0.02,0.48298159041420713,1,HUGIN FM,HUGIN SAND
VOLVE_15_9-01,1516.95,94.86550951504421,2.5974739889980847,0.13080799282885533,386.5863233164538,76.23372807088025,121.84083115363138,3.5845606618476062,8.810481048908574,0.7437860326040577,0.02,0.4461852354402714,1,HUGIN FM,HUGIN SAND
VOLVE_15_9-01,1517.1,92.4902238161478,2.613781185468914,0.10987665878251451,317.71240419693675,74.22484469339702,126.25715124934761,3.0981270975565955,9.478689234566874,0.7740170898892327,0.02,0.4627583372486921,1,HUGIN FM,HUGIN SAND
VOLVE_15_9-01,1517.25,109.47230866400355,2.583609278182684,0.14618913976293058,218.07449306949357,71.75045392238812,110.21424977626303,2.85007487334761,9.398316244653651,0.8187944257841209,0.02,0.5913790200450479,1,HUGIN FM,HUGIN SAND
VOLVE_15_9-01,1517.4,99.56246443063033,2.623891256876556,0.13874837114777885,257.3470318585529,74.08834904963886,118.39254538137001,2.8409087666531168,8.798960680049674,0.7874498505046017,0.02,0.5103054934760817,1,HUGIN FM,HUGIN SAND
VOLVE_15_9-01,1517.55,90.53168816617534,2.5798939246087036,0.14820303808800608,243.57107373769884,78.5871644572483,122.533672372548,3.4729911215696783,8.82693417285735,0.7806756873072329,0.02,0.5017082985672301,1,HUGIN FM,HUGIN SAND
VOLVE_15_9-01,1517.7,108.19654245329525,2.6212334184811446,0.12200078397125426,343.11233921266137,76.4280703627044,129.18101884244604,3.09859773694062,8.778131242851414,0.8382567564297901,0.02,0.49721468400208974,1,HUGIN FM,HUGIN SAND
VOLVE_15_9-01,1517.85,102.803417648407,2.5909749651180727,0.13494938280086607,207.6959211462284,73.12065775753788,125.19543518410488,2.8867694287668324,9.222990016053306,0.764999833970944,0.02,0.6107238807631845,1,HUGIN FM,HUGIN SAND
VOLVE_15_9-01,1518.0,86.2729065640697,2.610374131852398,0.1635332843079736,232.5935475974347,80.39037852871424,128.12862504550498,2.959307877791419,9.736092298804046,0.7726573535657163,0.02,0.5560477305120362,1,HUGIN FM,HUGIN SAND
VOLVE_15_9-01,1518.15,97.17385425060164,2.630090807982647,0.18201835578761333,326.4629523446657,77.71009499426602,130.19145960413488,3.0861551555417908,9.347490427374954,0.8031223943291174,0.02,0.4639586125587956,1,HUGIN FM,HUGIN SAND
VOLVE_15_9-01,1518.3,101.27124844233056,2.664080753677527,0.16690287774606766,357.2181498608636,76.79357406174677,131.12285163831152,2.9982558649573936,10.451928943599993,0.8086686157775698,0.02,0.4880698319980397,1,HUGIN FM,HUGIN SAND
VOLVE_15_9-01,1518.45,105.81395401358975,2.596439989584377,0.11826077955601617,324.6554380886793,75.36232201826927,120.41512093942248,3.069179829254834,9.435256588013013,0.8120147311268069,0.02,0.4921171921694965,1,HUGIN FM,HUGIN SAND
VOLVE_15_9-01,1518.6,100.76076950128595,2.614993651011472,0.1527150048373043,313.4919878791272,76.85334833044423,123.6141153876957,3.3547221793308553,10.496983794252086,0.8246263413095453,0.02,0.5139815013069935,1,HUGIN FM,HUGIN SAND
VOLVE_15_9-01,1518.75,97.16291650101168,2.603524826504489,0.13084805693901147,322.4213744943039,76.52632801131303,126.11020166623577,2.7744058670874647,8.63724646234402,0.8034065895882249,0.02,0.46533567724489566,1,HUGIN FM,HUGIN SAND
VOLVE_15_9-01,1518.9,105.80301959693084,2.6006025935487838,0.14752091714975013,270.9508114448099,67.86727466829716,104.37494956167404,3.128926065552782,8.551591121063208,0.8122860352476782,0.02,0.5250766367423882,1,HUGIN FM,HUGIN SAND
VOLVE_15_9-01,1519.05,97.70637080840851,2.603700533400609,0.12305248063442883,239.02036037370513,75.15438393848399,120.79750227764718,2.9854204790635737,8.975913171315353,0.7899787649997821,0.02,0.5691230361019003,1,HUGIN FM,HUGIN SAND
VOLVE_15_9-01,1519.2,103.68953875334195,2.6344813295127385,0.10569779247968838,371.59874659189956,73.68321726422428,128.60708315376854,2.900190930788257,9.723977310178215,0.7997817421115627,0.02,0.43385311718326064,1,HUGIN FM,HUGIN SAND
VOLVE_15_9-01,1519.35,95.56286069325874,2.6082388827153924,0.1332998220177902,372.67804554582756,72.69602675282853,113.81357520327417,3.2144348335579886,9.64019907032557,0.8012677786119126,0.02,0.4436479967289703,1,HUGIN FM,HUGIN SAND
VOLVE_15_9-01,1519.5,94.67826597163392,2.6629862539654168,0.1551466819340149,307.04124969761557,73.67630522677591,122.15121956637402,2.707714873063058,9.581113651606847,0.8046308533454307,0.02,0.4769813282387638,1,HUGIN FM,HUGIN SAND
VOLVE_15_9-01,1519.65,106.81746275962335,2.6263195851178947,0.14898281138069416,328.84375894610287,69.93216277569579,114.51048267179833,2.5267133283703465,9.093537230892338,0.8214854418081197,0.02,0.4844308545370445,1,HUGIN FM,HUGIN SAND
VOLVE_15_9-01,1519.8,103.6961614706906,2.5977997867765183,0.15032247601792578,176.99913959141685,69.05797220917363,109.67392599116305,3.04490660295243,11.714612638819588,0.8150901254642582,0.02,0.604350331376574,1,HUGIN FM,HUGIN SAND
VOLVE_15_9-01,1519.95,105.60125191957152,2.6106658963570983,0.1443095958070462,259.9424381769318,77.90718583200665,125.7597727957576,2.9723640520254206,11.304954736613091,0.7998839289830577,0.02,0.5500256396956592,1,HUGIN FM,HUGIN SAND
VOLVE_15_9-01,1520.1,95.90507751136359,2.6019630601992,0.1442506166273944,263.33892008917894,75.04448240985748,128.83427147846913,2.7294305499040084,8.499581094187354,0.7744004475365347,0.02,0.5395862518668736,1,HUGIN FM,HUGIN SAND
VOLVE_15_9-01,1520.25,97.10202252275663,2.634001373058934,0.15071268102671617,306.38062172650046,66.94728973102745,109.88364930254043,2.6578895007629932,9.006943446822083,0.8008163056332143,0.02,0.4871516070142942,1,HUGIN FM,HUGIN SAND
VOLVE_15_9-01,1520.4,107.61860061231943,2.585224406868695,0.13421427590714166,329.26906028421917,72.40190030729265,119.39213360797456,3.386126675533761,9.103381553306805,0.7980526965748935,0.02,0.4853001386331274,1,HUGIN FM,HUGIN SAND
VOLVE_15_9-01,1520.55,93.84033697413868,2.5911809723912835,0.14237643879804132,387.1575601794821,76.90747220947613,131.05626701642058,3.092602969591936,9.916695226500899,0.8047908504643266,0.02,0.42912698445102804,1,HUGIN FM,HUGIN SAND
VOLVE_15_9-01,1520.7,113.45970494052199,2.606169077625017,0.1846584328573183,222.13458181336048,74.6357255934947,117.97010876460068,3.003929144614356,11.241010046555534,0.8652884357328301,0.02,0.5590235421222399,1,HUGIN FM,HUGIN SAND
VOLVE_15_9-01,1520.85,106.03234998892295,2.6316589358627662,0.14036139918767176,289.74765122143424,77.57445200908163,118.88454866534138,3.4390489817918883,10.325495519119833,0.7834718573843267,0.02,0.5200192874557372,1,HUGIN FM,HUGIN SAND
VOLVE_15_9-01,1521.0,106.43485749328285,2.6426612054964553,0.14264244349005592,243.89669873647136,77.55807853929358,132.93466262082111,3.2044124986131135,9.565117323058482,0.8119411570731838,0.02,0.5683822153558693,1,HUGIN FM,HUGIN SAND
VOLVE_15_9-01,1521.15,100.5448047864098,2.6456108438154566,0.14676902020473123,282.57052955516644,70.72804371342829,113.84747885457743,3.353855354108041,10.105218134355425,0.8314088670680215,0.02,0.4994561744525981,1,HUGIN FM,HUGIN SAND
VOLVE_15_9-01,1521.3,97.14278214510213,2.6285960303989504,0.13599772646851074,285.8610067967054,73.78748061476486,122.52797323436884,2.7640092143766957,8.369606716909288,0.8023726455655675,0.02,0.4942728363596503,1,HUGIN FM,HUGIN SAND
VOLVE_15_9-01,1521.45,106.56557638625127,2.6163422092728394,0.1417389679643875,259.68530114116214,74.21854335741436,114.93802344376618,2.756521481975063,13.402435127128173,0.8696405815920238,0.02,0.530119450905639,1,HUGIN FM,HUGIN SAND
VOLVE_15_9-01,1521.6,93.40681678831879,2.63389251624628,0.14240833128595462,239.29713866464957,69.76691989009649,113.56970335038521,3.123415047023203,9.011242092349942,0.78823173865764,0.02,0.5418644003726467,1,HUGIN FM,HUGIN SAND
VOLVE_15_9-01,1521.75,97.08057099727269,2.5951099876513655,0.13128944489403907,460.8875001087453,69.9943435498638,106.5062857554728,3.082899843619158,9.152780595636312,0.8093583262214807,0.02,0.4301717167615702,1,HUGIN FM,HUGIN SAND
VOLVE_15_9-01,1521.9,101.91794981080555,2.5811068555596752,0.1334490882840246,272.5380107207073,71.26652027775067,114.34513164304154,3.249932407131975,8.954912355532283,0.7757292458237928,0.02,0.5304715804340566,1,HUGIN FM,HUGIN SAND
VOLVE_15_9-01,1522.05,103.22079073740589,2.6267327515537295,0.12256977718466126,301.3168158684537,72.03123328015369,112.01035732235451,2.6738422249374683,9.641483207108184,0.7892004754345802,0.02,0.49676036452173244,1,HUGIN FM,HUGIN SAND
VOLVE_15_9-01,1522.2,96.44202152350948,2.597886431657023,0.1432495450215036,331.22514367725466,75.16493052250573,115.87561716144641,3.140719483194329,8.895163859088282,0.8072620595387817,0.02,0.45034675446394967,1,HUGIN FM,HUGIN SAND
VOLVE_15_9-01,1522.35,106.77708057628233,2.6166938653566905,0.1554678003042289,484.8145372087128,77.80716060907105,122.97584362768407,3.197853726684059,9.009875128690108,0.825226009471389,0.02,0.4045125152087133,1,HUGIN FM,HUGIN SAND
VOLVE_15_9-01,1522.5,104.16903799203547,2.6203925403174564,0.13717884195441818,281.91335914479714,75.89988675445532,109.97286559228749,3.1872344133622774,8.804156088647872,0.80944759435091,0.02,0.49726059271135536,1,HUGIN FM,HUGIN SAND
VOLVE_15_9-01,1522.65,112.12913283785286,2.6229623911835658,0.1054845916279516,203.35291446892123,77.17473810294086,117.68006877581773,2.9186611237584956,8.988290060935864,0.8376810691049195,0.02,0.5850149698951793,1,HUGIN FM,HUGIN SAND
VOLVE_15_9-01,1522.8,103.56890425803252,2.636755830770501,0.15137041306325927,234.96369161012584,73.31187749320888,121.21107477043586,3.1037230343192155,8.307437469414118,0.797086547880999,0.02,0.5842601977013694,1,HUGIN FM,HUGIN SAND
VOLVE_15_9-01,1522.95,105.34227269867023,2.6346415037658346,0.14090267806045575,289.6033304733339,75.77886741720675,122.98451981526944,2.8448685816069297,8.970376865613142,0.7899933413684036,0.02,0.5162418129440258,1,HUGIN FM,HUGIN SAND
VOLVE_15_9-01,1523.1,111.08949320577332,2.6219000013433535,0.13229974771202913,143.48389984994543,75.34679195020233,115.1839323855107,2.9414107836305736,8.721607186971916,0.8810958447486555,0.02,0.623979036616709,1,HUGIN FM,HUGIN SAND
VOLVE_15_9-01,1523.25,107.02219572929516,2.6091596943906117,0.15723785250037478,288.8746826875667,73.08190920409623,119.6704225738793,2.7914127321404134,10.492284983891688,0.8118163176927288,0.02,0.5030228411599814,1,HUGIN FM,HUGIN SAND
VOLVE_15_9-01,1523.4,92.5136149822146,2.620155241773526,0.10879339193050433,255.49842706204495,79.42955563932972,122.69622366216814,2.8482668541322496,9.69258758368124,0.7784126396321419,0.02,0.5428889694717817,1,HUGIN FM,HUGIN SAND
VOLVE_15_9-01,1523.55,98.41262448596466,2.6060757916665014,0.15778396299836178,320.31088242830987,66.7620135559405,110.42904104157189,2.951807534324176,8.789647139771235,0.7791720712791497,0.02,0.4729650769384235,1,HUGIN FM,HUGIN SAND
VOLVE_15_9-01,1523.7,98.11824722331704,2.6140714215598764,0.13461029034040523,344.5237847993393,67.98443680585785,108.19690352206344,2.9018126504724258,8.56329530571592,0.7717174848889967,0.02,0.4676353035024916,1,HUGIN FM,HUGIN SAND
VOLVE_15_9-01,1523.85,102.44959710140333,2.670363468471608,0.0988358777073161,267.6231042973144,75.87985649104918,119.78215463371707,2.848241711388872,8.540627290327715,0.8280878614324182,0.02,0.4764759025856935,1,HUGIN FM,HUGIN SAND
VOLVE_15_9-01,1524.0,102.17893248128505,2.621643794017671,0.14192369595005644,338.01313688956225,73.15600018170821,116.59428217209586,2.740080589564356,9.918959836173812,0.7890473613652781,0.02,0.3956877610533678,1,HUGIN FM,HUGIN SAND
VOLVE_15_9-01,1524.15,104.53123159160134,2.6270049003407507,0.13244352103679585,208.4962449655693,69.93469606931451,124.69315599423177,3.392219157691802,10.017350437564913,0.803782455990764,0.02,0.5675643497945748,1,HUGIN FM,HUGIN SAND
VOLVE_15_9-01,1524.3,102.77453694469166,2.603890387019393,0.128568148204594,345.9548001896698,70.96685168531627,109.75295509889429,2.8998874113551483,8.714598588169899,0.7980342269403782,0.02,0.4694786461252126,1,HUGIN FM,HUGIN SAND
VOLVE_15_9-01,1524.45,102.19171183481873,2.6384014683285972,0.1285240604144421,228.69164591488715,71.83392602855685,116.06707497702286,3.065993114706246,9.172356972223604,0.8218571709571096,0.02,0.46871021229937304,1,HUGIN FM,HUGIN SAND
VOLVE_15_9-01,1524.6,94.89675924732099,2.6332054484532685,0.13362738362471824,357.14123739209396,76.33656953698151,126.04535480663229,2.6482056087511294,8.602411776479393,0.7744779962794381,0.02,0.4356448148031976,1,HUGIN FM,HUGIN SAND
VOLVE_15_9-01,1524.75,103.4056582404297,2.6333470510931014,0.125432638802418,257.5227970082929,77.15875294996144,118.64194047449364,3.2715298265818835,8.68934834637027,0.7675760828384055,0.02,0.48242985302470753,1,HUGIN FM,HUGIN SAND
VOLVE_15_9-01,1524.9,103.36902536064026,2.6222978249350692,0.10384571294292347,206.92550460020013,79.21929006991735,118.77957492483812,3.0334321300973692,8.350177122993113,0.8065301187112747,0.02,0.5925836511413696,1,HUGIN FM,HUGIN SAND
VOLVE_15_9-01,1525.05,97.59631058099602,2.6386838019153354,0.16810879963826997,237.43825805918797,69.75862525400211,108.60830969159252,2.9112250914149747,8.466823875986856,0.8177829460315059,0.02,0.6125488263505877,1,HUGIN FM,HUGIN SAND
VOLVE_15_9-01,1525.2,100.95098459452102,2.6434337039326947,0.13656456630618885,405.4271621340112,70.26219199252206,116.21682319357966,2.91297178586721,9.602899721314214,0.809678129502833,0.02,0.4224600950607458,1,HUGIN FM,HUGIN SAND
VOLVE_15_9-01,1525.35,89.94285082623287,2.623661978386986,0.12166553528470264,321.7915329858327,69.37035199013415,109.28254592557323,3.173881971553211,8.700684907295615,0.7753615706817861,0.02,0.4775610714057216,1,HUGIN FM,HUGIN SAND
VOLVE_15_9-01,1525.5,103.06809272134691,2.6157077528199935,0.12041769421689814,384.637110122489,78.43472673301733,124.3400331160226,2.409380914251042,9.727832120416119,0.8199077857853653,0.02,0.4570044472309246,1,HUGIN FM,HUGIN SAND
VOLVE_15_9-01,1525.65,97.84214896452622,2.635891419802295,0.15199471820829924,250.56324428222274,74.96568361115737,124.49894203431221,2.835161332258185,8.691806869724967,0.7772005123949388,0.02,0.5454020407790576,1,HUGIN FM,HUGIN SAND
VOLVE_15_9-01,1525.8,96.58850649910445,2.599917493868805,0.11160110996156603,276.91102601908244,74.08656422854204,114.50678736819297,2.9761832324797615,8.958358217685829,0.7837983289566436,0.02,0.5123691760516894,1,HUGIN FM,HUGIN SAND
VOLVE_15_9-01,1525.95,106.17266414213833,2.6036407943876934,0.1383371089736657,378.74791637775905,74.27986780640985,118.40401193452519,2.9738777837537467,8.679106042469346,0.7710490862433756,0.02,0.462461259504021,1,HUGIN FM,HUGIN SAND
VOLVE_15_9-01,1526.1,98.85969679541662,2.6169339931423017,0.13407512637272917,289.8068220214062,74.76607935661055,112.05652176399278,3.501062392735683,8.473064447971879,0.8383207094013387,0.02,0.5181748668499526,1,HUGIN FM,HUGIN SAND
VOLVE_15_9-01,1526.25,106.26114939799082,2.583172858631237,0.13222189832493095,324.9747216776929,71.17061272927084,115.47657567046234,2.9324813059103736,10.190101054854821,0.8182019435745174,0.02,0.48471465200196984,1,HUGIN FM,HUGIN SAND
VOLVE_15_9-01,1526.4,113.57300493174785,2.6345519054712683,0.12051743694956905,211.5981101252759,76.05466871189965,122.8350053118815,3.1980453984123307,9.064608385113752,0.8172575171272471,0.02,0.589089559856919,1,HUGIN FM,HUGIN SAND
VOLVE_15_9-01,1526.55,109.84695831458264,2.5987417222506832,0.13305774629061815,244.7936476340154,74.34013580851246,122.92189878445603,3.36233143730719,8.992449741329484,0.8364275662736758,0.02,0.5415512456329046,1,HUGIN FM,HUGIN SAND
VOLVE_15_9-01,1526.7,108.75479032932974,2.608570179569965,0.15266964399827174,257.35851538543676,72.2348216153134,109.84943392614451,3.134122817157686,8.392528316911793,0.8832893077875639,0.02,0.5618279633820911,1,HUGIN FM,HUGIN SAND
VOLVE_15_9-01,1526.85,90.34469928615641,2.6137344080864047,0.13683525897425308,500.0,74.8433915957106,118.78998864927489,2.865236785743732,9.038521407838399,0.7475267629818216,0.02,0.3543371549929016,1,HUGIN FM,HUGIN SAND
VOLVE_15_9-01,1527.0,91.96109210824939,2.618785736431411,0.12076931299197989,342.87594272138386,72.42345877353416,109.48518223536374,2.7431024828026107,8.85809805416684,0.7765410841175965,0.02,0.4931228912938384,1,HUGIN FM,HUGIN SAND
VOLVE_15_9-01,1527.15,97.050895575471,2.611126934471539,0.13519497624113372,184.15519586133468,74.45427236584175,117.89630235456781,3.149084056542841,9.05190818627039,0.78009109526588,0.02,0.6017628765327158,1,HUGIN FM,HUGIN SAND
VOLVE_15_9-01,1527.3,94.99342876882196,2.6166525790553927,0.15370871878528972,269.52963804579264,73.25367987155677,124.61482817169696,3.3290050447312898,8.516603281406898,0.772930867772542,0.02,0.5618357138335968,1,HUGIN FM,HUGIN SAND
VOLVE_15_9-01,1527.45,94.17247656074693,2.6168074473521914,0.10164776218555158,480.5500929795444,76.1641807599455,120.25892543604289,3.109192619105824,8.77481441575267,0.7660022221635535,0.02,0.40117118735305096,1,HUGIN FM,HUGIN SAND
VOLVE_15_9-01,1527.6,98.34334072181012,2.6090593808474574,0.13825605421105705,285.06032162838113,74.61468008040606,112.55388900742518,3.24668963078723,8.39684187323926,0.7892095578859616,0.02,0.4848915757316087,1,HUGIN FM,HUGIN SAND
VOLVE_15_9-01,1527.75,96.83750116112942,2.6025361108472245,0.11521916839546893,416.2383910296287,70.75021244923124,109.80094359389592,3.518389409547617,8.477418376714873,0.7615656486900828,0.02,0.4322687213110888,1,HUGIN FM,HUGIN SAND
VOLVE_15_9-01,1527.9,104.18366908033295,2.639629478487112,0.12014254183467954,198.73652303662337,75.29550637421696,112.41805103166108,3.167474856878124,10.16445126297505,0.807974835180068,0.02,0.5918975285721639,1,HUGIN FM,HUGIN SAND
VOLVE_15_9-01,1528.05,94.74732382381089,2.5759118859546657,0.14511965908278784,279.95578593246734,75.2206566831293,113.8741862989708,2.7798734268412164,9.41021143853815,0.7993295254855056,0.02,0.5160377717594471,1,HUGIN FM,HUGIN SAND
VOLVE_15_9-01,1528.2,98.73444963670124,2.61388569681981,0.13090392107512222,320.2884273779191,75.94519231524642,124.86724244187127,3.0102121531008907,8.537899945613288,0.8120596696564895,0.02,0.469328122910375,1,HUGIN FM,HUGIN SAND
VOLVE_15_9-01,1528.35,101.40872234366361,2.6086220105623155,0.11756985761915487,282.14388039879384,77.53174545004332,116.81937653325879,3.2740430387042303,9.20741692885402,0.8127061342923791,0.02,0.5096947374647531,1,HUGIN FM,HUGIN SAND
VOLVE_15_9-01,1528.5,101.4860689816649,2.6263758297345294,0.16879644533947538,500.0,72.63015584421191,117.76989230251345,2.9502440418103975,10.431592694442676,0.815405209987171,0.02,0.37850328654272714,1,HUGIN FM,HUGIN SAND
VOLVE_15_9-01,1528.65,108.84724774074658,2.5889141440696197,0.15629409955560417,391.9114109258384,75.89278157073728,121.55716389259253,3.3011411189625917,9.110835318387883,0.7859487284597839,0.02,0.4458615533651064,1,HUGIN FM,HUGIN SAND
VOLVE_15_9-01,1528.8,107.91980766113053,2.608004293175128,0.11044636723730805,239.85251013037416,70.2078798017431,109.6749664373223,2.9866126204023216,10.117765224587009,0.8606165757632763,0.02,0.5244071590202983,1,HUGIN FM,HUGIN SAND
VOLVE_15_9-01,1528.95,93.29702062067929,2.615952805320205,0.11108770535650035,221.30086697147655,73.88688127634065,119.35575994243393,3.066869484189367,10.049320970131193,0.8038417861102781,0.02,0.5479113042557496,1,HUGIN FM,HUGIN SAND
VOLVE_15_9-01,1529.1,97.46274657955863,2.639401472207409,0.14298257264472858,498.9857434518513,72.1611445080244,110.76952366610277,2.92985179193123,8.543528760522193,0.7407562081223663,0.02,0.3897111564068428,1,HUGIN FM,HUGIN SAND
VOLVE_15_9-01,1529.25,100.53410638455455,2.6246436993359086,0.12925903034583164,339.37092331105055,77.84106992808498,128.7499338890712,3.031907268064215,9.522940395409904,0.7663767133772069,0.02,0.4754802486280406,1,HUGIN FM,HUGIN SAND
VOLVE_15_9-01,1529.4,95.05868106379083,2.5943302357826226,0.1616183158423852,239.22120700664436,72.58190344044202,112.63934401184558,3.042489485553908,8.724206874668685,0.7440454863685738,0.02,0.5383979328365133,1,HUGIN FM,HUGIN SAND
VOLVE_15_9-01,1529.55,94.60893165044435,2.6082504656255865,0.15181501484843657,461.40036956616575,75.925737918197,119.54934622608077,2.6782916147166564,9.01838148443345,0.7965885791841091,0.02,0.4311789075365691,1,HUGIN FM,HUGIN SAND
VOLVE_15_9-01,1529.7,109.0509588756039,2.6357210270532136,0.1448219716334535,304.12602899849554,68.72901895223214,107.43967529658589,2.911681341483785,8.86881909314542,0.7922177410424904,0.02,0.5139744640519558,1,HUGIN FM,HUGIN SAND
VOLVE_15_9-01,1529.85,93.90428065945109,2.5939845026815385,0.1168054307330029,275.4845222904131,72.74708404853581,119.84270229969613,2.7533583826293118,8.840255618515531,0.7816178971300776,0.02,0.5027090942943234,1,HUGIN FM,HUGIN SAND
VOLVE_15_9-01,1530.0,109.60416322984311,2.6164271146325526,0.15819770410428433,187.3011502718292,72.74677349196526,119.11705715468892,2.918578278522328,14.213983539680113,0.8557926547132995,0.02,0.60745681243182,1,HUGIN FM,HUGIN SAND
VOLVE_15_9-01,1530.15,103.11403401223357,2.6178175909494743,0.11624332306327576,293.64260887529286,81.83101365765792,117.82111602263366,2.84096724606696,9.080782987175262,0.8117240143885673,0.02,0.4970853946609884,1,HUGIN FM,HUGIN SAND
VOLVE_15_9-01,1530.3,105.6022007350034,2.6102843388015846,0.16862828223112958,285.34264328216307,72.50606193702636,117.28091378063309,3.2023642352471153,9.770303648408229,0.8168226104195214,0.02,0.5016167532071029,1,HUGIN FM,HUGIN SAND
VOLVE_15_9-01,1530.45,39.88865745067156,2.236332135699821,0.3107152966158601,3.6739634970759183,96.07154708146248,144.99151117121207,2.004679987417102,8.472829895814817,0.06688808241931483,0.29223931247259805,0.3280394123840289,0,HUGIN FM,HUGIN SAND
VOLVE_15_9-01,1530.6,33.947292512440356,2.1789596571488388,0.28243777237489004,8.2583055776673,95.7858521066709,151.55075480972764,1.9120588308666955,8.517826569362098,0.06462208580773876,0.2892410710388811,0.21836919233985438,0,HUGIN FM,HUGIN SAND
VOLVE_15_9-01,1530.75,31.27654578821719,2.2489193532775493,0.28671185976696173,5.72244869403928,86.85672286588104,138.42988647667616,1.5464701537570331,8.55235709997752,0.09547228340457743,0.25629746869362885,0.2829725246938303,0,HUGIN FM,HUGIN SAND
VOLVE_15_9-01,1530.9,39.965891640024516,2.171700178841621,0.34908795926352704,5.152933742467952,94.53778173651423,149.5001596307636,1.7803730445572916,9.081683799966497,0.09932558173036535,0.28935862422124553,0.27246142397708406,0,HUGIN FM,HUGIN SAND
VOLVE_15_9-01,1531.05,25.47434408274883,2.219135750517573,0.2772659922507982,5.848767321350797,94.30939193851715,153.39912321212202,1.530561537643975,8.23881156978482,0.03820885613652029,0.27588700582650916,0.27004206620570104,0,HUGIN FM,HUGIN SAND
VOLVE_15_9-01,1531.2,34.20129669451587,2.222977504113211,0.30201928442720144,3.4948846782097878,94.60493189432225,154.96827386131326,1.7705413228097808,8.38474034791323,0.08824743828988973,0.2777739048898921,0.33449455393510885,0,HUGIN FM,HUGIN SAND
VOLVE_15_9-01,1531.35,27.448706667477218,2.2426260388444685,0.25269752261783357,4.9367308188767565,83.48452481474048,129.7079107394883,1.9294842334458542,8.872691831560875,0.09383289165848595,0.24725917526288071,0.32153294175165437,0,HUGIN FM,HUGIN SAND
VOLVE_15_9-01,1531.5,28.07066323245067,2.2595057356571164,0.2580880858803337,8.29346211145748,88.02372706063578,136.78897828453063,1.998420864583021,8.760501712342865,0.08670599335930983,0.24337514252407033,0.2543276825813591,0,HUGIN FM,HUGIN SAND
VOLVE_15_9-01,1531.65,31.764830367758233,2.177339613302398,0.2643526802284371,4.529594500061229,97.87615146564322,156.42199457676656,1.8945689559718089,8.857074451807227,0.06850417911133999,0.2842217445623651,0.2932112138997627,0,HUGIN FM,HUGIN SAND
VOLVE_15_9-01,1531.8,34.10422556180528,2.203237471424987,0.2763800877316435,2.9850527590176132,94.16091277095838,142.93880003070262,2.0516943128028085,9.09720614811544,0.0764609686200097,0.26492153270875934,0.36336037129102905,0,HUGIN FM,HUGIN SAND
VOLVE_15_9-01,1531.95,24.760467925496833,2.2802848348375253,0.2579651851593357,7.480220938149421,93.4739238506942,147.17338828517234,1.8519512773874918,8.405423009245574,0.08707811619949454,0.24403192113279928,0.2505301499199831,0,HUGIN FM,HUGIN SAND
VOLVE_15_9-01,1532.1,36.49628645756604,2.1914875201462434,0.32985132196546735,4.090746535080645,91.77251439288727,153.57641219555643,1.7532879455979407,8.300859546132674,0.09484052229013389,0.2796452880850523,0.30176049570689073,0,HUGIN FM,HUGIN SAND
VOLVE_15_9-01,1532.25,31.3517803835705,2.123668207801414,0.27938545681616445,3.726687419038743,101.43065568453765,154.75754626920667,1.9747321019398825,8.586687589811387,0.10998868701644193,0.29878721601776514,0.2894635722580012,0,HUGIN FM,HUGIN SAND
VOLVE_15_9-01,1532.4,43.177951701164545,2.231513937542875,0.2966023006878369,3.527083089067391,95.71004796129677,151.43548994150777,1.9812952200353349,8.776911267023696,0.12399485918746014,0.2836207409918734,0.30024820696439924,0,HUGIN FM,HUGIN SAND
VOLVE_15_9-01,1532.55,31.073765561076446,2.199765386522961,0.30950160893390694,9.907960287550312,98.15379785343579,154.08457250084672,1.6951656603352572,8.925741619093234,0.082458817949463,0.27137044188486675,0.20947976427236886,0,HUGIN FM,HUGIN SAND
VOLVE_15_9-01,1532.7,26.727337244522822,2.202040028416986,0.28365796600119925,3.1219618005457765,94.02184864440666,160.46129723798947,1.8757964517140138,8.977236944307109,0.0773205114976079,0.2768953191925332,0.3600842961648926,0,HUGIN FM,HUGIN SAND
VOLVE_15_9-01,1532.85,35.244460698391585,2.231441830492688,0.29426036382514675,4.870990573052126,89.09621781771342,139.86464247499322,1.7411373251326745,8.656678128341147,0.10384671482731918,0.2821101872607488,0.2588614194037866,0,HUGIN FM,HUGIN SAND
VOLVE_15_9-01,1533.0,30.750090924520364,2.1925344852176702,0.28379151521646273,2.952635035156877,98.15601383756253,154.65056771330757,1.398281039559919,8.712606587996982,0.10875016768330514,0.28414417056161045,0.35042864881266816,0,HUGIN FM,HUGIN SAND
VOLVE_15_9-01,1533.15,38.669467037049834,2.2121075496578597,0.2645543473782445,5.964626111505144,91.97559314286542,142.007124389576,1.8880212984226639,8.399612652171907,0.07710254031457062,0.2716410739363141,0.2586369316919957,0,HUGIN FM,HUGIN SAND
VOLVE_15_9-01,1533.3,35.78895844014051,2.1992573956723347,0.2468759010193644,5.929382305918537,92.2014350048062,147.5689050255262,1.5410955636418968,8.101204870427765,0.1135400779207896,0.266361964647909,0.2694367907814489,0,HUGIN FM,HUGIN SAND
VOLVE_15_9-01,1533.45,35.5382161629526,2.1873314804829858,0.27398483420267317,2.8103656957778043,89.39471799477366,144.3823840667563,1.8656448418667522,8.710622575239823,0.11891157135177934,0.26873240345278937,0.36305463392880716,0,HUGIN FM,HUGIN SAND
VOLVE_15_9-01,1533.6,40.11581216593327,2.214993727858558,0.2692069492123043,2.829014926274832,98.94410505425452,153.8814688487093,1.4929387395677587,8.319588357909145,0.12796639022398137,0.2697990917809496,0.3548841472410906,0,HUGIN FM,HUGIN SAND
VOLVE_15_9-01,1533.75,33.48932507336765,2.2489492766115116,0.2788905940237814,4.732271921148675,90.84987076272574,150.30340722397102,1.6560665845958518,8.798979041076501,0.14225328704599075,0.2551918242937413,0.31998428106199633,0,HUGIN FM,HUGIN SAND
VOLVE_15_9-01,1533.9,24.500770872773607,2.20928473323508,0.2729020176234185,3.105957852345563,98.75903589921177,159.3697753601814,1.7132802396528635,8.15108013977243,0.06259514894122294,0.27926610933070967,0.3237860721726829,0,HUGIN FM,HUGIN SAND
VOLVE_15_9-01,1534.05,35.466803818319804,2.1701045883323573,0.29762975317140694,4.350493685315497,95.21813337633611,156.6085097459637,2.0403449540622693,8.464001164652364,0.08868469390643811,0.2939188687864113,0.27920276915911135,0,HUGIN FM,HUGIN SAND
VOLVE_15_9-01,1534.2,27.88847125917851,2.184061737222963,0.2956628838124724,3.9743350750963615,93.39294072282351,147.78802751731803,1.6932969880028146,8.580644598784273,0.08828236630760582,0.29146463672748474,0.2931663285063372,0,HUGIN FM,HUGIN SAND
VOLVE_15_9-01,1534.35,27.544009798807398,2.162785355110707,0.2932818727329611,5.550066898984664,98.73820171061095,159.19704439143422,1.5850058092782586,8.666731525374184,0.08467432176373352,0.2815440281142085,0.2594960769059291,0,HUGIN FM,HUGIN SAND
VOLVE_15_9-01,1534.5,35.625480593054974,2.1708719688390894,0.30480776805924553,2.981083133837599,97.38129202918401,154.744584772324,1.8728690163987187,8.543380042112597,0.06780737302053193,0.30520710723426253,0.33279545937117255,0,HUGIN FM,HUGIN SAND
VOLVE_15_9-01,1534.65,31.651743911493615,2.2032643074274847,0.2663491696896111,7.305983425379624,93.70080740653461,157.20969959791114,1.7566052822532292,8.888383579181735,0.042383403806041206,0.28122738091744753,0.2453693545834448,0,HUGIN FM,HUGIN SAND
VOLVE_15_9-01,1534.8,27.223088068061813,2.2138869800733576,0.3123655208477511,2.1006562605857098,93.12468800809513,149.58082149980754,1.958112112129868,9.109693961959868,0.08939195558238278,0.29724139863143695,0.3684754039216075,0,HUGIN FM,HUGIN SAND
VOLVE_15_9-01,1534.95,27.91008199604915,2.1879724145144204,0.31969318327217794,5.337688259928796,93.95440925158081,150.37082454410432,1.597624010167093,8.43066017967166,0.06321854958690351,0.2888607365088502,0.27064885646007986,0,HUGIN FM,HUGIN SAND
VOLVE_15_9-01,1535.1,28.889131407477503,2.115664809724019,0.33802090754786024,2.484432695765835,101.56666130966907,160.21544810036596,1.8421707764279558,8.991124499794012,0.08850304407588527,0.32217612702066195,0.29512634142358224,0,HUGIN FM,HUGIN SAND
VOLVE_15_9-01,1535.25,39.74807082211768,2.227832443225935,0.26028712925119446,4.696380156049977,87.97746853482032,138.1841315033517,2.2939133593454373,9.152329551802072,0.06175236138857665,0.26322068380768043,0.3240871094492897,0,HUGIN FM,HUGIN SAND
VOLVE_15_9-01,1535.4,34.491976989604986,2.2056918851220075,0.27896676438365153,3.937624937217902,91.45229509460417,147.5122825254858,1.7521442081931313,8.595526886349798,0.052230787913178346,0.2735950742985473,0.28456245743343267,0,HUGIN FM,HUGIN SAND
VOLVE_15_9-01,1535.55,31.625595353782508,2.2134327635451907,0.2510596413954005,6.124228568958515,93.22801498997245,153.2627612808195,1.8373460819401257,8.744561433036749,0.09189283772430394,0.27828837114388566,0.28044743560302565,0,HUGIN FM,HUGIN SAND
VOLVE_15_9-01,1535.7,36.33895597001141,2.2044706222361614,0.2893586661304928,4.31838675358605,94.69868389895699,148.09510374878076,1.4677919483924757,8.547431284114516,0.08903139498204159,0.27879201187396385,0.29305824610418896,0,HUGIN FM,HUGIN SAND
VOLVE_15_9-01,1535.85,27.86333799278107,2.1475098923512372,0.30552768917093304,3.233644960993523,101.79303364120001,163.5017502118007,1.6294041424015693,8.40382404319524,0.1015186202361602,0.29830698351731844,0.34307150374872725,0,HUGIN FM,HUGIN SAND
VOLVE_15_9-01,1536.0,35.824931085960735,2.225850557016847,0.24837976440492773,7.102078194979608,90.24744457818579,145.31675878019286,1.891944140408554,8.492196211371056,0.1493490720200863,0.24464661076204502,0.27966211049919065,0,HUGIN FM,HUGIN SAND
VOLVE_15_9-01,1536.15,34.23785556238865,2.1984587033576193,0.2842159157288338,4.205601921190403,93.37713232664782,151.19522930451458,1.734020451499556,8.79056752921027,0.09172146560714974,0.2854996629344007,0.28927958931848174,0,HUGIN FM,HUGIN SAND
VOLVE_15_9-01,1536.3,36.53139748793855,2.2175517394989366,0.29400163150711955,3.939235162941356,104.08121628355842,157.9924640443899,1.922886592120156,8.713320714926766,0.09758151307588404,0.2875690945765299,0.297938790289639,0,HUGIN FM,HUGIN SAND
VOLVE_15_9-01,1536.45,29.29359815512915,2.1798398399607164,0.3222398937522177,2.9649802174410533,94.56834802847062,146.68569334699805,1.8849877371593187,8.463352220030163,0.05032519771259338,0.29484194857519885,0.32655181909016084,0,HUGIN FM,HUGIN SAND
VOLVE_15_9-01,1536.6,30.388197590130748,2.2313578115622237,0.3002084720383089,5.7320035861587915,92.08896360763629,140.51311917160857,1.536394112824448,8.341268446788593,0.043664526700627544,0.2718175846976129,0.27640708931661634,0,HUGIN FM,HUGIN SAND
VOLVE_15_9-01,1536.75,37.682128558208525,2.2197004320762215,0.2824408089252392,2.2916109078782796,94.60716873734295,151.53589211300746,2.0030612565249637,8.471808278830524,0.1293731185099252,0.28159734437990663,0.3976018902776637,0,HUGIN FM,HUGIN SAND
VOLVE_15_9-01,1536.9,29.29284110955896,2.1728501486114906,0.2992615784406532,3.953731577246282,96.00303507660564,149.09998927311747,1.5514630113155201,8.476880427088457,0.05379713810179525,0.30155355519025184,0.27676221254478384,0,HUGIN FM,HUGIN SAND
VOLVE_15_9-01,1537.05,28.24964082312661,2.1644822892953584,0.2908846297896478,4.9826649969549575,95.88033301803581,150.92732723672358,1.6470156188385146,8.72107700217261,0.049793355621906094,0.2932674255921334,0.2715788247663078,0,HUGIN FM,HUGIN SAND
VOLVE_15_9-01,1537.2,30.425521435721024,2.2085126938711896,0.30649368949264677,4.371316746158215,97.015821809898,149.2539122762826,1.8458969831068426,8.33395609614907,0.07954574525378888,0.27837091739357595,0.2839121174952501,0,HUGIN FM,HUGIN SAND
VOLVE_15_9-01,1537.35,33.5332934010644,2.2273692056135213,0.29378532420432685,7.275174530470515,95.54186103297724,150.85079496692458,2.113404601601316,8.772219975866983,0.07761690376759434,0.27923265758655536,0.2261279996973777,0,HUGIN FM,HUGIN SAND
VOLVE_15_9-01,1537.5,32.0746770871277,2.2093239627599446,0.2918292141996392,7.033309436649597,97.44141664219921,150.28574862142491,1.599224729574502,8.547585583266192,0.05284841201189909,0.2820461551450335,0.23276818126563545,0,HUGIN FM,HUGIN SAND
VOLVE_15_9-01,1537.65,32.6771690243029,2.2049067923489796,0.3088174262373148,4.893060795306348,98.42563193993563,161.27055331406174,1.8295368906839105,8.662238616333742,0.0703723493443024,0.2875363215672456,0.2634033603163361,0,HUGIN FM,HUGIN SAND
VOLVE_15_9-01,1537.8,30.1268061305369,2.2172972449425554,0.2701287963223926,3.133479205691986,93.77737448124408,152.43993901896843,1.8312040937660683,8.850503016405481,0.11599780400570733,0.2646573938897551,0.36049083364421863,0,HUGIN FM,HUGIN SAND
VOLVE_15_9-01,1537.95,25.185596663797646,2.214183976492439,0.30531264405540415,5.90407668741645,93.74523351808364,150.7435200363056,1.9314719955544877,8.677660233103278,0.054528799152774574,0.2698555926954068,0.2836773367777319,0,HUGIN FM,HUGIN SAND
VOLVE_15_9-01,1538.1,30.46073454392811,2.212076220842172,0.27765652298770127,6.061168694730489,95.89710189205115,151.92565337887902,2.0368061099358177,8.238742142702435,0.036487636991450245,0.2722182705873878,0.2557640816166497,0,HUGIN FM,HUGIN SAND
VOLVE_15_9-01,1538.25,42.443755980528024,2.23982994276786,0.25452061098902384,3.3691171317969073,88.42750396449725,131.29557251168197,1.7191849471996121,8.310982784761935,0.10616199449656462,0.25571456073837745,0.36230033562929914,0,HUGIN FM,HUGIN SAND
VOLVE_15_9-01,1538.4,34.52456182984601,2.2342329433472883,0.28369658635906686,2.790791734300889,101.47896141961107,160.07530514390348,2.00236984825259,8.45426573080354,0.09223667917949718,0.2744538893580991,0.37442986039846227,0,HUGIN FM,HUGIN SAND
VOLVE_15_9-01,1538.55,28.492797915557052,2.153765636324862,0.3142103300368,3.2544977910098205,92.61861421638498,144.3825000277791,2.0660643437652757,8.720045503497659,0.058433052399389715,0.2808068056927341,0.34957403876520493,0,HUGIN FM,HUGIN SAND
VOLVE_15_9-01,1538.7,28.89206709214135,2.181539100978091,0.2890412082103865,5.6444506969398915,94.16850699108399,151.905982272062,2.1567918357743148,8.77361206013732,0.029161734893973404,0.29316979069596594,0.23544402060643416,0,HUGIN FM,HUGIN SAND
VOLVE_15_9-01,1538.85,24.43292694459754,2.184430327761856,0.31705802389223176,5.467243568983483,91.65487735423216,149.7463396107933,1.9003846599443242,8.537066261496788,0.053863516391207164,0.28998734045265406,0.2608216239076793,0,HUGIN FM,HUGIN SAND
VOLVE_15_9-01,1539.0,38.587439653813846,2.195483257546084,0.26554237423305455,2.9523018020223715,89.0712744545624,144.13720243976528,1.8314873820705269,8.899882755904747,0.07413393548559508,0.2669291997656457,0.38242698416141446,0,HUGIN FM,HUGIN SAND
VOLVE_15_9-01,1539.15,36.412943726887256,2.2035739105860612,0.28864744795184627,3.0102422549455805,98.99810069100336,164.7121526512383,1.7050831052770261,8.439481013084606,0.11031550530891698,0.2874133960910548,0.31472663619267627,0,HUGIN FM,HUGIN SAND
VOLVE_15_9-01,1539.3,25.815198107024983,2.1854208684380163,0.3010699964699894,6.1591521741155075,100.74120388481171,158.3443550437733,1.5082026535700785,8.409778025184226,0.04381562287450237,0.2813057048269282,0.26941333361754677,0,HUGIN FM,HUGIN SAND
VOLVE_15_9-01,1539.45,31.000582389654262,2.210341428004553,0.26363565825172297,4.393588976098952,91.3253482127567,143.0716777338075,1.7444092934683004,8.52313524581548,0.07194273389598564,0.27032369938024,0.3272252182353376,0,HUGIN FM,HUGIN SAND
VOLVE_15_9-01,1539.6,31.322888541578482,2.2433021797522983,0.30789103708691495,2.9556919105881505,95.44686318079032,157.9043722337774,1.8224675472453016,8.56223417183702,0.09429547054627962,0.2772959115017391,0.3484535945317895,0,HUGIN FM,HUGIN SAND
VOLVE_15_9-01,1539.75,31.763883035863635,2.2380525022967404,0.2774489026933679,6.234964181891429,92.26103279163723,148.44873443931024,1.7781015395134188,8.732378094426279,0.002163506860836495,0.27009185668377544,0.2419515735118377,0,HUGIN FM,HUGIN SAND
VOLVE_15_9-01,1539.9,33.88524863980968,2.2533019395962754,0.2532714680449927,4.836958070646233,94.64236614757816,150.19279213341397,1.9195435985629656,8.0,0.10417314828468398,0.2551173744916419,0.3121739424164018,0,HUGIN FM,HUGIN SAND
VOLVE_15_9-01,1540.05,29.314796531483587,2.174881704343957,0.30586605653699345,2.6339125254830655,103.17908302354758,174.31913856215004,1.5091653451186946,8.401125796922065,0.03724176632532234,0.3017086464680818,0.3275255333584496,0,HUGIN FM,HUGIN SAND
VOLVE_15_9-01,1540.2,35.6803490011826,2.250911354396962,0.24873070696476138,9.936661390300872,94.73164127460859,154.45927877628716,1.763605145942039,8.74153252774138,0.08222859703080149,0.2473719032213319,0.23675422181124783,0,HUGIN FM,HUGIN SAND
VOLVE_15_9-01,1540.35,28.822109597828533,2.2243315480262895,0.3098975967235255,3.8903819497525025,95.22160340212712,151.40184457373297,2.198953901826062,8.456740530529403,0.0792204485963289,0.291034998300695,0.29455840745020556,0,HUGIN FM,HUGIN SAND
VOLVE_15_9-01,1540.5,35.839672977458434,2.202895693832559,0.342809239510103,6.891138161825258,97.80831740305281,153.063583776648,1.9991197519004449,8.719659991177608,0.10390658575560685,0.2894672867476536,0.2457024930741463,0,HUGIN FM,HUGIN SAND
VOLVE_15_9-01,1540.65,34.679322550726994,2.209199436129542,0.27183343070581034,6.349486953278972,94.66153172645028,158.09101412023978,1.9232380258425443,9.031839344278644,0.08744362846058888,0.2661309784944705,0.24737906369183618,0,HUGIN FM,HUGIN SAND
VOLVE_15_9-01,1540.8,17.229605894896896,2.138452731186907,0.31289129000763244,5.533449562386255,95.78553267131386,154.29183737855053,1.878136475004498,8.516076929407152,0.0,0.3022157645304623,0.24224499612598477,0,HUGIN FM,HUGIN SAND
VOLVE_15_9-01,1540.95,30.677191608057456,2.1803471234695677,0.3080763501594776,3.9354643292004297,93.27396633013618,149.36093072591004,1.7269136285202666,8.744616005168085,0.04646009646494109,0.3006185228563861,0.30826900583345584,0,HUGIN FM,HUGIN SAND
VOLVE_15_9-01,1541.1,31.771776993708826,2.2191354769429044,0.2801266757722959,5.260419649750741,90.43450623291311,148.07659210993643,1.4491859496486574,9.051722135927195,0.0736903928255213,0.2685919627872041,0.27655598641574963,0,HUGIN FM,HUGIN SAND
VOLVE_15_9-01,1541.25,31.657028497387167,2.1547378244720954,0.29785807815633636,5.475747878725125,99.14802821768625,163.03728443256787,1.8914257180824,8.615422921899368,0.06323365301902298,0.2916771326181134,0.2571741896572866,0,HUGIN FM,HUGIN SAND
VOLVE_15_9-01,1541.4,33.05823458452861,2.2383996158360957,0.257901459326397,5.4270822617057926,95.9709996824522,156.30294941437802,1.3103143367420662,8.592579441765263,0.08294827386395559,0.26260756717383477,0.2981622103254347,0,HUGIN FM,HUGIN SAND
VOLVE_15_9-01,1541.55,35.02026832262888,2.2241840200097585,0.283250345330201,7.064062361725842,91.79409944275436,151.2904369865667,1.7348888274774448,8.694317356780894,0.09183598903029973,0.262772147990007,0.24097766029576845,0,HUGIN FM,HUGIN SAND
VOLVE_15_9-01,1541.7,39.851184217385786,2.245187513665773,0.2667575459332896,3.843110651700783,92.66409049232524,150.51941658223382,1.7992681620995339,8.913867423370162,0.08594176935794738,0.25964111552798524,0.3180726916990798,0,HUGIN FM,HUGIN SAND
VOLVE_15_9-01,1541.85,24.877648322771606,2.2040480707751806,0.27526442053594163,2.6530506771667635,98.25388804349238,159.98067378673895,1.7105619129185972,8.535398498923417,0.060791425086285815,0.2842417084477733,0.34573176562380126,0,HUGIN FM,HUGIN SAND
VOLVE_15_9-01,1542.0,24.368371554045076,2.1398732252183925,0.3332132937902996,4.480935914141899,92.1630415122728,143.80267714541932,2.2342766120270463,8.409478483891952,0.01135929717418082,0.3112259339692065,0.2704475871028537,0,HUGIN FM,HUGIN SAND
VOLVE_15_9-01,1542.15,33.33133092453633,2.2168290987854355,0.28851451965748703,5.241034355665445,92.41196006341119,156.9109055095457,2.1648685570200126,8.88847548788067,0.05261302926023321,0.2786423728144052,0.2767264591130596,0,HUGIN FM,HUGIN SAND
VOLVE_15_9-01,1542.3,34.8426488908666,2.2327561754653797,0.2617358390525897,5.2163305573763505,97.10241550050874,149.19548150586047,2.006562346735353,8.618129210260875,0.07829494265502149,0.2545535768012013,0.3133105004572849,0,HUGIN FM,HUGIN SAND
VOLVE_15_9-01,1542.45,30.395484282263283,2.207730436002565,0.3027008861399598,12.312951378673045,93.2297249036284,150.71444791829282,1.6149346467855246,8.760000221942441,0.032615331742661686,0.2710074540836346,0.17958612858122133,0,HUGIN FM,HUGIN SAND
VOLVE_15_9-01,1542.6,46.72796547792066,2.19497784341552,0.25358237099222125,3.1885702218669087,90.86584121548762,138.70151065388717,2.184283065393091,8.578099323067631,0.08379030946898919,0.27773545528253285,0.3232779656705901,0,HUGIN FM,HUGIN SAND
VOLVE_15_9-01,1542.75,36.775119076422435,2.1973434239611214,0.3362478113767313,1.2615985256467137,97.34020751106972,155.2536883235318,1.9237938277647402,9.0243893513715,0.09162569953514638,0.2970475403718776,0.4539570000477871,0,HUGIN FM,HUGIN SAND
VOLVE_15_9-01,1542.9,37.086218011347036,2.1925672955253197,0.2749395723002267,5.933003556396916,97.61714899543931,153.33097020336248,1.6116040680493977,8.364475805394735,0.06770030557970436,0.2823882854459954,0.2856262806181753,0,HUGIN FM,HUGIN SAND
VOLVE_15_9-01,1543.05,23.464639705737458,2.2119974917788237,0.2951377581835986,5.290385820622084,86.69650002528523,139.3931793971763,1.8065433822592485,8.329803919593479,0.0,0.2909071073952882,0.2655687483141834,0,HUGIN FM,HUGIN SAND
VOLVE_15_9-01,1543.2,22.371328207675212,2.204479403423229,0.2926709061456585,3.3633713004807406,96.66993893760593,156.38069070695772,1.9917149707076267,8.716760292395321,0.024588316601701292,0.3007439337378175,0.31615684498549457,0,HUGIN FM,HUGIN SAND
VOLVE_15_9-01,1543.35,34.73654919241417,2.223639275321826,0.25663639501768054,3.068873188419195,91.10515202373861,140.98657472300883,1.6802242318715384,8.441036918736325,0.1190330140903404,0.25724146371317796,0.38965153763700017,0,HUGIN FM,HUGIN SAND
VOLVE_15_9-01,1543.5,32.88860246035256,2.14819622637148,0.310227597503959,2.9973212318104285,88.48017370481523,141.4212056529465,1.8281065109345584,8.53818704992493,0.04556633266984779,0.2771149170841131,0.3341682920226611,0,HUGIN FM,HUGIN SAND
VOLVE_15_9-01,1543.65,27.219588836579216,2.220632750522016,0.31882804666111547,12.860193283705799,93.35317895718799,156.3334574437822,1.863295275436032,8.810506416790082,0.0019521006571930552,0.2814109002146308,0.16463028626798043,0,HUGIN FM,HUGIN SAND
VOLVE_15_9-01,1543.8,36.330684067747995,2.18236125031833,0.29828204716010515,3.9121199485361644,95.49943392277456,146.237768788932,1.5798291596920002,8.35068671772703,0.09804660226056415,0.28799956983404207,0.32948392256130654,0,HUGIN FM,HUGIN SAND
VOLVE_15_9-01,1543.95,29.713923673355584,2.2489311133445393,0.25568544794572723,3.1682675779680762,88.66449655098518,137.59292563576597,1.7459814304484198,8.588860200740122,0.060901532708855,0.2398407239955131,0.4188419670747403,0,HUGIN FM,HUGIN SAND
VOLVE_15_9-01,1544.1,31.981159726893075,2.19001627800664,0.2952446320379109,3.2201863653901732,93.71588088154033,154.2491826500412,1.5949074849913623,8.796223109528146,0.09315971390482058,0.28013084991893783,0.3311199665094194,0,HUGIN FM,HUGIN SAND
VOLVE_15_9-01,1544.25,30.544553577873682,2.211757481148838,0.3135010221556526,6.612908528911854,89.66622479886945,143.85373374442324,1.9737336031413437,8.566046863642413,0.06782989262463233,0.26871640151490067,0.23474387212380224,0,HUGIN FM,HUGIN SAND
VOLVE_15_9-01,1544.4,35.53710306152832,2.2472395062480754,0.2365952014017153,4.173750353991167,88.36134291634818,142.13392331527993,1.618388914884557,8.363760585441756,0.07278658748107641,0.26794022222862457,0.30812745746525366,0,HUGIN FM,HUGIN SAND
VOLVE_15_9-01,1544.55,35.799284684356415,2.172563751080264,0.31835319522355715,6.134615619501855,94.91942645660755,156.98259407403373,1.8583607408262781,8.490425377267043,0.06942786887899292,0.30039654606630384,0.2290689980966445,0,HUGIN FM,HUGIN SAND
VOLVE_15_9-01,1544.7,27.470862436714114,2.257519264744512,0.25864829089405345,4.1362462015144486,94.54675620622098,147.3044664209621,1.5219688363212804,8.49286478739132,0.07896916510600263,0.2613454424110317,0.3576809339952438,0,HUGIN FM,HUGIN SAND
VOLVE_15_9-01,1544.85,40.76969995795229,2.263576963337646,0.21945390133467874,6.966832955170632,91.78358380796138,144.25705794225024,1.573312623371738,8.594156642512088,0.12587354906100046,0.24769214940495227,0.26239293531690383,0,HUGIN FM,HUGIN SAND
VOLVE_15_9-01,1545.0,29.934081941986904,2.2154158763858947,0.2734670198331154,4.040037113840696,92.76078786475516,145.20405125127405,1.5636237581658636,8.547176923500079,0.08618619048176901,0.2677496932094348,0.30206803887913186,0,HUGIN FM,HUGIN SAND
VOLVE_15_9-01,1545.15,28.21390386605884,2.1639058673291975,0.3372629157081682,6.176649256742576,92.470775766093,146.212225989071,1.742084969223984,8.416543474939399,0.009150480072142857,0.2989293678791357,0.2324311439220505,0,HUGIN FM,HUGIN SAND
VOLVE_15_9-01,1545.3,30.63929956762794,2.2325856484732567,0.26520277151206123,6.0548014853160135,91.53273992396136,153.14999430307657,1.8360763239940923,8.598865667570488,0.06946450820989875,0.26790407908858443,0.2661669495855701,0,HUGIN FM,HUGIN SAND
VOLVE_15_9-01,1545.45,41.36112858155066,2.2748513251830635,0.27401042463015063,3.1226271207358933,92.1782751486073,138.9798397601491,1.8729510590383263,9.001682761695708,0.08981248247742886,0.24472324212724408,0.37397627703625347,0,HUGIN FM,HUGIN SAND
VOLVE_15_9-01,1545.6,31.569059588726176,2.2621813506791093,0.2924927968648722,5.153587635211713,92.85940610466994,142.60395571292153,1.445552973657941,8.566742688064979,0.09115192351191478,0.25484656439681763,0.30531843529825925,0,HUGIN FM,HUGIN SAND
VOLVE_15_9-01,1545.75,29.861692053359562,2.1619420508557745,0.3077793131635311,5.570477713377689,95.18979778394187,145.47526111784111,1.7662721231940666,8.827653979595226,0.04177508261984888,0.30176698682294417,0.2574474010996687,0,HUGIN FM,HUGIN SAND
VOLVE_15_9-01,1545.9,36.490192677444554,2.2224718536143797,0.28515779320584295,7.131342294629245,85.41051685139489,143.66529671566167,1.6498855780579795,8.913895834769065,0.089023440943657,0.26939516469606856,0.242395633738761,0,HUGIN FM,HUGIN SAND
VOLVE_15_9-01,1546.05,28.364046266025547,2.218121770004139,0.25510976786381917,8.641193285819634,92.11309130861129,144.30894642027926,1.9068356985540516,8.393729238944148,0.08140884754357848,0.2772243988631046,0.2038625799431017,0,HUGIN FM,HUGIN SAND
VOLVE_15_9-01,1546.2,37.00976957602108,2.2394681798661944,0.2569975288430528,7.191677626040912,90.26998773216208,142.79861214103434,1.7464727337841477,8.706213852455923,0.1302532089805874,0.25178282475941766,0.2496119310180419,0,HUGIN FM,HUGIN SAND
VOLVE_15_9-01,1546.35,26.524527028469127,2.1860809760721414,0.2984145574688476,3.9722550029650714,90.19456329111347,136.23813037617688,1.7838337988763027,8.453769774898266,0.0300784363324717,0.2757626395323769,0.28779649297196036,0,HUGIN FM,HUGIN SAND
VOLVE_15_9-01,1546.5,25.932349086787053,2.139982134637024,0.31542491183327237,2.795658992821997,96.20676376583805,152.6188918445113,1.6510102122993882,8.235573923759256,0.03685701582965177,0.30868277751808326,0.3333187931850287,0,HUGIN FM,HUGIN SAND
VOLVE_15_9-01,1546.65,26.82898584704606,2.1988887185866504,0.2926378064505709,5.970435131386033,96.03493600212053,157.9885062076027,2.1449295419181,8.6509455025815,0.04239579846802377,0.2789316078514937,0.25802616491929714,0,HUGIN FM,HUGIN SAND
VOLVE_15_9-01,1546.8,34.01549699777243,2.220353130971713,0.2849259666193655,2.7070637053902273,93.06928712495485,150.1756446412926,1.5432841153533596,8.307458761209677,0.036372884285141675,0.27680688238293316,0.3628390453214932,0,HUGIN FM,HUGIN SAND
VOLVE_15_9-01,1546.95,24.275751060568805,2.1895107586471947,0.35096492300666826,6.487862465270188,99.46965785890346,158.6121323177524,1.720053201922221,8.596914369318577,0.023878997203899695,0.3035429945401547,0.24476367804975863,0,HUGIN FM,HUGIN SAND
VOLVE_15_9-01,1547.1,27.83203941335803,2.169561275361375,0.274713216166186,5.890475362138691,88.79858605052318,134.2533100535784,1.8215196906545936,8.188824383371756,0.0,0.283323612789958,0.261649413856006,0,HUGIN FM,HUGIN SAND
VOLVE_15_9-01,1547.25,30.044147085050835,2.1993808188953055,0.31175917438902784,6.1577292280595755,91.91729932596144,145.42791848499846,1.749727907556954,8.570409404087723,0.03653865341994855,0.27417017551630934,0.23060776000912198,0,HUGIN FM,HUGIN SAND
VOLVE_15_9-01,1547.4,23.730339933336815,2.2011609467112967,0.2877452555029352,2.7805852223379817,87.73896766315377,141.11692208067547,1.6472128034586255,8.388202876204426,0.060160426444344134,0.27605112709214896,0.34128621466169606,0,HUGIN FM,HUGIN SAND
VOLVE_15_9-01,1547.55,30.80524818449326,2.211963549515181,0.3226581991995575,2.2229972179627926,92.77078116229114,143.4741255744993,1.4376632927177186,8.75596492869509,0.03378316834064265,0.28370674445684513,0.3887854812044212,0,HUGIN FM,HUGIN SAND
VOLVE_15_9-01,1547.7,28.015880277869613,2.2141887304109438,0.2572023310577326,10.377036915184686,89.96757679012653,147.22257865409185,1.6616982098216484,8.663307771198134,0.10614154028061139,0.2657806618008039,0.21760161403737355,0,HUGIN FM,HUGIN SAND
VOLVE_15_9-01,1547.85,32.69873510106607,2.1444453975216025,0.3214902943467305,4.6104836954796555,101.76849185489395,167.2549297010557,1.6081230316997606,8.416363191952902,0.04798185221305546,0.3105999723621549,0.2710114522321817,0,HUGIN FM,HUGIN SAND
VOLVE_15_9-01,1548.0,30.616197410339545,2.1852652077192913,0.27780742695521743,3.5557534416743968,94.86542592501561,149.14143793675453,2.135844918542607,8.790619982222278,0.08581216448414507,0.27280933796106505,0.3629826416977453,0,HUGIN FM,HUGIN SAND
VOLVE_15_9-01,1548.15,30.212202913487666,2.2734281581908653,0.2523531761087526,10.834286375635921,91.85988573777601,150.60497814930014,2.252939185719611,8.453151936170116,0.054424912075846356,0.24139999258037487,0.2180551975514739,0,HUGIN FM,HUGIN SAND
VOLVE_15_9-01,1548.3,25.261807676077495,2.2037028058796153,0.31199716328959415,3.6539113037153146,92.59806130533289,147.6082001011125,1.7898416644008794,8.553212441168242,0.07087586762325465,0.2769182578927834,0.32374695563553063,0,HUGIN FM,HUGIN SAND
VOLVE_15_9-01,1548.45,30.738361962867334,2.1928335722558847,0.29322404179131734,2.7586364868619224,90.573484575605,150.65326522886204,1.5190486919401756,8.488667738113163,0.053962635208876335,0.27755345440282697,0.35148740057304145,0,HUGIN FM,HUGIN SAND
VOLVE_15_9-01,1548.6,37.819107470489016,2.216222163325139,0.3051975528067783,4.6798758306193395,89.82860875598591,153.89652730986788,1.9476088211424745,8.781045243685131,0.08615110926985176,0.26786723261576173,0.30405677349879734,0,HUGIN FM,HUGIN SAND
VOLVE_15_9-01,1548.75,25.360673118746224,2.2201310574705526,0.2762913745561865,3.6889460527992752,94.96954995401047,146.48295251675052,1.6037847017364204,8.792662715989593,0.0462684237774666,0.28275553285504545,0.3157686806802466,0,HUGIN FM,HUGIN SAND
VOLVE_15_9-01,1548.9,27.56698702184682,2.1903680865427577,0.267098732173515,2.6855025676761373,98.78365880237163,161.90127610152794,1.6901657892810669,8.813689244809597,0.058977078448072394,0.27470885955677843,0.3801882428408021,0,HUGIN FM,HUGIN SAND
VOLVE_15_9-01,1549.05,32.45889384847478,2.192284589257696,0.28406157525731796,3.043871270041766,94.615001946392,157.90882594504083,1.6742300877633423,8.413215110309757,0.05458724979618248,0.27555138632514525,0.38832250264391205,0,HUGIN FM,HUGIN SAND
VOLVE_15_9-01,1549.2,30.671140193033494,2.2087085163434024,0.2958552607447651,4.389126493732211,93.97471410929526,145.50614087311325,1.6998988679592082,8.759957707545285,0.034453142892618936,0.29146033287869394,0.28183758221606153,0,HUGIN FM,HUGIN SAND
VOLVE_15_9-01,1549.35,18.03095304132231,2.222834426900067,0.27242192779283864,6.768277075474462,91.79689040195288,143.99942130203132,1.7290559497018498,8.338096567117383,0.05475631087752469,0.2679256685376938,0.2644830007982957,0,HUGIN FM,HUGIN SAND
VOLVE_15_9-01,1549.5,45.44574057339683,2.270742846941248,0.2426066577590204,6.126474515216576,90.3509059155476,141.62956397373017,1.537299610134147,8.381833435314949,0.10914430267876803,0.24540764687061895,0.26149428524994556,0,HUGIN FM,HUGIN SAND
VOLVE_15_9-01,1549.65,30.82597704255958,2.133951075111579,0.3565516291876109,3.185235126576742,105.97833274543264,168.90142620001163,1.659597267668048,8.479264545934814,0.03350746973492552,0.32755247693033435,0.3337254484419133,0,HUGIN FM,HUGIN SAND
VOLVE_15_9-01,1549.8,33.587121738902496,2.2248485711176706,0.2660778409666449,8.292926763328497,95.68965002160456,151.3216125034642,2.003988849572687,8.757935090256863,0.053710825543554594,0.26527796114778146,0.22242446977351793,0,HUGIN FM,HUGIN SAND
VOLVE_15_9-01,1549.95,31.727318124839023,2.211032392498852,0.3102778734454548,5.391324868020148,93.89238531522773,149.23639356408896,1.793288611925169,8.282125166258192,0.078368635348938,0.2700010156988605,0.2858568887051213,0,HUGIN FM,HUGIN SAND
VOLVE_15_9-01,1550.1,22.78669048649032,2.2711933707872753,0.25855631431032094,5.831567803802436,90.3105802740068,148.68687007980174,1.8250627682977543,8.73449503624441,0.07435218978159519,0.24714861853900055,0.3024901454822018,0,HUGIN FM,HUGIN SAND
VOLVE_15_9-01,1550.25,32.17421773130274,2.222825395140576,0.30048287284324665,5.240373665683293,94.78021829056088,142.16929065546663,1.3535503739297408,8.505292206427832,0.040006393947910966,0.28151333513477916,0.2619767925484356,0,HUGIN FM,HUGIN SAND
VOLVE_15_9-01,1550.4,22.17405985884557,2.227446599372095,0.2888024225894152,5.033647760517813,94.04886567682313,145.60871797471012,1.9895567317047687,8.413253295282773,0.0,0.2776482297301415,0.28919101325095625,0,HUGIN FM,HUGIN SAND
VOLVE_15_9-01,1550.55,32.8667355256389,2.1964772519915354,0.26027479104829115,2.564755924203929,91.20654980879509,149.2801200751215,1.6628960219673763,8.746289910165324,0.05417975847075999,0.2686333220846942,0.4197545934558659,0,HUGIN FM,HUGIN SAND
VOLVE_15_9-01,1550.7,23.905994648686356,2.184774386289476,0.3144214547231813,4.0743145980152695,93.96259556286965,153.10403364369583,2.024793710873539,8.33946583426241,0.0,0.3070773962921315,0.26927007048267293,0,HUGIN FM,HUGIN SAND
VOLVE_15_9-01,1550.85,33.961680608412394,2.204734921273322,0.3246539061731461,4.806699073186204,96.78726316675959,149.5669100966484,1.8308549608395395,9.160349114104694,0.08180509171400535,0.2738164835267032,0.27819624614283206,0,HUGIN FM,HUGIN SAND
VOLVE_15_9-01,1551.0,25.144198391227118,2.1757191389993213,0.2983659881232893,3.184332602147383,94.72494521137126,154.35842208971238,1.687589314190935,8.51515472719876,0.04230716103445624,0.28698766890611377,0.33895873952942956,0,HUGIN FM,HUGIN SAND
VOLVE_15_9-01,1551.15,35.661333977138874,2.255506794508578,0.27247675400911187,5.2450747423830615,92.31375331270445,154.336340084426,1.464442080889764,8.557453383315414,0.06673041330257072,0.24444165722253275,0.30757330619804735,0,HUGIN FM,HUGIN SAND
VOLVE_15_9-01,1551.3,19.93167087486082,2.1615054315748474,0.33094296244893506,2.793298305765967,102.76809602239257,164.18382106350057,2.2349691914856153,8.815357919935884,0.009195432338412416,0.3156982107063295,0.3503754182620925,0,HUGIN FM,HUGIN SAND
VOLVE_15_9-01,1551.45,36.22784712669595,2.2241706613550773,0.2790401321207271,5.34594182082808,93.49387925258124,144.55040169381056,1.9606494546094768,8.535185935716063,0.0,0.2728991389534273,0.28395938099098594,0,HUGIN FM,HUGIN SAND
VOLVE_15_9-01,1551.6,40.28640118576347,2.163864598811741,0.3108402773344969,4.315964979590092,97.57384621864288,160.49292523139988,1.972614879937801,8.773744219652674,0.04312271590345691,0.3006422955944834,0.27631565437248534,0,HUGIN FM,HUGIN SAND
VOLVE_15_9-01,1551.75,36.375905938092515,2.193629876976502,0.3117206845829708,9.389494495240209,105.25326241999477,177.020447026846,2.163765541090525,8.188384625052192,0.0338148211658943,0.29570215022566065,0.1968332019450405,0,HUGIN FM,HUGIN SAND
VOLVE_15_9-01,1551.9,33.239495368585494,2.1837167939697735,0.3113810705469171,6.879793126198679,95.65197887733149,148.61246468653255,1.8448174024457722,8.41639708801274,0.019601057260136244,0.2931752610283844,0.2008435824874539,0,HUGIN FM,HUGIN SAND
VOLVE_15_9-01,1552.05,28.036497332388414,2.2121110249465112,0.24493714145904555,10.402236284250135,88.53683566748477,141.85519743772582,2.0704800102763508,8.646812904186447,0.036413043405859116,0.2665184660891881,0.19516397850040254,0,HUGIN FM,HUGIN SAND
VOLVE_15_9-01,1552.2,41.89299617697948,2.2238635511211906,0.27989446989669337,4.2743375687223315,91.35902672537132,151.62522093502923,1.7042849484506344,9.024636515233317,0.11642381734993094,0.25748483951227463,0.3299941035191913,0,HUGIN FM,HUGIN SAND
VOLVE_15_9-01,1552.35,30.025859248706308,2.2333166631604757,0.27056831884411126,9.300487770909305,96.76596349995764,155.40233517474815,1.9475157065666415,8.686148439857213,0.057965702527231,0.2655550210799729,0.22545223676479625,0,HUGIN FM,HUGIN SAND
VOLVE_15_9-01,1552.5,23.307262983958232,2.214541228471919,0.27289159315303424,3.2436041696149203,89.0923036627202,133.8112041953119,1.6739806585150587,8.67404323698216,0.06394579679141857,0.2711302605073556,0.3582126073333948,0,HUGIN FM,HUGIN SAND
VOLVE_15_9-01,1552.65,37.96060923858863,2.19240007473865,0.30332216671719503,5.464582420032089,90.27447276223599,146.65624501350658,1.6992282409031374,8.764049294151608,0.05731160177300197,0.26880613887067323,0.29503080877469834,0,HUGIN FM,HUGIN SAND
VOLVE_15_9-01,1552.8,37.85574487150502,2.288921230205895,0.2329875972816585,7.0912760295190855,91.87872734192774,142.1119205654699,1.8194001150908552,8.678276327050895,0.07591181638834207,0.23626374978468426,0.28696419896141917,0,HUGIN FM,HUGIN SAND
VOLVE_15_9-01,1552.95,27.25270454326795,2.1624700341217626,0.274611725528122,5.464838494674854,95.06920276883986,145.75711143517373,1.5465202180080553,8.08799356179704,0.02536210612152763,0.2987027908160929,0.24189087807624138,0,HUGIN FM,HUGIN SAND
VOLVE_15_9-01,1553.1,18.874078713344247,2.220825228771127,0.3040500521256226,3.763543765682005,93.6353822760609,141.17787168676847,1.865884844474936,8.788440650502737,0.0,0.2881357276179055,0.30766293741351025,0,HUGIN FM,HUGIN SAND
VOLVE_15_9-01,1553.25,24.395072343429696,2.182577039989796,0.24986684920769375,6.968323126646548,95.86918230142675,159.3427281481112,1.7376083580251462,8.335326517864818,0.02448500764552172,0.2746019751919433,0.24374561131653594,0,HUGIN FM,HUGIN SAND
VOLVE_15_9-01,1553.4,21.027766763866477,2.2232335575980278,0.23401682541608715,6.899599852490965,89.73703976458029,139.40570702824135,1.402487873442464,8.653775247557723,0.05403678619267395,0.26447016904635734,0.24364213565430823,0,HUGIN FM,HUGIN SAND
VOLVE_15_9-01,1553.55,29.738215754848518,2.165138576668492,0.3124742509976992,3.532866045557746,90.38442704990825,146.28176418109257,1.7084676228482154,8.536229122345302,0.0001348578079856215,0.29428866852670205,0.3362329533726631,0,HUGIN FM,HUGIN SAND
VOLVE_15_9-01,1553.7,19.214446851737478,2.2011055247730535,0.2750633289750455,4.070284083966374,87.62992099350384,143.10264574250317,1.7309890593693216,8.510648300652129,0.02348412301114082,0.2683662655121246,0.3016262949420934,0,HUGIN FM,HUGIN SAND
VOLVE_15_9-01,1553.85,27.15333889010141,2.23612942677559,0.2631741713889963,6.780245833572806,91.11674254649594,146.59588302346953,1.9705672929676485,8.283027038624656,0.007570363572295003,0.25258422430577654,0.2674496376592749,0,HUGIN FM,HUGIN SAND
VOLVE_15_9-01,1554.0,27.710344523203936,2.2489728113237226,0.2748657648486257,3.9514052245147027,94.15143414206072,152.12514852716703,1.8570395904987556,8.148792999758685,0.0729348553905513,0.2727740880356354,0.3309521058538512,0,HUGIN FM,HUGIN SAND
VOLVE_15_9-01,1554.15,22.607972946144535,2.2029071381731407,0.2610236065637192,4.294196435406066,91.96406854724324,149.04775011258667,2.0894944734046295,8.400528732221066,0.049910422854125475,0.2812251657677808,0.29249472051177267,0,HUGIN FM,HUGIN SAND
VOLVE_15_9-01,1554.3,30.61192813979041,2.2000497267239827,0.2545860144718699,4.004843119258915,89.17574673186046,143.3716832042037,1.9040219191249654,8.668203897247373,0.046527922877869,0.2713225703125429,0.3102590343859448,0,HUGIN FM,HUGIN SAND
VOLVE_15_9-01,1554.45,27.623771619713143,2.2016450612005904,0.25869825923116657,7.19344459689158,89.95011291746243,140.11938309635977,1.689207785953143,8.273104298185874,0.04518703732919263,0.25736398162041335,0.24993871607998502,0,HUGIN FM,HUGIN SAND
VOLVE_15_9-01,1554.6,31.564155738210424,2.164627029664747,0.26014019148932654,2.7077943819004235,96.97495852421476,150.91324782798566,1.788328127904694,8.341469808333352,0.024981160116669322,0.281841074630187,0.3883142784805319,0,HUGIN FM,HUGIN SAND
VOLVE_15_9-01,1554.75,21.66277248044528,2.2289995359288137,0.26729866229037624,6.517004894365424,87.85629660856449,140.04516685282354,1.7303903926176916,8.600307229550436,0.03158735604304014,0.2564195007430071,0.2578702084291008,0,HUGIN FM,HUGIN SAND
VOLVE_15_9-01,1554.9,21.21342677263089,2.2016188877917546,0.2630679365677318,2.862587647347508,89.86628016048641,143.1552280165332,1.8975945712226339,8.294515065026461,0.0,0.2723170953284202,0.3552508163474989,0,HUGIN FM,HUGIN SAND
VOLVE_15_9-01,1555.05,13.061788957545543,2.2033965668850803,0.28002723281619996,6.09481851739263,88.81802463245819,144.25543807406598,1.8119644294926456,8.391390362050485,0.0,0.27632651186889384,0.26808155753477614,0,HUGIN FM,HUGIN SAND
VOLVE_15_9-01,1555.2,16.820343599904003,2.1382397219287146,0.2988804341350184,3.442593801125566,93.88333218814032,155.7215818368503,1.6742880732082157,8.520955012442581,0.0288639685425644,0.2914478762891051,0.32661404634551744,0,HUGIN FM,HUGIN SAND
VOLVE_15_9-01,1555.35,37.188022526084765,2.2133289008896235,0.28455739831996074,4.245927976076645,93.46905350584674,151.27001241220225,1.801720094212503,8.563532427544615,0.03365326817044428,0.2717734170059036,0.3244821554024401,0,HUGIN FM,HUGIN SAND
VOLVE_15_9-01,1555.5,41.09767357119533,2.250530761334682,0.2814724664020432,3.75775732728375,98.08696873469023,152.88473137991858,1.8922361331109518,8.363138670474365,0.05978613000733666,0.26251489635516273,0.35302842675970325,0,HUGIN FM,HUGIN SAND
VOLVE_15_9-01,1555.65,32.1350581875769,2.2100068711457643,0.29893704167056034,6.350669222713147,96.9778985401335,144.25885859056052,1.5987156923396442,8.534562763814264,0.07022554906796988,0.29528122112594973,0.25686147936218373,0,HUGIN FM,HUGIN SAND
VOLVE_15_9-01,1555.8,27.50856937913534,2.1781187792111814,0.2853893818061995,3.6447303435926974,92.94550607844934,144.86812369612232,1.863401752328941,8.610830826453451,0.06976540219650418,0.2712451861440473,0.3526113907228944,0,HUGIN FM,HUGIN SAND
VOLVE_15_9-01,1555.95,23.507755372549465,2.1670413115488945,0.2965519333598548,2.382734052011093,97.04835121861414,148.55491014215,1.484263380769635,8.24535989519359,0.0,0.29183177079145134,0.370296992545572,0,HUGIN FM,HUGIN SAND
VOLVE_15_9-01,1556.1,30.438111063348245,2.1886269374801857,0.2307922873428082,5.64986909466889,94.88427249891625,148.16297498646202,2.0211142686283217,8.544891259622785,0.011265684746488676,0.2776802408127022,0.26849505646185373,0,HUGIN FM,HUGIN SAND
VOLVE_15_9-01,1556.25,25.83209138012557,2.226084786560681,0.28507383560173327,4.7124477471686905,90.09725506921302,145.3669930550669,1.9054361621543947,8.39585222334514,0.0358319629393242,0.26676852624364483,0.29060989223890343,0,HUGIN FM,HUGIN SAND
VOLVE_15_9-01,1556.4,35.400341227562095,2.266509520961934,0.24197877204161458,7.192327417869176,94.30757636817656,151.31407472827587,2.12585660712436,8.605828491731376,0.09697023044582793,0.22443439355033537,0.2811187370097407,0,HUGIN FM,HUGIN SAND
VOLVE_15_9-01,1556.55,31.11218123713063,2.233713833712532,0.30223963998499637,4.141286739463235,94.26820615789124,160.12001793731704,1.576680712044915,8.770401658123188,0.06501012094249345,0.2812071445387509,0.28045622367349304,0,HUGIN FM,HUGIN SAND
VOLVE_15_9-01,1556.7,27.265611748194203,2.208270340129381,0.25895610445669764,2.6362983859277986,94.21429365453898,153.1582776076733,2.026690345763292,8.540014453118067,0.053786053669563086,0.27662506831520844,0.3800569560474935,0,HUGIN FM,HUGIN SAND
VOLVE_15_9-01,1556.85,23.1452312699217,2.198329980970997,0.2756645408260826,7.541387546358836,94.79817207798195,161.22291174134463,1.987156012713626,8.68570769090908,0.008170473682958503,0.2807544332768867,0.23066441579837732,0,HUGIN FM,HUGIN SAND
VOLVE_15_9-01,1557.0,26.466604358427542,2.2279484191247643,0.2618605705879955,6.914291360273646,94.41038692536635,154.6323161005358,1.763553590558422,8.658162796848071,0.0,0.2836911597193071,0.23139405890746137,0,HUGIN FM,HUGIN SAND
VOLVE_15_9-01,1557.15,24.170196778628927,2.1955290036145416,0.30513786411238947,2.39571727263507,98.82294518128134,163.54524600657533,1.7246713293890188,8.696752149845638,0.04268039432174878,0.28384377743986966,0.37192416511724347,0,HUGIN FM,HUGIN SAND
VOLVE_15_9-01,1557.3,27.25864672811758,2.2385805690244176,0.2340386060996027,3.853426456070837,88.72608886422994,140.1672308246631,1.5829707887019928,8.580621987970266,0.0,0.26214093694097257,0.3098774212944181,0,HUGIN FM,HUGIN SAND
VOLVE_15_9-01,1557.45,23.69484837486491,2.197952890598071,0.25623359538441504,3.2336465425920484,94.53656296043297,145.8859543200463,1.5308380604555014,8.72101822558185,0.011081507085377036,0.27314446496005484,0.38806796457773934,0,HUGIN FM,HUGIN SAND
VOLVE_15_9-01,1557.6,27.005475343829627,2.200500635944256,0.27665311795118697,6.552519498284163,91.4999176920415,144.155068853262,1.649753136105394,8.605021050338467,0.0144067244272471,0.26380582672166025,0.2606000854368814,0,HUGIN FM,HUGIN SAND
VOLVE_15_9-01,1557.75,38.119142883783255,2.170555721812734,0.28922407870075717,3.4749557118570977,98.7383826904144,157.92206465127305,1.5488448715194088,8.281845969878395,0.06525610582042587,0.29202315347323826,0.30476588860800624,0,HUGIN FM,HUGIN SAND
VOLVE_15_9-01,1557.9,24.77176672743184,2.2200084320748457,0.27848157841514515,5.826944910059575,94.51097617820868,148.0767674651088,2.119144496718124,8.342950959097458,0.006449757405964195,0.2960819279400317,0.24785108003319908,0,HUGIN FM,HUGIN SAND
VOLVE_15_9-01,1558.05,29.599021700959963,2.2599467643153597,0.26983042274729085,7.046126540781358,88.05017449143168,135.87456706393644,1.4995896153462116,8.45774858667981,0.0,0.25169603415648717,0.28619005843238476,0,HUGIN FM,HUGIN SAND
VOLVE_15_9-01,1558.2,19.030226037786964,2.2515854220269937,0.27611670075075867,12.514590476802928,92.0266226775837,149.32678474623773,1.829779095621219,8.49549999282273,0.03147779281269585,0.2524407966970169,0.19983850297959355,0,HUGIN FM,HUGIN SAND
VOLVE_15_9-01,1558.35,22.648184931797026,2.1785377309335106,0.2969006746400608,2.760610357833407,94.2822897516336,145.8246777716275,1.887141025377021,8.571547751849174,0.0,0.28245925078924083,0.3134227278327504,0,HUGIN FM,HUGIN SAND
VOLVE_15_9-01,1558.5,26.743052268904066,2.232794179496209,0.29165205972206315,5.674982051230862,89.70818997092968,135.86564421289484,1.8714998463895904,8.346604542553736,0.0168906227739337,0.27214427282716724,0.300490891006797,0,HUGIN FM,HUGIN SAND
VOLVE_15_9-01,1558.65,35.81833787585398,2.2060606596160666,0.2577567327793616,4.587601739055382,94.56536112729431,145.6941472341829,1.889057722079796,8.913079000244725,0.01264931031391247,0.2604909218110359,0.28024205997087787,0,HUGIN FM,HUGIN SAND
VOLVE_15_9-01,1558.8,15.834988324148593,2.1207843693223287,0.3080819389131214,4.423746406314121,99.37256317336463,157.82432363606716,1.989280063489935,8.479883395394854,0.006681565688926796,0.31117156355251474,0.2618862534766948,0,HUGIN FM,HUGIN SAND
VOLVE_15_9-01,1558.95,28.152572245165928,2.1955086088519224,0.2698467020523768,5.714583032632368,93.03134294999029,143.89555318116186,1.710815567512666,8.559314943398075,0.038248647943471714,0.2770710304315281,0.24621189501463653,0,HUGIN FM,HUGIN SAND
VOLVE_15_9-01,1559.1,32.28344425458131,2.223757849641874,0.2941870637276661,3.2900131568711957,92.92144279464843,147.53385895484493,1.8175101291380424,8.365850178573124,0.0,0.2908324803733466,0.315935645601638,0,HUGIN FM,HUGIN SAND
VOLVE_15_9-01,1559.25,21.07489797366564,2.250865865419507,0.26262454547119884,8.456958267413436,93.06225804498581,151.90183439837335,1.741287697406854,8.299324647964013,0.0,0.2731825120177158,0.2210705007148297,0,HUGIN FM,HUGIN SAND
VOLVE_15_9-01,1559.4,27.167536786269494,2.1865053686650273,0.2804850917654199,2.9615194813326835,96.08165173710513,156.60285801368497,2.0605051182500365,8.516429522267027,0.034018219351556245,0.284043682981226,0.3155002614079291,0,HUGIN FM,HUGIN SAND
VOLVE_15_9-01,1559.55,26.658694925277697,2.192418974208505,0.2895586620718676,2.6236432606047355,87.7721220059475,137.13126566406945,2.2199731846949753,8.505510144837897,0.0,0.2775606533922096,0.3834975697404729,0,HUGIN FM,HUGIN SAND
VOLVE_15_9-01,1559.7,25.9225427686139,2.1710024845436684,0.3025597065634976,3.4287200124966746,93.85604380827203,143.6499621580405,1.561213247967725,8.482619180700931,0.0,0.27886892165321003,0.35412607443221494,0,HUGIN FM,HUGIN SAND
VOLVE_15_9-01,1559.85,35.92065054646167,2.199764975317763,0.29521926616373184,7.490669233969353,95.8052676301005,150.41031088241476,1.3937798314791352,8.847819503051468,0.03254524388620633,0.28237227449539903,0.21443217603232922,0,HUGIN FM,HUGIN SAND
VOLVE_15_9-01,1560.0,31.598376894411885,2.2618296591342615,0.2873958468679668,6.056535949273935,82.0180300789189,134.507072175188,1.9138263138038043,8.521185583786961,0.045852714147849756,0.24463162244093797,0.2669189112271898,0,HUGIN FM,HUGIN SAND
VOLVE_15_9-01,1560.15,32.63494846764491,2.1802171845922493,0.2909461655615042,3.468350398161878,96.81334652865829,159.3473355910761,2.014074576847142,8.483130733126256,0.010485094632355942,0.30348371280730574,0.3042930654174737,0,HUGIN FM,HUGIN SAND
VOLVE_15_9-01,1560.3,23.199958213450444,2.2117966554564212,0.2485014414721159,4.653733529647586,95.66616212640292,154.83030900741144,2.191395462649691,8.663059095695507,0.0,0.28526093425630106,0.27663590389928244,0,HUGIN FM,HUGIN SAND
VOLVE_15_9-01,1560.45,24.373062168170556,2.1790472623612773,0.3110265962521668,6.842986679857795,96.85581968535264,160.97649175154135,1.9475780702433312,8.53014202162781,0.032375676046547786,0.29187768705339356,0.21996741689984328,0,HUGIN FM,HUGIN SAND
VOLVE_15_9-01,1560.6,23.871384034901823,2.2353670736160702,0.2506592563715162,4.159579554994855,93.43115137550666,158.13585279890754,2.0791561917374413,8.607867813746173,0.0,0.2660959274244508,0.2995657975736745,0,HUGIN FM,HUGIN SAND
VOLVE_15_9-01,1560.75,21.089067513654836,2.2163403362504277,0.259781116497514,5.614307068844232,89.92834161901399,141.46920694977476,2.132012146575262,8.280533162445472,0.019837715584135194,0.262279303995401,0.2858254699194256,0,HUGIN FM,HUGIN SAND
VOLVE_15_9-01,1560.9,27.417558481050477,2.2375402953518972,0.22910441686965038,3.21053163737683,87.69107703009537,147.73853951808505,2.0929555543261733,8.245771095780135,0.0,0.26450034707207287,0.37616627043018913,0,HUGIN FM,HUGIN SAND
VOLVE_15_9-01,1561.05,23.070609436223773,2.1830010194703533,0.2675497569068057,4.581074026199053,88.21955091217573,139.84853385552245,1.97623210203263,8.524411712891117,0.0,0.28553396185372226,0.26786356486912766,0,HUGIN FM,HUGIN SAND
VOLVE_15_9-01,1561.2,21.64105550011262,2.206997502216972,0.25257524423239436,2.964884210873066,96.50641202899538,159.50950273269294,1.5435580874112955,8.45367648288563,0.0,0.28261979256397907,0.3390001692663296,0,HUGIN FM,HUGIN SAND
VOLVE_15_9-01,1561.35,27.861575756319407,2.2202079158739187,0.26524675446837903,8.523289396607606,94.17913099947852,154.22947194252944,1.7983276288323287,8.341468167565054,0.003876670612783145,0.27335131914486765,0.21848358102733612,0,HUGIN FM,HUGIN SAND
VOLVE_15_9-01,1561.5,19.281421110128555,2.2255843428686926,0.25822880115059627,7.274179280949379,94.53246423475748,141.36665067934885,1.8600077238118335,8.524370346804997,0.0,0.26611983102825526,0.22934953510517458,0,HUGIN FM,HUGIN SAND
VOLVE_15_9-01,1561.65,31.366389791436916,2.2591009432701497,0.26001214735699324,4.476011685544185,87.7953417497603,135.64141112498254,1.780038073361276,8.541854476893882,0.026461881285873082,0.2542436569331481,0.32484666237623644,0,HUGIN FM,HUGIN SAND
VOLVE_15_9-01,1561.8,22.608313057543196,2.1701053995953283,0.30509859614801443,3.899316590250134,95.3321115388077,146.4249388805405,1.7923788084302377,8.358020624565697,0.0,0.28030413686091094,0.3350865390303687,0,HUGIN FM,HUGIN SAND
VOLVE_15_9-01,1561.95,34.37205873725641,2.208536374030378,0.28178866488034354,7.237820575071913,86.80246297403177,129.9737056003214,2.113445612737581,8.41842060025538,0.037648173860899886,0.26260331350325217,0.24439981585455037,0,HUGIN FM,HUGIN SAND
VOLVE_15_9-01,1562.1,24.594760964072673,2.2197569386379183,0.23554348342644768,4.532605763699382,88.66735717186353,146.26434639195992,1.6486336632623273,8.555858949468107,0.01640472479179483,0.26552616743188806,0.287175287761734,0,HUGIN FM,HUGIN SAND
VOLVE_15_9-01,1562.25,28.15954833278962,2.1350737509843447,0.31594842200112505,7.511353111967056,96.43364477358736,164.63769091334012,1.9598104725733307,8.295784309736074,0.0,0.3037881132888679,0.2120460413235461,0,HUGIN FM,HUGIN SAND
VOLVE_15_9-01,1562.4,25.89781186886453,2.1951476147622966,0.28143202829046005,5.103385102914436,94.76241362408699,150.3314992750439,1.8632883249758463,8.379193426511664,0.0,0.27919693434163084,0.27213900868472607,0,HUGIN FM,HUGIN SAND
VOLVE_15_9-01,1562.55,28.719509368572435,2.163575413696336,0.2973759591105983,3.158389493503603,100.49792445849232,165.06746246041962,1.6284935221523342,8.606787028111734,0.0,0.29933248775132026,0.3231211392812063,0,HUGIN FM,HUGIN SAND
VOLVE_15_9-01,1562.7,27.035738741182556,2.2482889968848636,0.2693327562296194,6.288841871744468,90.79594745163335,152.6966425110671,1.5846797003492843,8.500495676706626,0.015642150320467556,0.26744042428029374,0.2642947201393331,0,HUGIN FM,HUGIN SAND
VOLVE_15_9-01,1562.85,16.68301293828378,2.199005078315804,0.2877445458929909,5.508990043408422,90.7704927283568,146.27444686628468,1.4597369853039672,8.404559431208824,0.0,0.2836534973312658,0.2689732647028098,0,HUGIN FM,HUGIN SAND
VOLVE_15_9-01,1563.0,30.04396769621066,2.2241890478271777,0.2651619789885407,7.6372698136697865,89.99501529348213,143.8654591449962,1.8971154059897546,8.319386136203589,0.0,0.278999714808812,0.22501023008519738,0,HUGIN FM,HUGIN SAND
VOLVE_15_9-01,1563.15,24.561585387710462,2.2492854434220098,0.25057051469587244,7.430400436701847,87.37450266641687,138.57076462755654,1.7873510373197923,8.29735772964552,0.0,0.25421753184636525,0.24915707931875372,0,HUGIN FM,HUGIN SAND
VOLVE_15_9-01,1563.3,28.947580386774064,2.1577555019121553,0.3246357528923388,2.925450195113795,102.34083593976139,166.4331319146431,1.634844514004645,8.473648903705907,0.0,0.30095697041450215,0.36955554581071687,0,HUGIN FM,HUGIN SAND
VOLVE_15_9-01,1563.45,33.4839397683718,2.2343353166075492,0.25533015160864586,5.414763534901783,93.73530003089377,154.34995029959293,1.4247789751127888,9.0521459619906,0.052975867200289614,0.2614618872171131,0.30126400474594356,0,HUGIN FM,HUGIN SAND
VOLVE_15_9-01,1563.6,21.133517594943292,2.1999032223516197,0.26983055568088793,7.176681814257578,97.60977563087341,158.48466553959338,1.8865421803697782,8.613157328481579,0.0,0.29042831520438983,0.23168461166747004,0,HUGIN FM,HUGIN SAND
VOLVE_15_9-01,1563.75,20.426022974123516,2.245385235012658,0.26656759774014405,5.982208451983957,90.53457615559273,146.9926372280327,1.7652545412799368,8.233427151421049,0.0,0.2678017446976211,0.2661364025041004,0,HUGIN FM,HUGIN SAND
VOLVE_15_9-01,1563.9,31.918013294091658,2.223416119668979,0.24809904310641737,8.423194542759353,91.6339304265797,146.35827417648775,1.6572613056298642,8.67356317388488,0.03832881880891197,0.26496104942020754,0.21357726458434553,0,HUGIN FM,HUGIN SAND
VOLVE_15_9-01,1564.05,27.80780512530578,2.2136499069673192,0.22449671046663766,8.748557431376879,92.16679739148837,139.50210320101752,1.6071920150698344,8.376468026293601,0.04551631865640368,0.25212492509726386,0.24497191098991047,0,HUGIN FM,HUGIN SAND
VOLVE_15_9-01,1564.2,29.682146397332485,2.140167319461114,0.2902835535775336,2.810982948044698,93.65518549804769,154.33687874065927,1.7522849673153469,8.499028524678673,0.0,0.29717289711902994,0.3501169869523227,0,HUGIN FM,HUGIN SAND
VOLVE_15_9-01,1564.35,24.108995285684884,2.190424626562815,0.312126888463058,4.6597026469432405,92.42719551839254,141.46038723135382,1.8939992971478519,8.382227879103247,0.0,0.28315445077177953,0.2750508787806697,0,HUGIN FM,HUGIN SAND
VOLVE_15_9-01,1564.5,32.27153156785847,2.159984434075735,0.27966569277964703,2.591705767859096,90.9137630041562,148.55894901707902,1.73400340311573,8.969437433394265,0.022678765059126638,0.2770359599383159,0.3835901383227983,0,HUGIN FM,HUGIN SAND
VOLVE_15_9-01,1564.65,27.11652242104551,2.208210699743051,0.30212866037126773,3.946100947069129,94.01489721811618,154.20251879895068,1.5622947345407048,8.273178417657018,0.0,0.2985571184823035,0.27755760807519725,0,HUGIN FM,HUGIN SAND
VOLVE_15_9-01,1564.8,26.43987496857074,2.1893304285022612,0.2527771804155607,4.827997511087892,95.08018553925083,146.4261363403477,1.7883750089929025,8.562722451227092,0.0,0.2953801475785832,0.2806010651904252,0,HUGIN FM,HUGIN SAND
VOLVE_15_9-01,1564.95,23.12994400629863,2.1743011421369975,0.2981284583944799,3.8687706754365836,91.66522375235387,143.6253540507404,2.0091094934505236,8.36293523914975,0.0,0.28936594854566094,0.3145197079271062,0,HUGIN FM,HUGIN SAND
VOLVE_15_9-01,1565.1,30.904887413447703,2.241513130663325,0.2507895672309395,19.49484468602609,89.58780922108903,153.9478675106912,1.8080535182488422,8.651853156340534,0.04992367729621176,0.2414336984103119,0.16389772407789344,0,HUGIN FM,HUGIN SAND
VOLVE_15_9-01,1565.25,30.964263574763546,2.243118296123567,0.25385425706168474,4.878810072813214,92.01861114525333,146.83236664305844,1.8136847084588577,8.558690764012574,0.0,0.2671525536224718,0.29287196618267874,0,HUGIN FM,HUGIN SAND
VOLVE_15_9-01,1565.4,25.308475992924322,2.2108465938435202,0.2650665079663797,5.174815622239822,89.86774561227611,137.68732460246918,1.7348662086443651,8.759053280601401,0.006100560907799139,0.26055041440216237,0.2820808438692922,0,HUGIN FM,HUGIN SAND
VOLVE_15_9-01,1565.55,31.16288405616276,2.1862299539199928,0.28606826371037697,2.2679547508501505,90.75258602298128,149.20853383533526,1.622067237887079,8.712455497052566,0.036915914081510355,0.2771284442549912,0.3681517189002105,0,HUGIN FM,HUGIN SAND
VOLVE_15_9-01,1565.7,31.49641068819794,2.218811524287769,0.2486202044609931,3.0970982512845433,91.83287062945413,143.06921697926072,1.6154205167292568,8.480678222619403,0.06594326638894117,0.25991847306981064,0.3508669496248632,0,HUGIN FM,HUGIN SAND
VOLVE_15_9-01,1565.85,25.62302021372711,2.2424647740177903,0.2627726834566583,8.267963389070536,88.17939010210614,131.48440405109935,1.467629186649617,9.083240515506686,0.0,0.2561356089210601,0.22624041572265996,0,HUGIN FM,HUGIN SAND
VOLVE_15_9-01,1566.0,33.79895927107603,2.2249127735126915,0.2976694121834815,3.0575614089597916,92.18224957980055,150.09044706791323,2.03624516727743,8.611719387456665,0.0019147945935214191,0.2734394845439102,0.34568136930943544,0,HUGIN FM,HUGIN SAND
VOLVE_15_9-01,1566.15,36.41702562063882,2.2943233825581353,0.241186999517982,6.657079025346099,91.60002732067376,141.97695463416238,1.89249083520957,8.398011234030415,0.056930268057274365,0.2372062888188612,0.28703835413813256,0,HUGIN FM,HUGIN SAND
VOLVE_15_9-01,1566.3,25.39701907597859,2.229696448546461,0.2583999768465533,7.533216997587336,88.55405307820985,143.29242663624797,1.8164973678505794,8.541108078569245,0.0,0.27575186089529546,0.2379273386851977,0,HUGIN FM,HUGIN SAND
VOLVE_15_9-01,1566.45,29.189012171639728,2.2632496719515314,0.24309819615541833,5.522132751346277,94.94738678860648,147.85236867125855,1.8591165533554779,8.69271097107096,0.03280780770483743,0.2417286263957273,0.3029225048550113,0,HUGIN FM,HUGIN SAND
VOLVE_15_9-01,1566.6,21.490647482245155,2.2157120088672686,0.3012787830311998,5.6786824819809185,93.22132952847993,152.6901482169163,1.8679058792449783,8.618558895787048,0.0,0.2841865191299112,0.27316153221680906,0,HUGIN FM,HUGIN SAND
VOLVE_15_9-01,1566.75,24.589766476971196,2.1880349646921546,0.25653210280406274,2.688579002302974,94.25670520903431,151.72821995748458,1.6530907419490155,8.61259058316353,0.004785517982062762,0.28034065189269874,0.361733921096045,0,HUGIN FM,HUGIN SAND
VOLVE_15_9-01,1566.9,26.546988937743073,2.1262561589870352,0.31615024062801195,3.5327133309427188,93.90305630216031,137.2988471386616,1.7349475341413394,8.693296430784274,0.0,0.3045790754523283,0.3004811014245605,0,HUGIN FM,HUGIN SAND
VOLVE_15_9-01,1567.05,29.25306794784564,2.174927530873972,0.2749708656369763,4.152678550109094,97.44554381541096,157.8229328081805,1.7051582645234769,8.673634201920526,0.0,0.28853115480738595,0.29380794604430027,0,HUGIN FM,HUGIN SAND
VOLVE_15_9-01,1567.2,28.746104484554596,2.2029583344266106,0.27416404618250956,4.247331391865788,91.07771232972911,144.27568308541464,2.302284803375001,8.33048676675278,0.0,0.2693227845549148,0.32863235414277203,0,HUGIN FM,HUGIN SAND
VOLVE_15_9-01,1567.35,20.358462394753488,2.181465687397128,0.27507604622725107,3.207780609783315,92.54682365218734,155.15850605445377,2.004040408291217,8.922256277822504,0.009523764992379375,0.28493410697930543,0.3411757104023494,0,HUGIN FM,HUGIN SAND
VOLVE_15_9-01,1567.5,32.82893267974759,2.2386328840562917,0.23842037534190685,4.583717607228236,87.11573557253658,141.36121616113778,1.8335764569650785,8.894176404553635,0.03098967396162561,0.24511226334929423,0.33222715690335264,0,HUGIN FM,HUGIN SAND
VOLVE_15_9-01,1567.65,24.556131603112235,2.223511834728213,0.2912531318998211,2.923858211690837,89.51015360491095,146.99703498662262,2.073196855025937,8.660192979047974,0.0,0.26079123357512013,0.3547981736407477,0,HUGIN FM,HUGIN SAND
VOLVE_15_9-01,1567.8,20.35250202181728,2.215724883060739,0.251444313768651,3.524349536696146,94.08504340664537,146.98336544552797,2.047937648901683,8.511177554346292,0.0030258821074207495,0.27917216326320776,0.31524188527791563,0,HUGIN FM,HUGIN SAND
VOLVE_15_9-01,1567.95,33.38855713523937,2.304826069948579,0.24957642800803592,6.673727076770429,88.04050840285264,136.9144746904744,1.5238951384869992,8.53546019086785,0.017964562611365857,0.23717442006542017,0.29774694201974483,0,HUGIN FM,HUGIN SAND
VOLVE_15_9-01,1568.1,32.31639498368976,2.1767168294681447,0.3088616388725975,2.6401797813938996,91.99081341300112,147.05705480549898,1.7554293437850084,8.43524712104107,0.0,0.27423515065417176,0.34600860310440146,0,HUGIN FM,HUGIN SAND
VOLVE_15_9-01,1568.25,28.48935023278976,2.2202623316166132,0.26962708578189765,6.50471472760835,87.53003693979325,138.24497846969996,1.796735120638283,8.524332430412613,0.022848582327225864,0.2524893599033573,0.28643476769406084,0,HUGIN FM,HUGIN SAND
VOLVE_15_9-01,1568.4,30.93414238943558,2.2046107655032197,0.24562721249282737,5.075371286424605,89.53711249359428,149.94942525080126,1.9223055897964134,8.257808045878194,0.025159730314835843,0.26847519332638564,0.2934102449116839,0,HUGIN FM,HUGIN SAND
VOLVE_15_9-01,1568.55,36.30565192106169,2.289940512113982,0.22076956302473597,3.2492487566392927,87.00996840489948,138.44935415422253,1.7552014509415135,8.811811421276849,0.07861479870883711,0.23460895339671853,0.39393828547749676,0,HUGIN FM,HUGIN SAND
VOLVE_15_9-01,1568.7,31.978860764061256,2.196973995926857,0.26554690197562325,2.6157348846212862,94.33817830587373,144.81697653947933,1.7802937769824247,8.735490728325765,0.0,0.28057940950855126,0.36544620639776154,0,HUGIN FM,HUGIN SAND
VOLVE_15_9-01,1568.85,28.640342627158624,2.1965383383628314,0.2775203314648327,5.876440423932633,94.1141297541083,146.44470303813,1.707730234541732,8.164662641513518,0.0,0.2743621732344352,0.2840162096538338,0,HUGIN FM,HUGIN SAND
VOLVE_15_9-01,1569.0,20.583079079533377,2.203663731019085,0.29594584848600153,5.713020396315968,96.79605175970835,159.69893823860338,2.0097870325170217,8.704918542149988,0.023384425965539142,0.28791933070938963,0.2688377489243809,0,HUGIN FM,HUGIN SAND
VOLVE_15_9-01,1569.15,37.40836220240052,2.2428286981632,0.24472825845582552,3.130719370743432,91.56163074862238,145.6623224764812,1.511331911454389,8.518473202389348,0.024834983763630344,0.2664369419772748,0.3651841701395141,0,HUGIN FM,HUGIN SAND
VOLVE_15_9-01,1569.3,30.328284447400215,2.2302417994007855,0.24465922671277426,4.1975810436488885,91.64295500296224,145.52516916499079,1.7145290456865323,8.460190772136865,0.0,0.2621143758817136,0.32467091789576064,0,HUGIN FM,HUGIN SAND
VOLVE_15_9-01,1569.45,22.452378973636176,2.2019977170638514,0.25356903676273573,4.268386888094518,91.01277253341314,150.92137389955,1.4312648011207796,8.598568301712815,0.0,0.2697986865023361,0.3005040627098682,0,HUGIN FM,HUGIN SAND
VOLVE_15_9-01,1569.6,21.406537484068426,2.2581459294857584,0.24712708330879113,6.586432739999726,83.74675650480373,129.42099446335826,1.594072111370349,8.198182577823722,0.016364872061636566,0.2482872886618435,0.2736158261089937,0,HUGIN FM,HUGIN SAND
VOLVE_15_9-01,1569.75,27.524067152020418,2.1984369551371996,0.31900495957941444,3.9457063988163186,92.14024486426645,136.24851029068967,1.8634354932743806,8.497750163562442,0.0,0.27931105043359294,0.3014598289357297,0,HUGIN FM,HUGIN SAND
VOLVE_15_9-01,1569.9,23.608699808162104,2.19409841974013,0.26326208080263114,4.646616075328568,92.0111173762926,142.95345457028495,1.8672308579921295,8.515896235359673,0.0,0.2819258221151001,0.2838645770056149,0,HUGIN FM,HUGIN SAND
VOLVE_15_9-01,1570.05,26.90958297898071,2.145102929941657,0.2900264139317296,5.807577678351813,93.70979974364789,151.14612503256834,1.737361661591869,8.523280368914683,0.0027326969366938047,0.30915566605394135,0.25262790010235836,0,HUGIN FM,HUGIN SAND
VOLVE_15_9-01,1570.2,31.557950724705154,2.261301996417636,0.23632139458812212,5.078638425059673,88.37146062867988,140.14677940419736,2.0247970292275554,8.247991795424367,0.029904384403303536,0.2544985428305035,0.30052343175035284,0,HUGIN FM,HUGIN SAND
VOLVE_15_9-01,1570.35,22.167790560016023,2.225172407765097,0.2813516394007439,4.177311092911145,91.76881409765548,139.0279544558266,2.0708085774598577,8.589383192875134,0.0,0.26864074797589926,0.2984462022819803,0,HUGIN FM,HUGIN SAND
VOLVE_15_9-01,1570.5,19.419460036578315,2.24850286517501,0.2630551383621368,5.236936228334441,87.32850267655816,144.80590193925082,1.7861545329440054,8.711962999212417,0.0,0.2638819702892388,0.26648024665398845,0,HUGIN FM,HUGIN SAND
VOLVE_15_9-01,1570.65,26.92909233935989,2.2358286731679478,0.2576366251251098,3.662123972783372,90.15505792356853,145.0655774081319,1.8500865712788421,8.581466292817321,0.0,0.275561156088509,0.3305162844304759,0,HUGIN FM,HUGIN SAND
VOLVE_15_9-01,1570.8,22.333060723615134,2.2144334719239573,0.270710427982793,2.930743838205858,97.25221239104916,157.5486132992461,1.7094911115553202,8.454162417764344,0.0,0.27796633965835965,0.34984161961554944,0,HUGIN FM,HUGIN SAND
VOLVE_15_9-01,1570.95,25.73047892866199,2.205786735322938,0.25547212046794526,3.743920549730577,86.91074160838683,141.1552378723358,1.9253775442903052,9.03780812058387,0.0,0.2713023264870993,0.33396988468277067,0,HUGIN FM,HUGIN SAND
VOLVE_15_9-01,1571.1,18.283367815188676,2.2095901252427765,0.2941780752497969,4.0968618923466895,93.43319684625128,143.00049372475257,1.5611879039950707,8.315085042881613,0.0,0.288260249626012,0.2717375807393002,0,HUGIN FM,HUGIN SAND
VOLVE_15_9-01,1571.25,23.739086377626812,2.2391956428738604,0.3162610641182433,4.4465564113620255,87.05463842234701,140.80181605790267,2.159166961875855,8.654690260094151,0.0,0.2625735319823166,0.3234160752094186,0,HUGIN FM,HUGIN SAND
VOLVE_15_9-01,1571.4,28.574759455199985,2.243692701803455,0.29750144669678047,3.8957862791307196,91.49072477734359,150.92242855975977,2.027997052545645,8.548654741136138,0.0,0.28648415858293574,0.2895980698730021,0,HUGIN FM,HUGIN SAND
VOLVE_15_9-01,1571.55,28.029662538233985,2.2087895676205016,0.27777303604122283,7.680544380134435,92.23776795798558,153.2819798846302,1.5602147292117794,8.902462589934688,0.0,0.2796328063433701,0.2239877010717024,0,HUGIN FM,HUGIN SAND
VOLVE_15_9-01,1571.7,21.05821014563366,2.2299711121011954,0.2579396456746699,3.859287419949631,88.74769888127497,145.6026348351047,1.6421963048998636,8.577349963182941,0.0,0.271239155424429,0.31948646892488736,0,HUGIN FM,HUGIN SAND
VOLVE_15_9-01,1571.85,22.942114060959735,2.248428300864186,0.23371845513320283,5.821666828515146,92.0090881839861,149.78018938733788,1.8842497528089652,8.93671037751005,0.039825641132105176,0.25461261060108403,0.3051792743874789,0,HUGIN FM,HUGIN SAND
VOLVE_15_9-01,1572.0,26.983587186665687,2.165562750814259,0.31921587255696576,1.8871790583686665,100.20931800789502,151.64780248877997,1.7323497792632758,8.603610986658335,0.020050197241123467,0.3015345483427365,0.42169245927580234,0,HUGIN FM,HUGIN SAND
VOLVE_15_9-01,1572.15,27.87374364623014,2.231154360308696,0.2722389976800202,4.1556830411679,92.55504689507357,148.01340176823038,1.90891990974433,8.28881086596035,0.0007218911698220159,0.2585436304372205,0.35915511051487464,0,HUGIN FM,HUGIN SAND
VOLVE_15_9-01,1572.3,27.025875700962754,2.215323969686009,0.26602854707066026,4.037067567337895,95.3331400482602,147.7501523300341,1.7281207305967787,8.326223909325225,0.0,0.2753505670044764,0.3217075078467262,0,HUGIN FM,HUGIN SAND
VOLVE_15_9-01,1572.45,22.439200778193452,2.2452314542262135,0.2837617176651421,5.704793821484082,86.00338053675324,144.01624826853697,2.1049623516240117,8.444866424673863,0.0,0.2594950380062897,0.298683525064409,0,HUGIN FM,HUGIN SAND
VOLVE_15_9-01,1572.6,27.461823054569233,2.202162600339062,0.29628620574629494,3.8290773833937886,94.26838390094397,156.48131170339562,1.8016613985402608,8.700900327599435,0.010238956233012814,0.2943282235336413,0.2975577996228047,0,HUGIN FM,HUGIN SAND
VOLVE_15_9-01,1572.75,34.221563169592116,2.210758653614204,0.2965813499881571,6.859985939416192,94.4268123183392,146.33025565574178,2.2841110262017494,8.558411834412347,0.01799774540223304,0.27838647346991946,0.2415898534390145,0,HUGIN FM,HUGIN SAND
VOLVE_15_9-01,1572.9,26.02572343654514,2.2244598288651285,0.2661004323071394,12.487507113356042,92.84713445991858,148.32552421733965,1.920535059422566,8.458653022662022,0.0,0.2601764922664792,0.1995006386400045,0,HUGIN FM,HUGIN SAND
VOLVE_15_9-01,1573.05,16.997106373286435,2.199630447009795,0.2741097034097007,7.174149844675992,97.8266143280735,157.76513014245316,1.5301191323503733,8.776225486985481,0.0017141689724161577,0.27739529566139104,0.24341129523764654,0,HUGIN FM,HUGIN SAND
VOLVE_15_9-01,1573.2,26.01600169050321,2.185212479764638,0.25485779613466164,5.210357943731228,95.28017647105516,156.95223864113342,2.2172993166946497,8.103514047837578,0.0,0.2739554883608114,0.2842141490914785,0,HUGIN FM,HUGIN SAND
VOLVE_15_9-01,1573.35,35.89789337164204,2.267113437956831,0.2582292401305586,12.729549792211927,93.05147368045019,140.50426663938302,2.0197357909741034,8.244480023502824,0.007137984374515782,0.2600692743216347,0.18353943140190548,0,HUGIN FM,HUGIN SAND
VOLVE_15_9-01,1573.5,20.8185213640387,2.200647721968367,0.29448279397278865,5.526224593321701,100.46537090487044,149.69648187860454,1.876029525016196,8.00566484251316,0.023741846627543955,0.2740805036007601,0.2666564643746257,0,HUGIN FM,HUGIN SAND
VOLVE_15_9-01,1573.65,25.148623309145112,2.2284827284178865,0.26537859825255594,5.841943558492485,92.57369086030958,148.30864793069946,1.9293266912396856,8.741662100982012,0.0,0.2755413004905445,0.27444434834377873,0,HUGIN FM,HUGIN SAND
VOLVE_15_9-01,1573.8,29.14742565661822,2.2457101309327587,0.2732683073051928,6.050544899244698,89.93864494667338,131.24474780280028,1.5621906470765625,8.494400582657399,0.05556950338714621,0.25613805388505734,0.2927995233418709,0,HUGIN FM,HUGIN SAND
VOLVE_15_9-01,1573.95,25.47941479637532,2.2259675652802273,0.24716220194487035,6.057384685150609,91.91913247562563,147.86347401006134,1.4391247779327472,8.693258355738559,0.0,0.2688169195853504,0.25388882009059277,0,HUGIN FM,HUGIN SAND
VOLVE_15_9-01,1574.1,26.713476762582303,2.210146118670792,0.29021366410742633,5.007240971396321,89.4154148138138,146.0257025700158,1.7916500584997288,8.480124490001455,0.007812799966457314,0.2734405773898506,0.27231814927086717,0,HUGIN FM,HUGIN SAND
VOLVE_15_9-01,1574.25,30.731219822658,2.1981898314483583,0.2788422115862313,2.6344517317660943,92.09277498303385,153.52883951449303,2.0757540678298336,8.70472711577562,0.00033010412993029407,0.2725338692369425,0.3734187226451722,0,HUGIN FM,HUGIN SAND
VOLVE_15_9-01,1574.4,25.423916432004052,2.1987051655037773,0.24591036387725942,4.344812959048365,86.35811272237515,135.0601390995203,1.8791417686537213,8.474649536765186,0.0,0.26995257905398945,0.3203072640745302,0,HUGIN FM,HUGIN SAND
VOLVE_15_9-01,1574.55,31.386297786060236,2.2696482696186178,0.2548453583779932,6.01860389186864,88.53141701156137,142.456175449174,2.141834299481829,8.581982285019578,0.0,0.25932564884842546,0.2592599611550925,0,HUGIN FM,HUGIN SAND
VOLVE_15_9-01,1574.7,24.886045573512316,2.1839194664457118,0.31210259756554426,4.648044174346989,94.33262307885296,154.18974612446638,2.064244156638438,8.554095093326941,0.004992882815207662,0.2927248469568957,0.2854304754264642,0,HUGIN FM,HUGIN SAND
VOLVE_15_9-01,1574.85,25.847862257721104,2.280937445185223,0.22365226034340221,6.101096238828397,91.56741568401912,140.62926505235882,1.8041217413570907,8.590969170923291,0.02735311713257124,0.244729943586581,0.29421526835715794,0,HUGIN FM,HUGIN SAND
VOLVE_15_9-01,1575.0,25.775743053540086,2.258550050909987,0.24705643113258785,6.014476039998342,94.67365767965426,156.0545912762048,2.036751384265445,8.877119968036121,0.043385873355085404,0.2619675549018237,0.262117990319518,0,HUGIN FM,HUGIN SAND
VOLVE_15_9-01,1575.15,16.116962824774582,2.220977861786371,0.26193288640424595,8.038289023138454,87.76269274736975,141.79202002192986,2.104519077170946,8.175183623880322,0.0021305049513194512,0.2630032497572779,0.24975764059820313,0,HUGIN FM,HUGIN SAND
VOLVE_15_9-01,1575.3,28.925524619491604,2.1997898594934444,0.33336274959385864,2.5998025089738417,100.53536415990119,157.82935100231288,1.7839636057834247,8.4875108748607,0.026806500630130566,0.28667515989069514,0.3462181512053748,0,HUGIN FM,HUGIN SAND
VOLVE_15_9-01,1575.45,35.27000144235922,2.2434598820411473,0.24119864673713468,7.579798267143974,89.94092325911143,144.61238007570628,1.7572448878910356,8.539597442835605,0.0,0.25465020841792463,0.2667357811241592,0,HUGIN FM,HUGIN SAND
VOLVE_15_9-01,1575.6,29.726784992634173,2.227877621288793,0.26311249036882634,8.58655829937681,90.0226298340673,143.339535308609,1.8280900974666485,8.513204502839423,0.02563797480215646,0.2493613141567929,0.2407565730891033,0,HUGIN FM,HUGIN SAND
VOLVE_15_9-01,1575.75,28.433736770808398,2.2408275780399722,0.2586169721782411,4.535074908134934,84.47772379253459,139.06472781929466,1.3176184344549369,8.420422955889322,0.0,0.2534142640262141,0.2857179827965279,0,HUGIN FM,HUGIN SAND
VOLVE_15_9-01,1575.9,26.327325456685422,2.242580586140197,0.25554711869046304,5.46149405283036,89.32849355008308,141.12328922939827,1.8560863803151686,8.409756587584516,0.03571033770271263,0.261980966040367,0.30456358896727,0,HUGIN FM,HUGIN SAND
VOLVE_15_9-01,1576.05,30.379164834188,2.277966870557164,0.23992787323492337,14.538255845449747,90.24787940119657,145.5320595088088,1.9440875966169628,8.815572499210454,0.06948243990059318,0.2262828402141369,0.21023452076048615,0,HUGIN FM,HUGIN SAND
VOLVE_15_9-01,1576.2,29.92320744166631,2.2268193989617875,0.25147064246483514,5.172977007607933,90.77638470498832,142.13755743721472,1.8289022182831003,8.485855782289807,0.0,0.26042733570673426,0.2860626821091404,0,HUGIN FM,HUGIN SAND
VOLVE_15_9-01,1576.35,35.0434682014491,2.270208816434329,0.2280463082338936,4.456018662623678,87.2229651175945,134.86752999469255,1.8689348840722748,8.987589306779475,0.0,0.23520240403622383,0.331573996717413,0,HUGIN FM,HUGIN SAND
VOLVE_15_9-01,1576.5,32.4397396789841,2.25866651663467,0.23775210568924485,3.5651270355280897,92.3570186016449,148.6288937221811,1.7913047248800993,8.60565499727497,0.0,0.2709775437447075,0.31081146927609166,0,HUGIN FM,HUGIN SAND
VOLVE_15_9-01,1576.65,32.90762106301061,2.2173270261776525,0.25313479525052557,3.580660879359776,85.02810557727632,131.56113058854928,1.4005956220091387,8.477320967068588,0.04085682015126838,0.24749499692516172,0.41207180180512915,0,HUGIN FM,HUGIN SAND
VOLVE_15_9-01,1576.8,27.14118698529547,2.278252801921736,0.259697727150801,3.748592609836312,87.47872403224832,143.96885990884144,2.132518952180673,8.635557807892233,0.020688779877293926,0.23861254003675592,0.3571621080787971,0,HUGIN FM,HUGIN SAND
VOLVE_15_9-01,1576.95,93.6662111163979,2.6129332184549567,0.12791317319832204,197.06548567509444,76.63027875958998,125.5696086762296,2.9264342305196562,8.696649974883234,0.7117643846848556,0.02,0.5744510166429994,1,HUGIN FM,HUGIN SAND
VOLVE_15_9-01,1577.1,91.03486272478688,2.6051869018299514,0.1520244699352825,181.76360588967896,76.12536482870767,117.97501144421285,2.8764459744939654,9.736951798533289,0.7347620981255595,0.02,0.6489829262333842,1,HUGIN FM,HUGIN SAND
VOLVE_15_9-01,1577.25,86.08746314836839,2.6124424858568744,0.13949333958450297,211.45177727272693,72.17930709573356,116.55579351253961,3.2715965556903654,8.30782092916744,0.7192452711040175,0.02,0.5423063944199352,1,HUGIN FM,HUGIN SAND
VOLVE_15_9-01,1577.4,89.80447762959585,2.6313475248766682,0.13002780979717807,248.52168647947565,77.690157479589,120.45575246567233,3.195740093692243,8.747639494848162,0.7414575728252164,0.02,0.5192907822442,1,HUGIN FM,HUGIN SAND
VOLVE_15_9-01,1577.55,94.85808266751779,2.632490471880411,0.11735056656340272,263.4062355022861,69.04724816283337,102.45403303152503,3.0546131711951556,9.107553911343656,0.7327271841569274,0.02,0.5572801699186447,1,HUGIN FM,HUGIN SAND
VOLVE_15_9-01,1577.7,94.88680850588284,2.621720342448695,0.12292752013437647,328.53374380779695,70.27527959764517,109.45432151899709,3.153873944619919,9.410177334656156,0.7510186296106971,0.02,0.4861937672134594,1,HUGIN FM,HUGIN SAND
VOLVE_15_9-01,1577.85,85.7069063486163,2.6398548263291324,0.09804365610896501,275.4074644071162,78.08804920983292,124.68929458936911,2.7690023328619033,9.843099846277392,0.7163591039180497,0.02,0.5092170471501632,1,HUGIN FM,HUGIN SAND
VOLVE_15_9-01,1578.0,94.44696278433837,2.643376659902011,0.12460617958685512,327.3087121741512,74.56362034010179,121.90883616873055,2.98382112519609,10.138740164803329,0.732985049258811,0.02,0.47650913262372757,1,HUGIN FM,HUGIN SAND
VOLVE_15_9-01,1578.15,89.6085905944169,2.634327518839012,0.12744746288193562,264.64960241748304,71.2403363351134,114.73193778853313,3.25895682189145,13.276969700015,0.696849918071017,0.02,0.5180292032994492,1,HUGIN FM,HUGIN SAND
VOLVE_15_9-01,1578.3,84.52052816647355,2.6070761509770555,0.15754753633950144,343.6387263613946,71.76925955302983,119.36918835998887,2.864571636173966,9.18614885408396,0.6882607625567786,0.02,0.46303277436604257,1,HUGIN FM,HUGIN SAND
VOLVE_15_9-01,1578.45,95.13562496169212,2.6278888309842574,0.14422933280472353,294.80932418134114,70.90516350583792,108.5424307522578,2.80033333900125,8.878838028611918,0.7577528422609734,0.02,0.48220442768520616,1,HUGIN FM,HUGIN SAND
VOLVE_15_9-01,1578.6,91.15735982063381,2.6279840131827714,0.10969574906705447,255.01694911937537,73.26548829473087,115.3412893320086,3.015720790567338,9.943467744620724,0.7132855244654267,0.02,0.5239593219949032,1,HUGIN FM,HUGIN SAND
VOLVE_15_9-01,1578.75,91.38078506930913,2.6016873713270687,0.10089258833530515,276.8592531112082,73.38615918502525,125.63968820487203,3.0204114022195587,9.861425073193953,0.7311996923045417,0.02,0.5018493356523341,1,HUGIN FM,HUGIN SAND
VOLVE_15_9-01,1578.9,97.1805986711881,2.586611222118915,0.12252250748850074,414.8994302627403,72.45012736060036,106.26480351220647,3.129514419968004,9.527717433380776,0.7110236615506147,0.02,0.40638104167934697,1,HUGIN FM,HUGIN SAND
VOLVE_15_9-01,1579.05,81.03344457839957,2.5775444875725086,0.1397320558663436,454.96580670257333,68.49030027833854,107.3247089157117,2.7243695125520713,8.490835105122654,0.6899784461985907,0.02,0.42374068779397267,1,HUGIN FM,HUGIN SAND
VOLVE_15_9-01,1579.2,15.847164516487016,2.2112618054764788,0.27189775342241257,7.750404688885541,93.18145978158071,143.7328659117159,1.290124645919874,8.632724263633357,0.0081700996846513,0.27508456520360264,0.23468770533232222,0,HUGIN FM,HUGIN SAND
VOLVE_15_9-01,1579.35,29.879606842099214,2.259888565962388,0.26606352818817214,6.520909584295405,87.98256918492683,139.79511867461252,1.9842463854877739,8.893276956533546,0.05119134652477636,0.2475451427093438,0.26088380865173416,0,HUGIN FM,HUGIN SAND
VOLVE_15_9-01,1579.5,27.859799808094362,2.2210063998346348,0.25348279591523254,4.069721964432292,86.8650003269664,136.81176308596568,1.5834036053590501,8.138187528692185,0.02504383011718768,0.2533487303826982,0.31798431550908823,0,HUGIN FM,HUGIN SAND
VOLVE_15_9-01,1579.65,27.021075680094867,2.288500167619139,0.2533528080892422,5.712622780187935,91.20843619383527,148.94427510058685,1.6780019277637623,8.57224642382043,0.0,0.23901279939493023,0.30077194235358184,0,HUGIN FM,HUGIN SAND
VOLVE_15_9-01,1579.8,22.541868085484055,2.255597687217483,0.21683280499623758,4.995922381506065,95.22096016227842,153.631139556693,1.3633529036092087,8.316272414002217,0.0024919539671529062,0.24840417235527787,0.3439115547751058,0,HUGIN FM,HUGIN SAND
VOLVE_15_9-01,1579.95,26.36741326510945,2.275612433063107,0.2923498698837185,3.563528354964807,96.07183411506877,147.18684672455865,2.0045825364051115,8.634183771510548,0.06270560305864326,0.25086038702200003,0.3464267720646816,0,HUGIN FM,HUGIN SAND
VOLVE_15_9-01,1580.1,25.259293162131428,2.2385367910419895,0.2400137042074027,3.6266314038958303,92.46245074819936,144.99911083122356,1.8700676448145062,8.620783896563548,0.003114461322170166,0.2617962039735514,0.3445794862057839,0,HUGIN FM,HUGIN SAND
VOLVE_15_9-01,1580.25,22.792109323260018,2.203352317184689,0.2817002787056754,4.167986673308751,90.19096664959157,144.3049613937181,1.8620389088101896,8.453370556674122,0.0,0.26582563211107985,0.32054480957295617,0,HUGIN FM,HUGIN SAND
VOLVE_15_9-01,1580.4,39.11229165315214,2.242973926795238,0.2647133962307876,4.2619818043373385,91.35323003722822,149.86207247976023,1.8606910168379074,8.654963792442302,0.06691510136709125,0.260119810919103,0.3207584958647019,0,HUGIN FM,HUGIN SAND
VOLVE_15_9-01,1580.55,26.31427257878953,2.2835131648643863,0.23974895368318827,4.039741942066945,89.03178012506461,154.61562962350303,1.387967569193703,8.731900866318416,0.0308990402991104,0.23743065564565974,0.35451229920411587,0,HUGIN FM,HUGIN SAND
VOLVE_15_9-01,1580.7,25.55434857612643,2.225795178975942,0.2547558501992224,4.3669205736164205,88.8926889714859,145.7422812991545,1.602966802318419,8.469188053482165,0.008634466681177046,0.25828271831644883,0.3389109795913581,0,HUGIN FM,HUGIN SAND
VOLVE_15_9-01,1580.85,37.377090697989715,2.193713576217554,0.272264944098685,4.594909375152391,95.12133597545414,147.1316379579792,1.709654577910761,8.232567946567004,0.0,0.2671528523976551,0.3092297683776995,0,HUGIN FM,HUGIN SAND
VOLVE_15_9-01,1581.0,28.190270550362072,2.267178088017216,0.2562427366860834,4.170818240955527,82.37853652570861,131.3364321641378,1.650251445772733,8.801675789585406,0.043832333515952705,0.24051739579307255,0.3672032935977929,0,HUGIN FM,HUGIN SAND
VOLVE_15_9-01,1581.15,27.780784325995455,2.173007354218269,0.306777075908591,12.964127187384852,92.741737735267,149.29166135159625,1.745697690070759,8.665738971808196,0.0,0.2856098456721296,0.17328558787483017,0,HUGIN FM,HUGIN SAND
VOLVE_15_9-01,1581.3,32.64447256627741,2.2504337158255407,0.29886677799558375,5.583383073459594,94.04154452591968,147.86951688975387,1.8492399405357591,8.655842808233414,0.04645184630890151,0.26374002339730096,0.2900623951856479,0,HUGIN FM,HUGIN SAND
VOLVE_15_9-01,1581.45,31.373715296098414,2.2262889722190775,0.27065565228407906,6.385440424844905,88.21037218527617,143.4878845261146,2.001287663251038,8.370762472461669,0.028596916605340438,0.2597296838577439,0.2840145516990156,0,HUGIN FM,HUGIN SAND
VOLVE_15_9-01,1581.6,28.34764410357308,2.228843277198834,0.3220542784334457,3.3362259021780747,93.1977892240741,137.75957731651613,1.50395919459186,8.721949733393501,0.020002187121229673,0.2847804655818951,0.35443480001044736,0,HUGIN FM,HUGIN SAND
VOLVE_15_9-01,1581.75,27.618553942436748,2.229776769402375,0.24055122343132315,4.725423121148012,89.14584784800934,145.39910466345495,1.7982329226403047,8.931144009488229,0.017361578635623143,0.23608753577953012,0.3746532234382254,0,HUGIN FM,HUGIN SAND
VOLVE_15_9-01,1581.9,26.269765339820825,2.2348548070725283,0.2839122777038615,10.112027780129415,95.08012849739238,149.74626848367544,1.9423087357847555,8.488963488940856,0.008085198848792045,0.2611506906314842,0.2208665911441245,0,HUGIN FM,HUGIN SAND
VOLVE_15_9-01,1582.05,26.39932596860882,2.2696482406185936,0.2709184334092595,3.045201252139962,86.63998835658859,138.07545521206413,1.615183366005636,8.529390997659862,0.04504521557660723,0.25558725761464546,0.3750969233804459,0,HUGIN FM,HUGIN SAND
VOLVE_15_9-01,1582.2,26.62759401419634,2.23251073372408,0.23881789484535138,9.642138505947,84.74434186449555,142.91956167832538,1.7614334452464242,8.286961869260725,0.0,0.24980198747385868,0.2325277406986866,0,HUGIN FM,HUGIN SAND
VOLVE_15_9-01,1582.35,35.143229187122955,2.218101575362302,0.2715711867908199,8.163307932564981,88.43276768086074,135.18484241133257,1.89331042309747,8.35609159968982,0.0,0.267946503703223,0.23411423772195883,0,HUGIN FM,HUGIN SAND
VOLVE_15_9-01,1582.5,34.20324734860198,2.263048731985446,0.25184346174096645,7.608226172388132,83.16419677325997,134.42631123023511,1.8022417718959032,8.30711701355852,0.03315618740825464,0.23680659607954574,0.28948257110610814,0,HUGIN FM,HUGIN SAND
VOLVE_15_9-01,1582.65,29.75113161733756,2.2148478117386894,0.26788149346554385,4.786142578683293,86.94816261660114,143.08666808159404,1.9348395521132127,8.5444832704593,0.034016226381203975,0.26342302213641544,0.285619544307732,0,HUGIN FM,HUGIN SAND
VOLVE_15_9-01,1582.8,32.11450911010212,2.2227299493786363,0.2828355794115564,8.772600081477455,89.2374932079053,143.63167142408,1.8189396294099194,8.432418921602972,0.02984589599549655,0.2701015646522808,0.22243290481280512,0,HUGIN FM,HUGIN SAND
VOLVE_15_9-01,1582.95,23.31730803834288,2.210040409210431,0.28029426644173383,3.778274312009295,94.30854527446927,142.82271091154996,1.737627492067151,8.578890631320489,0.02803355349469623,0.2587819742309915,0.3323789647230373,0,HUGIN FM,HUGIN SAND
VOLVE_15_9-01,1583.1,24.319874654114955,2.2745491619068705,0.23378499397815503,5.403230402344736,85.83630873221038,144.09007710804323,1.565458049027225,8.325491749276999,0.006551951843300492,0.2332696640415778,0.3274857067893202,0,HUGIN FM,HUGIN SAND
VOLVE_15_9-01,1583.25,33.554685606356784,2.282083565081098,0.18354431966188425,4.135510951941055,87.9564680065069,139.67357855837926,1.8494337112827328,8.546785085878586,0.04016248826775269,0.23639769979537095,0.3563758262885094,0,HUGIN FM,HUGIN SAND
VOLVE_15_9-01,1583.4,33.91255904482361,2.219013718523333,0.302574825577608,5.857583928191348,88.54597652852463,139.0358581952493,1.819994555498474,8.344526359179715,0.01554445344771213,0.26667775453058373,0.27469056954542037,0,HUGIN FM,HUGIN SAND
VOLVE_15_9-01,1583.55,21.39972663183483,2.210301214707043,0.2567585031127827,4.4341449178682195,92.47237365220369,146.40338343256133,1.60143359443888,8.539005127713368,0.002674289392754955,0.26230918830827604,0.29059815106920406,0,HUGIN FM,HUGIN SAND
VOLVE_15_9-01,1583.7,23.371577519739464,2.3189008904996604,0.20459526555651425,7.813561115160342,90.63871045673972,143.11120477575562,1.9164111649690527,8.180640582950264,0.008310727019528934,0.21981426092023088,0.29282185986072656,0,HUGIN FM,HUGIN SAND
VOLVE_15_9-01,1583.85,43.38049674034471,2.2523106259866723,0.24700231397751368,2.882735205341899,88.81132701175416,136.14722485505777,2.053584701268004,8.605821300110822,0.07866966074686353,0.2576840707785405,0.39992567029748227,0,HUGIN FM,HUGIN SAND
VOLVE_15_9-01,1584.0,25.481306248844863,2.2057869251410676,0.25788941409886285,19.24507112058173,96.00079245465324,154.42602085783176,1.667981386407198,8.4442539442427,0.0,0.26461833214553576,0.15028776086833906,0,HUGIN FM,HUGIN SAND
VOLVE_15_9-01,1584.15,37.32967812067119,2.2400163820474757,0.23388140991094702,9.611356587749166,89.31813259058468,139.9228471053655,1.6544735711444083,8.539399153350354,0.033819665864939945,0.24006341665754566,0.2543736823100268,0,HUGIN FM,HUGIN SAND
VOLVE_15_9-01,1584.3,26.03428658637896,2.1872051808114565,0.262607517515223,4.385649894585186,92.57650935472053,151.476856328302,1.6471702886157362,8.169546665348417,0.0,0.2773477067929168,0.29242704213958987,0,HUGIN FM,HUGIN SAND
VOLVE_15_9-01,1584.45,27.78577065946778,2.265258928342365,0.23609161566483752,8.60086107319341,90.03947015259868,146.6511297122338,1.4642676895625482,8.635317670796953,0.01636704471411162,0.24727908435461224,0.24285660166845835,0,HUGIN FM,HUGIN SAND
VOLVE_15_9-01,1584.6,24.137907417239347,2.2557445918859655,0.2614997191403505,6.124659531876302,90.16720356667297,152.39587276549582,2.2008963373750188,8.445995007250698,0.007003809005671937,0.24985429130830322,0.28148512483814564,0,HUGIN FM,HUGIN SAND
VOLVE_15_9-01,1584.75,29.712775707551145,2.237660182294373,0.3081956887916504,5.22012431840904,96.79436732339677,153.81282200057143,1.7102229238968463,8.543422543072372,0.0,0.26758841997158833,0.2860712231815045,0,HUGIN FM,HUGIN SAND
VOLVE_15_9-01,1584.9,34.87542774259197,2.1968951498130687,0.3003985697979266,6.487897790320294,94.97213284942251,147.93916380385195,1.6283091645171526,8.141939404815973,0.03248989464286278,0.27911365364119917,0.2693126629532354,0,HUGIN FM,HUGIN SAND
VOLVE_15_9-01,1585.05,20.758372316120614,2.17793052268484,0.30740997241698587,4.210235607060533,95.1649700505677,144.91524040514474,1.5746449906021316,8.259309238126914,0.009825089124473163,0.2834842453532235,0.2986959730424755,0,HUGIN FM,HUGIN SAND
VOLVE_15_9-01,1585.2,23.237747238897818,2.240524826904517,0.25985936366092327,3.769145924671245,89.93441037280841,154.86177352686755,1.7224065067212038,8.421969167777652,0.0,0.26740756428985807,0.3240074638878907,0,HUGIN FM,HUGIN SAND
VOLVE_15_9-01,1585.35,34.06288794349651,2.2313925048622503,0.2638904042828479,6.305076791040464,92.9659629353119,152.0560806790797,1.6609581266673368,8.79637649934288,0.047236792859214866,0.25471157804295413,0.29503271560621436,0,HUGIN FM,HUGIN SAND
VOLVE_15_9-01,1585.5,30.576268091008043,2.247170165542739,0.2724575315500363,5.363218072028034,87.86219362406078,137.1174101925983,2.087614637352111,8.63128664782236,0.06551590820978613,0.2541004972339627,0.28974503576449906,0,HUGIN FM,HUGIN SAND
VOLVE_15_9-01,1585.65,28.953949688735772,2.2626998222770514,0.2196356196067323,5.464811047785122,86.9076970577818,147.51809073878655,1.550252436787239,8.727519300233741,0.06758817927791394,0.22268855058790063,0.3048132079506806,0,HUGIN FM,HUGIN SAND
VOLVE_15_9-01,1585.8,33.284795859843385,2.2206876202990964,0.2577941925830416,4.441349360247166,99.70122280104718,166.30276840110565,1.4922931537423325,8.323705400656316,0.034074579899961814,0.26119760700902966,0.30275055663770906,0,HUGIN FM,HUGIN SAND
VOLVE_15_9-01,1585.95,32.902881123893415,2.28114447830449,0.2640099549228569,9.741276047247068,80.95047770106575,122.7643768094295,1.9103568164574825,8.291835330271324,0.02511173789821962,0.2431521550714624,0.21349254310274485,0,HUGIN FM,HUGIN SAND
VOLVE_15_9-01,1586.1,28.831925055304517,2.2401327908495507,0.27861964269871003,3.5792263153489268,90.48248159750668,141.00459618059085,1.7785587007381383,8.623113662689525,0.06400142640700221,0.24721357363565752,0.3353281238201645,0,HUGIN FM,HUGIN SAND
VOLVE_15_9-01,1586.25,33.19230024003753,2.289252260345358,0.24825547349538607,6.05944728723652,89.27511261582286,142.17855595951474,1.755411032744177,8.644038445603616,0.07505755368524003,0.23564863505229489,0.29309220463323227,0,HUGIN FM,HUGIN SAND
VOLVE_15_9-01,1586.4,24.564997878869104,2.2012505314312407,0.2362812730771113,3.37143125534097,89.54887687683869,137.9277775229321,1.9119272492608927,8.562948673853347,0.059024966930423896,0.25133067165312223,0.37398424381967976,0,HUGIN FM,HUGIN SAND
VOLVE_15_9-01,1586.55,20.522595447606506,2.217636567531539,0.25732290988289525,4.644034924321429,90.02828128135538,143.56235273561435,1.8273423274589067,8.841911441617546,0.0,0.2632347495472484,0.3228276737821237,0,HUGIN FM,HUGIN SAND
VOLVE_15_9-01,1586.7,28.654121251541014,2.31739991453214,0.1816959109551985,5.766198007531061,83.87818932558389,137.76491265313317,1.7906364826279428,8.364341962241415,0.031929422009201194,0.20573312034393573,0.36143214681374314,0,HUGIN FM,HUGIN SAND
VOLVE_15_9-01,1586.85,28.910843462990574,2.2813597810942805,0.2596130064757461,7.692626850692433,89.20054825924792,135.8545729231852,1.518870779615272,8.544036825430922,0.03951378447464583,0.2521818906078547,0.2547289456566483,0,HUGIN FM,HUGIN SAND
VOLVE_15_9-01,1587.0,20.165619541346828,2.193128754026399,0.27603930495874834,4.923157803861765,92.33526009136122,149.20141888604763,1.466380970065634,8.16136505517942,0.0,0.27093124273332,0.27493066794062865,0,HUGIN FM,HUGIN SAND
VOLVE_15_9-01,1587.15,25.34311972219603,2.254544927717866,0.256326821652599,8.40780488037497,88.9785630317248,148.2081907279232,1.6599143237418905,8.59921090267686,0.041294624692883225,0.25554683636942205,0.24384046303499454,0,HUGIN FM,HUGIN SAND
VOLVE_15_9-01,1587.3,28.78050460533766,2.3016970536961927,0.25011267597701986,7.772093106186665,94.30945549160626,152.89622998292262,1.583127011820214,8.839849197942767,0.09584975215911005,0.23090098870548928,0.28714536520126666,0,HUGIN FM,HUGIN SAND
VOLVE_15_9-01,1587.45,31.76941762159837,2.201034784544466,0.28701864017246176,3.0792574758218567,91.94663826205746,146.7365394453915,1.8538411597046374,8.309557313193956,0.04730650881086652,0.271584639069155,0.37052222386868955,0,HUGIN FM,HUGIN SAND
VOLVE_15_9-01,1587.6,22.074140044815852,2.252230549616404,0.2599883127697188,3.4542618573172366,91.22963328727266,142.62690446175498,1.4402570178580474,8.736815701669641,0.07276143187658266,0.2439368571300889,0.39000295845909955,0,HUGIN FM,HUGIN SAND
VOLVE_15_9-01,1587.75,23.2195417483265,2.241214009400924,0.23840588410291283,6.4981207593095895,88.52730062761673,145.79789036468352,1.7105679814129533,8.872097721399467,0.03449924101186817,0.2572616037970712,0.24681810756333744,0,HUGIN FM,HUGIN SAND
VOLVE_15_9-01,1587.9,18.275952508086412,2.190793859644624,0.2675105053018145,5.9000466122691515,94.68761554541791,145.61558431242847,1.765385028333645,8.367548034291444,0.027270107865768597,0.26848527563220315,0.2792171489438664,0,HUGIN FM,HUGIN SAND
VOLVE_15_9-01,1588.05,31.024465572091152,2.234525082897765,0.2683841492682729,5.981474933471094,92.43437249462046,149.10895504686835,1.7920689440936761,8.620380950791052,0.04136171108211841,0.2539830330406298,0.3026237297234381,0,HUGIN FM,HUGIN SAND
VOLVE_15_9-01,1588.2,16.547562739011468,2.2824584464872255,0.27812526028756845,4.852846654794347,89.67219483636586,143.60309040345197,1.879792852541908,8.816178229663034,0.005907689360894454,0.2456648714573143,0.3251525888987574,0,HUGIN FM,HUGIN SAND
VOLVE_15_9-01,1588.35,25.342006854873727,2.3025183502866993,0.21856021835267994,13.18230031471928,82.32177658170606,137.34289766177824,1.7346919613018086,8.549756645073648,0.0019301143389055288,0.22370921620661804,0.206763521124847,0,HUGIN FM,HUGIN SAND
VOLVE_15_9-01,1588.5,39.780673908726186,2.274265213051134,0.2542859502544981,9.860845747827499,85.71748951950165,134.23423942585822,1.6665015992079124,8.700110601404893,0.06929530347356913,0.23287485072450057,0.23488858696564885,0,HUGIN FM,HUGIN SAND
VOLVE_15_9-01,1588.65,40.29657471175868,2.251765239783824,0.2788143333787596,3.951261976472512,95.43374333088597,150.20531026995198,2.048896030089958,8.156986183862868,0.07294110321478078,0.250310129658066,0.34068863815805445,0,HUGIN FM,HUGIN SAND
VOLVE_15_9-01,1588.8,16.208354744738728,2.254114592658798,0.2511327625698689,11.401807427940605,87.26073603128687,133.4078532969019,1.7359934622908333,8.620444931977309,0.002504132532977231,0.25468969665737345,0.19769931131399693,0,HUGIN FM,HUGIN SAND
VOLVE_15_9-01,1588.95,32.35787539704712,2.2587416770292097,0.2864215663746708,5.850861247150834,92.59219329707832,150.33393064832737,2.0838260735108602,8.64047199453311,0.06174555146202465,0.2541915787056203,0.2906587951316639,0,HUGIN FM,HUGIN SAND
VOLVE_15_9-01,1589.1,22.958987884942644,2.232920150197562,0.28234822333423687,4.9259846557015505,87.14890552508598,137.31916962497633,1.7349745501111304,8.245047414867155,0.03056678280889387,0.2537197292842848,0.31182462527061017,0,HUGIN FM,HUGIN SAND
VOLVE_15_9-01,1589.25,23.199263888115162,2.2538308373329095,0.30097366061283515,4.2957915799904995,95.01841012076315,147.7190863068718,1.7967460673460405,8.349010305688576,0.04384151649122584,0.26678973845792747,0.32856075344402363,0,HUGIN FM,HUGIN SAND
VOLVE_15_9-01,1589.4,28.985727661597423,2.28948174259019,0.2581359764078174,5.834858038411581,86.6767487084881,134.84871660019456,1.7722505304996543,8.680420300617717,0.047927130879450455,0.24177826339618919,0.3019922344866436,0,HUGIN FM,HUGIN SAND
VOLVE_15_9-01,1589.55,37.26192446507862,2.2663681560373483,0.305102265765665,5.081877058954813,87.0384117108579,141.94698621968718,1.8462437217264651,8.440558866972204,0.06442598610961048,0.24823562285607267,0.29581495988050654,0,HUGIN FM,HUGIN SAND
VOLVE_15_9-01,1589.7,31.565872969567323,2.2222014879546146,0.2501644282896879,3.559798646148183,88.40179082119013,135.92806281528888,1.7160303610208096,8.739947295522287,0.037553458931216116,0.2568370717052923,0.3483445806651888,0,HUGIN FM,HUGIN SAND
VOLVE_15_9-01,1589.85,28.820492459894123,2.214156829439409,0.3138089404403289,3.796978235754642,90.05885223604457,139.02333375277288,1.81922699474915,8.657737456508,0.07785470634008973,0.2596491827657367,0.33254170822031476,0,HUGIN FM,HUGIN SAND
VOLVE_15_9-01,1590.0,32.8297729639209,2.289457756121142,0.24341908628242487,7.878749456691968,87.1579756585013,143.93456818118898,2.1061628053191255,8.562931760365828,0.04531161028285145,0.2212563549668285,0.27624265198728243,0,HUGIN FM,HUGIN SAND
VOLVE_15_9-01,1590.15,19.0288335897976,2.2720608289427644,0.2720646216327134,6.408765602249888,88.44856303897578,140.68709798321387,2.0097703579449124,8.513381826520137,0.055235528939010514,0.2369715456313274,0.3135318035158151,0,HUGIN FM,HUGIN SAND
VOLVE_15_9-01,1590.3,22.374724537657904,2.183401637959314,0.2649162100174599,4.884651755437297,88.43504674602671,146.2733002235643,2.0111476687239067,8.576817697641035,0.011994247682358995,0.26951782795594026,0.3179067254375173,0,HUGIN FM,HUGIN SAND
VOLVE_15_9-01,1590.45,30.592897789523928,2.2552901076027516,0.2851021391553399,2.997547205922656,91.21999119589843,144.15520683689167,1.5316138856345,8.699652089193203,0.10223532118979141,0.2528773469175959,0.4118074584295065,0,HUGIN FM,HUGIN SAND
VOLVE_15_9-01,1590.6,30.336826220441527,2.278443139666005,0.2846640457460562,4.012984279591691,86.26082349383039,138.01168809314547,1.5639760116597774,8.710100760365737,0.05205497643944073,0.2483163160068528,0.35023267634641114,0,HUGIN FM,HUGIN SAND
VOLVE_15_9-01,1590.75,29.670283349511422,2.280787546340671,0.22519194241229676,3.2704526419281263,90.39554808495366,145.41437329560694,1.843550184551398,8.419291276250812,0.05983603334538337,0.23796371028496668,0.3740536528013122,0,HUGIN FM,HUGIN SAND
VOLVE_15_9-01,1590.9,24.292644531900574,2.2018608437442784,0.2683697869884646,5.919495756134438,94.24415643202443,157.7270816269732,1.9541475850911874,8.747887410508055,0.0,0.27163631262477295,0.2649196301850185,0,HUGIN FM,HUGIN SAND
VOLVE_15_9-01,1591.05,25.526724295491274,2.203930217603198,0.22824955241748518,5.099956898689752,91.61624940388818,153.11536317727243,1.6961728895117099,8.63228557995992,0.01474023101075755,0.2688635715304953,0.2737379239904771,0,HUGIN FM,HUGIN SAND
VOLVE_15_9-01,1591.2,32.43150159442222,2.285240649201432,0.23971313962926133,6.895660366161357,88.79088722256942,147.83160474707276,1.6604830272487594,8.630673033996684,0.07704700409975565,0.2317227485512811,0.30694510158927724,0,HUGIN FM,HUGIN SAND
VOLVE_15_9-01,1591.35,32.35636141745773,2.246194822423456,0.24149289133125315,4.365877941433377,95.17319001531115,149.1330096748209,2.078768600534593,8.577372678995152,0.049007437712280125,0.25046193954361284,0.3031985989817758,0,HUGIN FM,HUGIN SAND
VOLVE_15_9-01,1591.5,25.746655130511915,2.214226632235206,0.27354101577186046,6.700069763328387,92.1263563552382,142.46802232146504,1.937175333350728,8.600009912867693,0.0,0.2778963695311952,0.2453487521098555,0,HUGIN FM,HUGIN SAND
VOLVE_15_9-01,1591.65,30.468843054931973,2.2352095265188936,0.3361183283479153,2.651606191889884,89.7310819031375,147.37368836032454,2.0115973361459014,8.15422686270209,0.07253265408373435,0.26676556308326194,0.3808814775529613,0,HUGIN FM,HUGIN SAND
VOLVE_15_9-01,1591.8,29.43726583434665,2.250046364821842,0.30181023599977513,3.5661511621019,92.94207776525711,155.59112293591548,1.711709988313355,8.554774135714984,0.02556341510866042,0.2636196535975321,0.3477366064205377,0,HUGIN FM,HUGIN SAND
VOLVE_15_9-01,1591.95,37.1780833119318,2.2507481172449078,0.21929845774788181,6.162559566653667,85.21958998093326,142.1654376300869,1.6959958825368313,8.907374732375153,0.08471016414387347,0.23538088386031342,0.30610415617808673,0,HUGIN FM,HUGIN SAND
VOLVE_15_9-01,1592.1,26.04173028065456,2.2588562913358032,0.2643843361651238,4.67324638292682,88.67877497039314,141.95128623929614,1.9897781209326317,8.565355193920077,0.04023010246597582,0.24723505476323937,0.3402045631904854,0,HUGIN FM,HUGIN SAND
VOLVE_15_9-01,1592.25,29.405638834745677,2.236954240777998,0.2770140244761181,4.467273505647026,88.5500185867346,145.31907246314609,1.7474548279488202,8.672569461226544,0.04950160513799006,0.25361016196423486,0.3221204396915889,0,HUGIN FM,HUGIN SAND
VOLVE_15_9-01,1592.4,38.33590188746305,2.272694942927954,0.2397085215271082,4.629441864707427,86.29583272230354,141.8002706211113,1.6778285941215925,8.448922739835735,0.07922493760242226,0.23458272262083665,0.35595888032729545,0,HUGIN FM,HUGIN SAND
VOLVE_15_9-01,1592.55,21.141858624925945,2.2549870262364444,0.26386857449943035,7.6832457004872445,89.4996749077778,143.9441938093415,1.617360712722957,8.617261414190631,0.01742802117118659,0.25768821926058133,0.23428805017507442,0,HUGIN FM,HUGIN SAND
VOLVE_15_9-01,1592.7,35.454636659961295,2.285986721554237,0.2474516887142765,6.206701217770803,90.49722531617942,145.7574286295721,1.6977409720720837,8.461842378241059,0.015064480828227103,0.23967237244174247,0.29358629058859637,0,HUGIN FM,HUGIN SAND
VOLVE_15_9-01,1592.85,22.052214737669715,2.2496985912521255,0.24665457697371826,4.9399118573189105,95.33985844344949,153.0347501935332,1.9750167102917353,8.90297601925381,0.03945252222492203,0.26766892609721715,0.3053588302721868,0,HUGIN FM,HUGIN SAND
VOLVE_15_9-01,1593.0,29.985944759513693,2.303731123146143,0.21171044615870502,5.178504595618286,89.29384500902295,138.9296693480422,1.4980670286544095,8.355580155723873,0.07066071384776185,0.2217379261632637,0.3488803191349111,0,HUGIN FM,HUGIN SAND
VOLVE_15_9-01,1593.15,20.85872987654052,2.2452026414528135,0.25603172598834373,6.289649064209742,90.22910500652303,140.9363058226571,1.9258104936687852,8.435227051348303,0.006417682746532399,0.2516231392075441,0.26707842476485305,0,HUGIN FM,HUGIN SAND
VOLVE_15_9-01,1593.3,35.93963498434688,2.226564267626972,0.2634744024246479,14.468103172342014,89.6352782898162,139.90899345615773,1.6583562482507703,8.379824388618879,0.0,0.26148635186501257,0.17165346379588015,0,HUGIN FM,HUGIN SAND
VOLVE_15_9-01,1593.45,29.328343373431622,2.1860814957863126,0.264901415691593,6.5745850762333164,85.68092511839251,129.0932963055155,1.7579399210426112,8.984454424153919,0.0720536159754461,0.2682646276036214,0.2642560989084878,0,HUGIN FM,HUGIN SAND
VOLVE_15_9-01,1593.6,25.32223957179989,2.2852032963189264,0.23331991351920955,4.86917720514603,89.871431926647,144.50859071937728,1.770750883876529,8.462226302171452,0.02975205636255319,0.24474462786190346,0.3026732176232206,0,HUGIN FM,HUGIN SAND
VOLVE_15_9-01,1593.75,26.620810884876704,2.2610921446062617,0.24273423327309343,4.913294879832435,81.3058212078338,129.88644706834629,1.7558510256725377,8.408089286576834,0.03657425878501367,0.23904367944876548,0.3110414889106707,0,HUGIN FM,HUGIN SAND
VOLVE_15_9-01,1593.9,25.478014039469752,2.2573327093117554,0.2694637889898545,3.4544171055522392,83.33729095626121,137.14948620843646,1.7425744740169062,8.081881090909071,0.0,0.25174076993018907,0.38113740613124925,0,HUGIN FM,HUGIN SAND
VOLVE_15_9-01,1594.05,26.110071665190056,2.221671093504126,0.2790090138596788,3.352984746588745,92.4661931069766,154.24949538605813,1.7111288132317606,8.325011931346049,0.0289713743127643,0.2761930231317016,0.33485373432673426,0,HUGIN FM,HUGIN SAND
VOLVE_15_9-01,1594.2,29.04886899797183,2.3004045100330246,0.24282741138065703,6.231462362817721,84.37725949251174,141.62508701225144,1.6857149652117194,8.623518631318799,0.049613716011408716,0.20293073736623274,0.31606062876499713,0,HUGIN FM,HUGIN SAND
VOLVE_15_9-01,1594.35,14.787896669461691,2.277159358994503,0.21930496992930268,6.818871538649749,85.27984333463986,143.54007662697256,2.0639547093930943,8.632409528404285,0.078252067732425,0.22148357072269015,0.3190310564806556,0,HUGIN FM,HUGIN SAND
VOLVE_15_9-01,1594.5,27.917659233541077,2.2126847437677983,0.30067754851799305,2.3949924255660586,99.73075040829865,155.7837955168328,1.8050098632139855,8.392264874167193,0.027703790037178325,0.29265978398331977,0.3607703061196382,0,HUGIN FM,HUGIN SAND
VOLVE_15_9-01,1594.65,34.68990957780586,2.2741307611579966,0.24662208827764695,5.811627812438547,90.75379600688952,138.04627722108742,1.7748103413550105,8.403705949178114,0.10106185758286984,0.23854871822229656,0.29813803466698907,0,HUGIN FM,HUGIN SAND
VOLVE_15_9-01,1594.8,33.1666896109222,2.2639454746886556,0.25048152216600567,5.71650637503277,86.62042117089933,143.2463917637661,1.6710694555295829,8.886642875442918,0.03130363814589715,0.23402675751585889,0.2997769020567392,0,HUGIN FM,HUGIN SAND
VOLVE_15_9-01,1594.95,34.57078168183106,2.24774598916734,0.2389747303401309,7.3088643359150325,93.64809980335193,156.7476268763676,1.7184112357738635,9.045449150133937,0.03184712568877943,0.24982941913131787,0.2525662316997188,0,HUGIN FM,HUGIN SAND
VOLVE_15_9-01,1595.1,33.462653344408345,2.3015775496452613,0.28473393783784035,3.222329085840743,93.05869474255132,156.67387382413426,1.6717657583277266,8.758858477919462,0.09895993317228766,0.23134199278212209,0.39818328238645145,0,HUGIN FM,HUGIN SAND
VOLVE_15_9-01,1595.25,34.75094055233433,2.2609865002618084,0.2299524283935776,4.406496114723611,92.24876833582587,150.0230103857833,1.9530688343829001,8.898382991535037,0.05968205414699529,0.25481236833304843,0.3351545630941793,0,HUGIN FM,HUGIN SAND
VOLVE_15_9-01,1595.4,23.033396697982464,2.17836981098574,0.31634388342616376,5.304997349732879,90.82487131275302,135.3362743623867,1.6492801827058148,8.854286264708307,0.03727621684427892,0.276442846105917,0.27350670025308643,0,HUGIN FM,HUGIN SAND
VOLVE_15_9-01,1595.55,33.55643428486332,2.2811396486732414,0.2602182305410617,5.551497499470987,88.34681123939033,143.1829453001925,1.350750825670357,9.06255456557256,0.04968129022508209,0.25096626762512275,0.30695663655160915,0,HUGIN FM,HUGIN SAND
VOLVE_15_9-01,1595.7,31.203032428071232,2.311997743222527,0.24869056001951728,4.559116239637748,82.8826143557761,135.3893873087888,1.8116616074929772,8.47797460942283,0.09542538340783283,0.2233282608734041,0.3519601531826638,0,HUGIN FM,HUGIN SAND
VOLVE_15_9-01,1595.85,28.511596240743692,2.2596298401541253,0.28366340774041576,6.251522635171614,89.67614988595648,149.7422149238233,1.7441218344859581,8.370076564266896,0.09931666927783128,0.2420754092869019,0.3151840551472356,0,HUGIN FM,HUGIN SAND
VOLVE_15_9-01,1596.0,27.04780477109936,2.241836242480641,0.26205759754399915,5.341845682304646,85.04382566407527,143.2182645324366,1.6828423566385398,8.947467325527537,0.031323664864417004,0.24020581791101522,0.28067356837369506,0,HUGIN FM,HUGIN SAND
VOLVE_15_9-01,1596.15,37.23218241747138,2.306159998685778,0.22173218187915616,6.106462722635229,86.06181749521645,142.24707500927298,1.9823112239895393,8.342642587681397,0.055050738752447155,0.22807510882215032,0.28187653732651763,0,HUGIN FM,HUGIN SAND
VOLVE_15_9-01,1596.3,31.559818924729388,2.314169623150167,0.23677973813914638,6.825204987592818,86.2881687352322,135.12467548489226,1.2532960793903767,8.45384833891503,0.059524118327106905,0.2158493292848283,0.33295533046018777,0,HUGIN FM,HUGIN SAND
VOLVE_15_9-01,1596.45,35.116523663768525,2.2555223694139483,0.26983459714622887,7.232864389719766,80.58494410635811,123.79032399740969,2.115248812993978,8.314057309446834,0.027727188688175003,0.22832603939031026,0.28864044264591826,0,HUGIN FM,HUGIN SAND
VOLVE_15_9-01,1596.6,26.58945474319872,2.277598341602082,0.2205249394381517,6.864373340881077,83.5165210287115,136.29623940501992,2.0109355520894985,8.476178049014624,0.056138087497660416,0.22985006055671908,0.29245353951116076,0,HUGIN FM,HUGIN SAND
VOLVE_15_9-01,1596.75,35.79312567788584,2.3526019552446966,0.2760887786468702,9.962328746412659,85.1796421151856,132.32535183216913,1.6743893473610365,8.128472197773357,0.05846179110679888,0.22495093975697084,0.24911044957926937,0,HUGIN FM,HUGIN SAND
VOLVE_15_9-01,1596.9,30.574297252828796,2.271171891994362,0.2586380430416489,5.177676683963392,88.83844597671269,149.51719909695214,1.7098431456633998,8.2707247078788,0.09300102567382658,0.23697383947120362,0.3302323365285065,0,HUGIN FM,HUGIN SAND
VOLVE_15_9-01,1597.05,35.20002198401582,2.2934770872482124,0.21921401990737654,6.693817536284648,84.43772967823003,126.57757279840844,1.9008773902925378,8.592335134040235,0.0955092487007348,0.21355218804067147,0.31811660267062497,0,HUGIN FM,HUGIN SAND
VOLVE_15_9-01,1597.2,30.824013304701502,2.312882568113924,0.18771155599093778,7.802029696906279,82.13177406144001,134.24527156027736,1.9062431979681995,8.34227423573993,0.04990104380425715,0.1980921871124643,0.297487895709179,0,HUGIN FM,HUGIN SAND
VOLVE_15_9-01,1597.35,33.42307392336915,2.319959001770489,0.2320384069409072,5.895978553248224,84.95339601236405,137.52310849349493,1.6732236284856878,8.715108353778632,0.05384858161840303,0.22842686118631222,0.32476810835995684,0,HUGIN FM,HUGIN SAND
VOLVE_15_9-01,1597.5,33.91875610383232,2.3005863641434385,0.20197766467857103,4.696591992451554,83.33439473390992,132.30119823660007,1.4766446492271479,8.553318493347028,0.08068476846605985,0.22898051603007197,0.3603555436766128,0,HUGIN FM,HUGIN SAND
VOLVE_15_9-01,1597.65,25.454446223388747,2.297187966323686,0.23634883466285087,5.021579841414195,86.55592762535706,133.8639028290476,2.222738544240401,8.700585521860912,0.04368809381576665,0.2381005099716616,0.3470097017417535,0,HUGIN FM,HUGIN SAND
VOLVE_15_9-01,1597.8,36.943544418667784,2.2400987042025804,0.2659405173498558,4.27608664334177,91.06358449312557,135.3928536767856,1.9912248099871104,8.714047648440534,0.07938957534952595,0.25929062592453916,0.3503532976498459,0,HUGIN FM,HUGIN SAND
VOLVE_15_9-01,1597.95,39.31825250459778,2.3018564532605432,0.2207134781709995,6.128918039235569,86.90127400247329,136.38489497359384,1.83137060565887,8.465225097474221,0.05957862666285062,0.2332649571538203,0.30481507406706915,0,HUGIN FM,HUGIN SAND
VOLVE_15_9-01,1598.1,25.274701711021923,2.211436362437091,0.28349788643550744,4.806821057859585,91.68476847281332,144.12621365033138,1.835155049848009,8.73629231135359,0.03361809286634224,0.26349826860746894,0.2807855110628405,0,HUGIN FM,HUGIN SAND
VOLVE_15_9-01,1598.25,19.099240852338546,2.2536182222216024,0.25056735877698644,8.550954186615662,90.79067014885763,150.8237555324145,1.9242634056993042,8.67805326169199,0.034477907732249576,0.24977099837293676,0.257272590253553,0,HUGIN FM,HUGIN SAND
VOLVE_15_9-01,1598.4,37.66885685159842,2.2914658969760096,0.23101755402933213,5.711177825314375,90.08091666746063,140.21518847653638,1.948212657209002,8.566619791981404,0.10707641062978397,0.2276719833271531,0.3016650978220311,0,HUGIN FM,HUGIN SAND
VOLVE_15_9-01,1598.55,28.99206458710093,2.309497646232396,0.2325057209844982,5.78833666223689,85.50601654454057,139.07347953908388,1.3827266645024063,8.288683297721814,0.059452279551175526,0.23009455775319274,0.3180931886221811,0,HUGIN FM,HUGIN SAND
VOLVE_15_9-01,1598.7,35.1587543318756,2.295638537822411,0.249638762294832,6.64260553061644,83.14840154068644,126.57624344788934,1.7298256041269346,8.788047360566509,0.11383440643844295,0.22546145186274863,0.29418601584890874,0,HUGIN FM,HUGIN SAND
VOLVE_15_9-01,1598.85,32.50163762599452,2.2628607914420584,0.24306134675583382,5.140603249347397,91.56673595481452,148.90801849812118,1.709034008759135,8.283057328487807,0.04969209312988902,0.2341431085770106,0.3191354848948388,0,HUGIN FM,HUGIN SAND
VOLVE_15_9-01,1599.0,29.77779415078531,2.2659721390777703,0.23794581793258857,7.441253319872195,90.29185009542243,133.27845839175257,1.7677130682996036,8.610025231023458,0.07431322420961374,0.24081833606289804,0.2735211333672909,0,HUGIN FM,HUGIN SAND
VOLVE_15_9-01,1599.15,36.74975158596928,2.271344475339679,0.23889236227226324,9.929633289262389,84.18920274165242,145.17920527629738,1.9541587886283627,8.554521380716539,0.137831699396712,0.21570453788194757,0.2578749153686625,0,HUGIN FM,HUGIN SAND
VOLVE_15_9-01,1599.3,27.805641793501938,2.225941325800581,0.24023142102298864,4.5931953581021245,88.5384446197539,140.95617375761697,1.4419839605085376,8.233645532761624,0.03480251977036705,0.23602456220875873,0.35106106197434983,0,HUGIN FM,HUGIN SAND
VOLVE_15_9-01,1599.45,33.30454180622367,2.2305740934246807,0.2512527881407919,4.764050525729088,95.28834937342944,138.48885537549208,1.5301715228873247,8.553886540116686,0.01006075911893247,0.27253295873592825,0.27902249796738754,0,HUGIN FM,HUGIN SAND
VOLVE_15_9-01,1599.6,35.22626372328849,2.2660318121941856,0.24543506551290256,6.339792198293178,94.22076679659118,147.1644794967465,1.6636509926928746,8.71448541917847,0.10606227055495346,0.23529581879980474,0.2897669985052914,0,HUGIN FM,HUGIN SAND
VOLVE_15_9-01,1599.75,22.91878444964574,2.259023202435118,0.2591487355761428,7.148543249552292,89.30027564787666,138.50212987117334,1.8308690252933122,8.555971445334531,0.04312791951284782,0.24109278224079791,0.2581210187889824,0,HUGIN FM,HUGIN SAND
VOLVE_15_9-01,1599.9,25.45940688181051,2.278390560049968,0.2642520238495975,4.283264851292676,92.42735352118204,144.60467497455977,1.966425122668075,8.628086676401903,0.06777683460543248,0.2426427334608525,0.3414348491181498,0,HUGIN FM,HUGIN SAND
VOLVE_15_9-01,1600.05,30.568174475071814,2.287231282857862,0.24728646222110054,3.368231497369888,85.49665914528276,134.9714476534582,2.1262646839122317,8.44375762709358,0.05128447228182956,0.24419307802689397,0.3841557272579472,0,HUGIN FM,HUGIN SAND
VOLVE_15_9-01,1600.2,26.702915842487194,2.3012423380017792,0.24979544541565005,7.6589842830947585,86.9310661208981,135.776620026809,1.7427291600231303,8.674135538664892,0.07736900890465358,0.22465463818423248,0.3031570096210889,0,HUGIN FM,HUGIN SAND
VOLVE_15_9-01,1600.35,21.108962871115626,2.2892003251694693,0.2361918292688009,5.149513376773423,88.6420207312213,137.745172784613,1.9660961819249971,8.440216753687045,0.041268213744593996,0.24960070714680424,0.30177729539024906,0,HUGIN FM,HUGIN SAND
VOLVE_15_9-01,1600.5,34.337887827131475,2.2885324075611106,0.22294774669530498,3.143927863804788,88.82341015957716,136.32404149532925,1.94203249565315,8.320799765585997,0.06484429339433075,0.2322008594500219,0.37328488001275284,0,HUGIN FM,HUGIN SAND
VOLVE_15_9-01,1600.65,36.42083914256146,2.301509798259473,0.22918791426652405,12.596276113818499,91.59891428469211,150.66720997517282,1.908333830214026,8.747884449781663,0.08419312766545521,0.22158404438257936,0.23506065308172103,0,HUGIN FM,HUGIN SAND
VOLVE_15_9-01,1600.8,27.04515014107831,2.295685914764534,0.2605380117655544,3.682966458362344,87.03196858260492,145.2568278083491,1.79514381203236,8.791154174489378,0.04090350326892186,0.22445116355347342,0.4110144831263099,0,HUGIN FM,HUGIN SAND
VOLVE_15_9-01,1600.95,31.275508846955095,2.239405700104269,0.2514081107934467,2.6684696476259946,85.81276367437508,136.02755276281871,1.7200936123118993,8.663193019760246,0.050602235696805775,0.24055274290816173,0.43786068582536025,0,HUGIN FM,HUGIN SAND
VOLVE_15_9-01,1601.1,31.795752516689873,2.2672367460218554,0.25491466479096714,13.465256751718588,86.47447789430385,138.2709813807248,1.5869201338794774,8.49740931589251,0.0616330978496039,0.251177016306842,0.18372305288387691,0,HUGIN FM,HUGIN SAND
VOLVE_15_9-01,1601.25,30.827682292758467,2.2140473280362865,0.27723051585059905,5.000126105663574,93.32402464757848,143.6867851351627,1.5736814267756554,8.207218989237239,0.02963774066224254,0.24190209472712973,0.3046411607528349,0,HUGIN FM,HUGIN SAND
VOLVE_15_9-01,1601.4,33.74947027901663,2.188683435073026,0.28429653538457894,5.669264963698839,95.75958656436956,153.57044199467342,1.8694163646996012,8.95491024634157,0.0602707448349224,0.28099469236341135,0.28283387185699854,0,HUGIN FM,HUGIN SAND
VOLVE_15_9-01,1601.55,19.2817389710779,2.2480310256644045,0.3077550850486896,4.939622776661326,91.96088628771145,148.2872368711074,1.7891154979436172,8.595273302199628,0.07695454640751612,0.2515172383418423,0.3106227753770181,0,HUGIN FM,HUGIN SAND
VOLVE_15_9-01,1601.7,29.672772494423292,2.214390550853204,0.26143495202298445,4.040468070819292,90.73395174649109,144.07732974581663,1.7168985244319628,8.656013124406938,0.06184491880879224,0.26238387667408053,0.2984842221618415,0,HUGIN FM,HUGIN SAND
VOLVE_15_9-01,1601.85,33.87172331047861,2.2353366537396737,0.24320233468861674,3.6914648216209853,91.47075953088496,148.3335901382632,1.9329617252593618,8.984668646142765,0.0661284459956625,0.2535176423742934,0.36135148872266665,0,HUGIN FM,HUGIN SAND
VOLVE_15_9-01,1602.0,29.988035700629556,2.2595169581267776,0.27483314886602656,4.6728304647327645,89.67167941265288,145.01823097049973,1.7599021665822452,8.699060939205816,0.07410861742973289,0.2670440957486041,0.3176040898805203,0,HUGIN FM,HUGIN SAND
VOLVE_15_9-01,1602.15,30.45036108785453,2.2991271216736826,0.23643418529614546,7.568434694746884,88.88922711008343,136.9520664306806,1.6173641692429543,8.5652370384573,0.05546681991110945,0.23309584752621937,0.27216968526333507,0,HUGIN FM,HUGIN SAND
VOLVE_15_9-01,1602.3,37.90218450249175,2.3254073907768014,0.19258842669179965,6.996233307545687,79.84014934190836,133.70947651569816,1.7467003861939634,8.654664956962476,0.09630194309580378,0.19429753475441475,0.3214313248639849,0,HUGIN FM,HUGIN SAND
VOLVE_15_9-01,1602.45,36.71701671161611,2.289819476122606,0.2891443968815251,4.273737433157365,86.07266391503694,136.67803096491124,1.9641259694415987,8.676423955580228,0.11907779521426633,0.21924324603621642,0.3626875504124004,0,HUGIN FM,HUGIN SAND
VOLVE_15_9-01,1602.6,38.476415483146205,2.222309166223091,0.26709067689446747,6.3368814903689765,88.37563066276239,149.77886707000476,1.5952973495648164,9.025917797132163,0.06249282523128282,0.25134422175367005,0.2608617811811207,0,HUGIN FM,HUGIN SAND
VOLVE_15_9-01,1602.75,39.31824733274512,2.2854888398428463,0.2596273879567393,10.157420875653978,79.14632191934517,128.73621801804842,1.8418553635075088,8.395448341673278,0.09140332706673181,0.23663189742329785,0.24648431367152052,0,HUGIN FM,HUGIN SAND
VOLVE_15_9-01,1602.9,31.064715002695547,2.25308385801508,0.24622512134805205,2.7857756241305283,88.56221348052358,151.5542072206969,1.7889148511212232,8.434959336445319,0.07007932386897596,0.24495080811044406,0.42211093720245885,0,HUGIN FM,HUGIN SAND
VOLVE_15_9-01,1603.05,32.431537246883295,2.202471461813508,0.25686864636522105,4.376742378610909,88.63552601887442,147.69318747673128,1.6478380217261093,8.45068864731199,0.08865019053165457,0.25512450548037546,0.29599872317407455,0,HUGIN FM,HUGIN SAND
VOLVE_15_9-01,1603.2,22.63040180095099,2.283729248270969,0.2694512697272942,5.325299320680899,88.09920719917439,142.09467965938333,1.7413295625921017,8.889117125743208,0.1250739192311349,0.23017901472827,0.3322545264233644,0,HUGIN FM,HUGIN SAND
VOLVE_15_9-01,1603.35,32.27587391921685,2.265359245770141,0.22643674288742044,5.2379877540190485,90.2066267979141,140.71506854356446,1.485663398244269,8.548476539893137,0.09377247267020501,0.2458877074386849,0.3099169715097828,0,HUGIN FM,HUGIN SAND
VOLVE_15_9-01,1603.5,20.677012981683724,2.2847941994462397,0.22129353086324888,4.372214162042552,93.39728735273738,145.92782239053233,1.8219280388314667,8.596058271235847,0.025719552055119554,0.2402928875107883,0.336870250820643,0,HUGIN FM,HUGIN SAND
VOLVE_15_9-01,1603.65,34.93623305864852,2.299966096837089,0.22685032445663542,3.242769839031966,87.35663530973483,142.43578792048834,1.527053403320528,8.885887138676143,0.09294826682784635,0.21785425454460955,0.4183489762029062,0,HUGIN FM,HUGIN SAND
VOLVE_15_9-01,1603.8,36.85254332377174,2.2402514386711583,0.29596307546339046,3.1667606812407727,92.4031942225938,148.56074117510468,2.014487443444558,8.656864033339197,0.11671778703338662,0.25143446129569624,0.3659120281964802,0,HUGIN FM,HUGIN SAND
VOLVE_15_9-01,1603.95,35.46030564564368,2.302884155492702,0.24530804586196425,9.240896163005608,90.73358883372542,142.22861095400523,1.7816055153931623,8.74506082702377,0.07348449332115567,0.24177571132318038,0.24810209061934715,0,HUGIN FM,HUGIN SAND
VOLVE_15_9-01,1604.1,42.47124910223491,2.298275935049417,0.24479273565267506,8.984197044828916,89.68137111560642,147.65549352302048,1.6856372686861452,8.812413649451795,0.11039891307888369,0.21990986754535857,0.26596350257323853,0,HUGIN FM,HUGIN SAND
VOLVE_15_9-01,1604.25,30.589632668131472,2.2882916463474015,0.244649943541649,6.3099739867965905,89.44806472940316,143.3107602188252,2.0321118656112906,8.581137192803574,0.06022084017359279,0.23506224392784825,0.300243013285732,0,HUGIN FM,HUGIN SAND
VOLVE_15_9-01,1604.4,39.89328184900539,2.252392975264121,0.2731977346860197,5.848836382025922,89.35510795439646,147.16322180353797,1.5936302311550463,8.503986764363908,0.03674947673041483,0.2417601449177213,0.29981318304246113,0,HUGIN FM,HUGIN SAND
VOLVE_15_9-01,1604.55,34.32645611284365,2.301911515798759,0.20737555325445567,10.341658718096856,89.54743910039653,138.39855222712666,1.6504634188329323,8.564978808354716,0.08593893564993818,0.2261791732712234,0.24195911721765134,0,HUGIN FM,HUGIN SAND
VOLVE_15_9-01,1604.7,21.241405665195785,2.2455209821117506,0.2537324788502637,4.189221471772731,80.1276260449103,133.20156001189733,1.4341506675936708,8.435042984587682,0.02939460667135737,0.23460402377510453,0.35213542801012926,0,HUGIN FM,HUGIN SAND
VOLVE_15_9-01,1604.85,29.341013788354967,2.292510022734285,0.2249690547124826,8.462005582286388,92.32970175605934,150.23250065643134,2.0619012608665557,9.132808330285986,0.07527761225163758,0.2176553914695889,0.2706922557814173,0,HUGIN FM,HUGIN SAND
VOLVE_15_9-01,1605.0,34.67445329091482,2.268298731016182,0.2601757386727444,3.920690200377609,92.53017348424137,154.0361258970957,2.1745731393186394,8.648687703794463,0.12145459781530454,0.22345986512206054,0.4136014574508792,0,HUGIN FM,HUGIN SAND
VOLVE_15_9-01,1605.15,30.424151545532357,2.243940223514786,0.233729313431198,3.5054789900900434,89.54110552830176,148.1529213488645,1.4652812043615882,8.610726864765425,0.025931745155425914,0.2462251937798904,0.40138615340691386,0,HUGIN FM,HUGIN SAND
VOLVE_15_9-01,1605.3,24.558862797492473,2.2493762178610215,0.27329035699801535,4.0312234440022445,87.6789835187648,139.86160662648413,1.636845511876667,8.213851125571637,0.045211708406726066,0.2660207393397497,0.3038008358904089,0,HUGIN FM,HUGIN SAND
VOLVE_15_9-01,1605.45,28.545525784930405,2.2352719661352234,0.2574514531187946,4.001702444893174,93.77318810034346,149.21022825733297,1.8139627163016103,8.528898747088142,0.05300426525239352,0.2515509475491892,0.34057491159662734,0,HUGIN FM,HUGIN SAND
VOLVE_15_9-01,1605.6,32.025730357204594,2.276546319036161,0.23470267184102522,7.8245391602657,87.42561913049215,148.79614557174216,1.6968611725982694,8.577919875268941,0.0824308606440529,0.24238675217082553,0.2659318970890057,0,HUGIN FM,HUGIN SAND
VOLVE_15_9-01,1605.75,29.762866611046967,2.3124183718568916,0.21540418365778166,5.312987904942794,89.27484129401513,141.38690372351442,1.7937369987714205,8.724215767041589,0.07372074367710191,0.22995433236515567,0.3561750394270863,0,HUGIN FM,HUGIN SAND
VOLVE_15_9-01,1605.9,41.12441963810156,2.2920458974258184,0.23082206949845835,7.08591766499438,84.01255219235456,138.16225200195655,1.7764804116579385,8.748538630151069,0.12702466031266277,0.2233765976888218,0.31614777692208035,0,HUGIN FM,HUGIN SAND
VOLVE_15_9-01,1606.05,39.040011297930555,2.294536641592368,0.2542906856961952,6.26928386719116,95.77726022706172,151.33668140235002,1.881510372035661,8.875167812568591,0.11403583532214503,0.2345866878179734,0.28287398451722584,0,HUGIN FM,HUGIN SAND
VOLVE_15_9-01,1606.2,40.39124641697226,2.2701819790699065,0.2439788205584557,5.5874661796336795,85.76296252587322,127.91132464070893,1.6078069012092107,8.941683609921807,0.10061484991002592,0.2440248375580417,0.3188177055603586,0,HUGIN FM,HUGIN SAND
VOLVE_15_9-01,1606.35,31.93983487749172,2.2763273590824897,0.24197038165525708,5.795322303305583,88.88903874342559,136.08576650045117,1.8385319300488487,8.50424745216499,0.09047327140050228,0.2350008622057381,0.3070295809998825,0,HUGIN FM,HUGIN SAND
VOLVE_15_9-01,1606.5,40.34594564324418,2.2644458894718404,0.22737111865426557,5.277711379278788,84.5201054996482,137.26177322374704,1.5767745154181605,8.374085595049827,0.09824534531583863,0.2503502639465612,0.3164656334445639,0,HUGIN FM,HUGIN SAND
VOLVE_15_9-01,1606.65,23.968310094091265,2.293895189389873,0.2472911483317787,3.9393913060571344,89.37781299773086,146.5101592943949,1.7176284167936853,8.415281399925423,0.06092942656817364,0.24556473275622728,0.36908782311127014,0,HUGIN FM,HUGIN SAND
VOLVE_15_9-01,1606.8,28.77806604371711,2.250292283526011,0.2792494904518597,5.044979103280018,88.76815396406475,144.07511338860442,1.4526497344979958,8.612323388900267,0.11284197419648836,0.24185146138988628,0.2979872126271599,0,HUGIN FM,HUGIN SAND
VOLVE_15_9-01,1606.95,24.070243599195745,2.246299368889334,0.2625410981792383,3.316737889076932,92.07660288356145,153.05231212066582,1.7190903617096862,8.628639830270982,0.05409738978580853,0.24032288319196535,0.4064553669244364,0,HUGIN FM,HUGIN SAND
VOLVE_15_9-01,1607.1,35.766745309052794,2.304928590359151,0.21813466074728377,10.899602226118215,83.57409925346876,135.67485958172068,1.685452483418405,8.622804563004305,0.11284933521991944,0.2029456992048387,0.2711518189247081,0,HUGIN FM,HUGIN SAND
VOLVE_15_9-01,1607.25,42.76318440264414,2.3002954333240706,0.2544234327466912,3.1577968489416866,92.2277537986924,143.68823254623743,1.9887158713477324,8.48442436892175,0.12369782968163547,0.23099570379416262,0.4215058625634204,0,HUGIN FM,HUGIN SAND
VOLVE_15_9-01,1607.4,30.991604601163754,2.2779915064186937,0.2442713774513724,6.078360167054982,87.24695341296429,142.5666363681117,1.7881479855360798,8.877663293661328,0.09476121057223061,0.24662240377742095,0.28130283207633455,0,HUGIN FM,HUGIN SAND
VOLVE_15_9-01,1607.55,30.545874713195094,2.24269411262328,0.2928620048801576,3.80749286618674,89.41185488910034,143.9070076272104,1.8245006466207634,8.366220533546988,0.08346675513702399,0.247853217943776,0.3287643649142764,0,HUGIN FM,HUGIN SAND
VOLVE_15_9-01,1607.7,33.52217233401523,2.222694264763776,0.29688263177528706,5.784108707634395,88.82464224476546,139.24163756687705,1.7955095943005637,8.388677722827564,0.10107644326907282,0.24036591515464806,0.3096631273068209,0,HUGIN FM,HUGIN SAND
VOLVE_15_9-01,1607.85,28.199650915056715,2.2234462552909777,0.2619878569105122,5.546971478256713,91.52197627828346,148.79775855258785,1.3741782311188235,8.291170073001945,0.003531687348615184,0.25816163119410046,0.28779807262769175,0,HUGIN FM,HUGIN SAND
VOLVE_15_9-01,1608.0,31.99323175919417,2.304448004271196,0.289444562236373,3.9274293015899358,88.3263723769991,141.7190466332858,1.4006107479656664,8.45911963896902,0.09875113974702147,0.22281817455308994,0.37369320374188386,0,HUGIN FM,HUGIN SAND
VOLVE_15_9-01,1608.15,30.5584863811419,2.253560282670215,0.24632488061689856,2.900719390365452,92.36496933513311,144.75894818177625,1.736264473323839,8.869365380718957,0.0865849596918359,0.24694078409383002,0.40504182776899134,0,HUGIN FM,HUGIN SAND
VOLVE_15_9-01,1608.3,26.705691477010376,2.2624004210817574,0.2327972374787522,3.344646348158169,90.71708546116311,144.25800787004607,1.8557119976347611,8.44884797164471,0.08876492414525083,0.24450408365834364,0.3903057124913573,0,HUGIN FM,HUGIN SAND
VOLVE_15_9-01,1608.45,32.75991518072542,2.2829114271696915,0.2254621630822117,5.654146360893397,89.47504432718364,150.22790660120455,1.7530269614559777,8.776867961714942,0.11177390249064234,0.2228885527904977,0.3175143541301004,0,HUGIN FM,HUGIN SAND
VOLVE_15_9-01,1608.6,39.30668008481524,2.26230370621909,0.26389023656013355,3.989625892894109,88.61957817841703,148.6957641658155,1.62718820501331,8.77255576107947,0.08862496126461664,0.25498629767194086,0.34010024949961265,0,HUGIN FM,HUGIN SAND
VOLVE_15_9-01,1608.75,30.864674676241236,2.2813371962267124,0.2894876566419529,5.634377741171692,89.13835677467623,143.56209153583467,1.7519373761268595,8.458184018458256,0.056947838251040536,0.23470414988023758,0.2823554577918941,0,HUGIN FM,HUGIN SAND
VOLVE_15_9-01,1608.9,29.584144480759836,2.293376665961081,0.2376762741549622,8.13198131426722,92.80291540561105,148.77100043841412,1.7345828931911211,8.72594755571334,0.08719386349473064,0.2302203771788718,0.2810306434196845,0,HUGIN FM,HUGIN SAND
VOLVE_15_9-01,1609.05,40.086054467489745,2.2345310816446298,0.2585243333915096,5.788308635788461,87.2659577166842,132.4603024103755,1.9558006497764748,8.592574836617443,0.0937403642510008,0.2616563950099399,0.2753320639888668,0,HUGIN FM,HUGIN SAND
VOLVE_15_9-01,1609.2,31.14028616543761,2.260916428086406,0.24607795257706494,4.41590836594044,92.21492980647045,156.14071325718416,1.9446039963731612,8.486794201579087,0.09543530184987946,0.24973183449113176,0.31135192520575744,0,HUGIN FM,HUGIN SAND
VOLVE_15_9-01,1609.35,41.32563179954654,2.2896807525364133,0.2682992557480809,3.5366791411945804,90.30200308073756,149.66491436601996,1.6893170944712725,8.654168904593481,0.09711425160141274,0.2309316757670034,0.34628955703117087,0,HUGIN FM,HUGIN SAND
VOLVE_15_9-01,1609.5,43.76981061550406,2.259055875695674,0.271240615161535,10.068580373018989,93.42829301593537,153.24502667901822,1.790015149230158,8.623296658457637,0.12370290237898482,0.23273914483850655,0.24627011272612023,0,HUGIN FM,HUGIN SAND
VOLVE_15_9-01,1609.65,30.999219892297123,2.2576137335314104,0.24922539691918089,4.934581023697024,92.24445300357688,136.21747122026983,1.8552398572384818,8.77827465849666,0.06020170274130294,0.24990470523505767,0.3205678256933527,0,HUGIN FM,HUGIN SAND
VOLVE_15_9-01,1609.8,26.84673875573116,2.353716812188093,0.17230171967221342,4.783482809907554,83.80911323306563,134.299194426184,1.8849288790881362,8.835345485052892,0.0983103830798905,0.19507084453177292,0.41019437115144336,0,HUGIN FM,HUGIN SAND
VOLVE_15_9-01,1609.95,48.986513795657274,2.3328471190256197,0.20988638601949297,4.488468331888737,87.82009714484333,139.8765118901539,2.1305196181580888,8.932314086213824,0.1319895865150368,0.21265981893642313,0.40066742940821737,0,HUGIN FM,HUGIN SAND
VOLVE_15_9-01,1610.1,30.879008310584393,2.253926730172257,0.29339721189734225,6.137911102642748,87.86665570479549,144.00072631917578,1.7943704737316768,8.711384098462885,0.04150134767643857,0.25274713299588564,0.28824120047659824,0,HUGIN FM,HUGIN SAND
VOLVE_15_9-01,1610.25,32.801974806186394,2.2611486444548623,0.25961853383801303,8.159627332980872,87.15357368015184,137.19056382051394,2.0337489608413035,8.556857755890997,0.09917273610304572,0.23096646573156676,0.2650331753667744,0,HUGIN FM,HUGIN SAND
VOLVE_15_9-01,1610.4,37.04445788862903,2.2386638463445587,0.25972204373891083,3.8882045515372825,85.9890909161625,136.4239943835924,1.5679833844712794,8.602166180519738,0.07646124541846057,0.2469436294149757,0.35112988894877956,0,HUGIN FM,HUGIN SAND
VOLVE_15_9-01,1610.55,36.40944832932659,2.2280400187101326,0.30813272348124215,9.37669354374068,96.10494415167723,156.86497533745708,1.672465235089858,8.584934816555753,0.0831361515181037,0.25828563729050547,0.21434443294505606,0,HUGIN FM,HUGIN SAND
VOLVE_15_9-01,1610.7,37.95234085743532,2.2676010160400515,0.2906357405060675,3.695133701813066,90.41992857413528,140.80399388317306,1.3728351165977277,8.4185761955764,0.0673436748210854,0.24136766382667432,0.3810608082404595,0,HUGIN FM,HUGIN SAND
VOLVE_15_9-01,1610.85,30.20286087968718,2.2895535316227984,0.23647640441400103,6.600477616327688,84.414980661368,132.1937556411422,1.8302613080019472,8.713687584927678,0.08962736655880699,0.22375109146940597,0.32163383707348,0,HUGIN FM,HUGIN SAND
VOLVE_15_9-01,1611.0,40.858809020093865,2.265227669463183,0.24861058153799886,2.962240212577955,89.54674579709958,144.24142647416411,1.9295047909717666,8.740371838410006,0.15017307322338846,0.22643605576512393,0.4421169379958866,0,HUGIN FM,HUGIN SAND
VOLVE_15_9-01,1611.15,24.50650298400965,2.235946671227373,0.2416038239936613,10.289633902726072,92.78478778644569,155.14808897506097,1.2889229780507137,8.420190640085863,0.057219517212992975,0.24466183005395387,0.23639258088507464,0,HUGIN FM,HUGIN SAND
VOLVE_15_9-01,1611.3,34.05795240122313,2.213764491111858,0.24976510052302642,3.7504587480749145,92.58040175787183,152.17099149871166,1.8376572735181682,8.779763917956368,0.060276636026494315,0.24641567086875496,0.3696403020683399,0,HUGIN FM,HUGIN SAND
VOLVE_15_9-01,1611.45,30.254185858170374,2.1946155151869258,0.22437259753272343,5.114856069421076,86.63790074474088,143.9976615362479,1.920842069446369,8.149293637552743,0.056514870592698004,0.24562186645982118,0.3176540193370995,0,HUGIN FM,HUGIN SAND
VOLVE_15_9-01,1611.6,40.426938988271814,2.2371005357602263,0.2487469954353003,5.0876080468983,83.28184909561938,133.56754258406747,1.909447519267688,8.681265952439498,0.1475988706403974,0.25641489236292186,0.3335271346185152,0,HUGIN FM,HUGIN SAND
VOLVE_15_9-01,1611.75,32.068223305249596,2.362101066765721,0.18680228072646352,11.660309865634753,86.22170928746013,145.4301249788511,1.5608277759930707,8.79577696415843,0.08210496762580993,0.20893971296071007,0.26201431702713573,0,HUGIN FM,HUGIN SAND
VOLVE_15_9-01,1611.9,32.80807739112605,2.313372082681921,0.2688489664475827,4.866716517310915,85.83316331110633,128.62714917526358,1.9546239946184496,8.695250657660615,0.09540022625334584,0.23285219237119192,0.3643574632115896,0,HUGIN FM,HUGIN SAND
VOLVE_15_9-01,1612.05,28.66501968907692,2.243114587909495,0.2234887752770146,3.533509456608132,91.36957106429446,156.3025097948779,1.8018608994770797,8.452386743631772,0.08427553220158411,0.24207548990502825,0.3651145288993181,0,HUGIN FM,HUGIN SAND
VOLVE_15_9-01,1612.2,35.432226529496155,2.276438265094843,0.2845808195957683,3.8187314470419382,91.13424596048361,156.57358841267396,1.9182075237833032,9.066189565511767,0.068211320590263,0.2353498755331058,0.4158197862753734,0,HUGIN FM,HUGIN SAND
VOLVE_15_9-01,1612.35,40.96715305421911,2.2139172478392073,0.25308739135432,3.1297178067658735,94.57593330330202,153.60457503296772,1.7748284218305945,8.455410821016503,0.08966981968959915,0.25424447622486823,0.38347845904990935,0,HUGIN FM,HUGIN SAND
VOLVE_15_9-01,1612.5,38.42815237147878,2.257724164458742,0.28911512226483566,5.21391751563771,94.6880998465065,155.662272941588,1.8762074734110923,8.111053789784147,0.17064730701083375,0.22877102807755983,0.32774942565546333,0,HUGIN FM,HUGIN SAND
VOLVE_15_9-01,1612.65,40.95684666935299,2.265219963511674,0.2390429929161947,5.21458369102411,92.09253457658828,147.15805600251485,2.021847160008156,8.622061249766814,0.13883309625786866,0.2255191153348239,0.29778179969648483,0,HUGIN FM,HUGIN SAND
VOLVE_15_9-01,1612.8,33.96758232187946,2.257569677437848,0.22187384715148323,7.825928799359672,94.54873253201205,150.23013023585258,1.759195589179517,8.155742152499066,0.07164909682713949,0.24245021804582184,0.2594701573720225,0,HUGIN FM,HUGIN SAND
VOLVE_15_9-01,1612.95,36.13895843936335,2.2761135797838286,0.27459774449395463,2.8978391554146143,92.86536961197662,145.5302395023409,1.8568209617793419,8.339366921098339,0.11682599350125325,0.2313982675074573,0.4151840153323495,0,HUGIN FM,HUGIN SAND
VOLVE_15_9-01,1613.1,24.264960545011004,2.2632273435381007,0.28382048044249186,6.214336570800491,94.04389038819744,150.22516453979378,2.0499537390513582,8.632403023927289,0.07260988644036408,0.24489168492377275,0.28942425171821584,0,HUGIN FM,HUGIN SAND
VOLVE_15_9-01,1613.25,22.711588738563,2.2570762098461197,0.2424090413344267,2.65052097300444,90.15704835636186,147.03094474820747,1.7733539670380485,8.423216182204188,0.04441658414858912,0.25386757371747853,0.3939614686931421,0,HUGIN FM,HUGIN SAND
VOLVE_15_9-01,1613.4,33.296910556758334,2.2798408747664074,0.2397714284690008,4.970409798379715,84.52380695338427,137.33751036123192,1.5749207669164302,8.638934479593235,0.12844021381595983,0.22713844172855582,0.3714856661878913,0,HUGIN FM,HUGIN SAND
VOLVE_15_9-01,1613.55,26.920991506959506,2.278627751779146,0.23436428492139044,4.438436562266394,96.64959794709046,164.57237207380095,1.9352086248311988,8.337610063371804,0.1328001592086228,0.23256017977131663,0.3631101918422848,0,HUGIN FM,HUGIN SAND
VOLVE_15_9-01,1613.7,44.3442334203613,2.24223524435473,0.25819727643051155,5.8020825604069,90.47676356759429,145.26419443716364,2.086975522121875,9.033924089990128,0.12951662916666554,0.24118031594466605,0.3303615731219848,0,HUGIN FM,HUGIN SAND
VOLVE_15_9-01,1613.85,34.83485410515629,2.2628606236848254,0.23993827712036167,3.9823052773868084,90.92787606436093,138.04045889625235,2.057756702563512,8.284567748764033,0.08417197851850233,0.22515589739376923,0.36521023920566315,0,HUGIN FM,HUGIN SAND
VOLVE_15_9-01,1614.0,33.72250235824829,2.259686925582881,0.23218976274001427,6.113616042097358,85.7823667827679,145.47333995854572,1.9429975532657748,8.887278368324946,0.09339271158151474,0.22520851718509563,0.3342442753326143,0,HUGIN FM,HUGIN SAND
VOLVE_15_9-01,1614.15,92.04497593833923,2.6309849560225644,0.10677399583114881,212.99973307562175,77.48201049283237,117.86644539723297,2.5311684831816494,8.480605889817165,0.8210121582597725,0.02,0.5349179829044913,1,HUGIN FM,HUGIN SAND
VOLVE_15_9-01,1614.3,92.86697647421641,2.611241843038235,0.12993977803922863,222.0427502928762,67.04275860368398,104.47145913836724,2.872833454600738,9.291230170081109,0.8103824289401939,0.02,0.5850649680144682,1,HUGIN FM,HUGIN SAND
VOLVE_15_9-01,1614.45,99.7477750920147,2.5805775947435117,0.1521116626915274,242.35846104331245,72.67750814972335,117.64272874631187,2.8830799024682396,9.121413088695693,0.7869419161363105,0.02,0.5361089693798365,1,HUGIN FM,HUGIN SAND
VOLVE_15_9-01,1614.6,106.12976261847577,2.6167382209463277,0.12836513460764357,292.3782031074049,72.88051681109806,118.69470230907302,3.008973678365624,9.455390100341708,0.7502875030637461,0.02,0.49246951198218236,1,HUGIN FM,HUGIN SAND
VOLVE_15_9-01,1614.75,97.73284529169878,2.5930235733642784,0.13380813419255141,211.25983847733102,75.60541920408697,113.7414791318864,3.3376529668881343,9.044708064473998,0.8023796449585704,0.02,0.5780802322606036,1,HUGIN FM,HUGIN SAND
VOLVE_15_9-01,1614.9,108.30507885269084,2.651207576379459,0.12609934612142992,220.4723144315172,78.01472429940935,121.09119769718687,2.7838916732885606,8.80311054660746,0.8314325134803016,0.02,0.5536804712626623,1,HUGIN FM,HUGIN SAND
VOLVE_15_9-01,1615.05,95.10719590048302,2.6064235655682633,0.12228324830898109,206.69019759029865,70.15214132750017,104.83951381763761,3.448440417719286,9.40022656336483,0.7632285046195562,0.02,0.5609390519737569,1,HUGIN FM,HUGIN SAND
VOLVE_15_9-01,1615.2,103.02495137106078,2.6316301197163825,0.1709401543547178,252.5293309621327,76.51806352983776,125.53746696435321,2.9235344073451515,11.100414902788799,0.8184079481538573,0.02,0.5304293915284478,1,HUGIN FM,HUGIN SAND
VOLVE_15_9-01,1615.35,107.9545923614852,2.6397792605476997,0.1185957808382008,312.73588903860156,78.03551105980928,130.7737171192093,2.846619737305311,8.93273257791123,0.8092755064949531,0.02,0.49000158671443805,1,HUGIN FM,HUGIN SAND
VOLVE_15_9-01,1615.5,101.35196351029518,2.598901430948859,0.1577033908723276,202.49496960602667,81.64599194007918,124.52439688289412,3.169040942462358,8.992613014944766,0.82191285959082,0.02,0.6410775560029598,1,HUGIN FM,HUGIN SAND
VOLVE_15_9-01,1615.65,99.98545519388088,2.619520942351094,0.1447873882088203,191.60235144341178,76.80272179027925,127.86265462968613,3.184860853364825,8.844828223071195,0.8256418919383322,0.02,0.6328481381196783,1,HUGIN FM,HUGIN SAND
VOLVE_15_9-01,1615.8,106.06855675906694,2.629069358027763,0.1417039037704961,242.364557113545,72.3658407899654,120.43923898556797,3.1299893822047467,8.559912393811727,0.7787179367204539,0.02,0.5857046290792343,1,HUGIN FM,HUGIN SAND
VOLVE_15_9-01,1615.95,96.58299437194631,2.620310923448202,0.11801898795819973,239.72688730957066,69.3768545058075,107.70761325973449,2.846108906638799,8.98473985627623,0.751107423856614,0.02,0.5139166928882706,1,HUGIN FM,HUGIN SAND
VOLVE_15_9-01,1616.1,104.90467264047334,2.6252220151861962,0.1305149482383193,254.96065442521547,79.33100630149939,117.01671490305989,3.1004056255478147,9.363341295431841,0.7836699703951844,0.02,0.5281350924605016,1,HUGIN FM,HUGIN SAND
VOLVE_15_9-01,1616.25,100.08211258880662,2.5914074121288166,0.1438461601687662,204.23795410363428,76.91010097640621,117.6998814662763,2.7932884512198686,8.880913252862875,0.826403758481369,0.02,0.625162499839234,1,HUGIN FM,HUGIN SAND
VOLVE_15_9-01,1616.4,106.46769805509017,2.6290807243942904,0.1271145454608981,278.3242793730533,73.77445773900357,115.06284444786175,2.840550827203958,10.198490668694788,0.7835192316872136,0.02,0.5255642676277935,1,HUGIN FM,HUGIN SAND
VOLVE_15_9-01,1616.55,100.37337206969663,2.6082767161165457,0.1434790142339261,260.6574539392831,68.89059473776055,117.93330581446286,2.9810259671791486,8.737838612646314,0.7790024810213008,0.02,0.5103479424890253,1,HUGIN FM,HUGIN SAND
VOLVE_15_9-01,1616.7,97.97009653931684,2.6249890244656826,0.14093218833547752,208.24895664551792,70.28090254904131,111.85793120338501,2.8360072800197798,9.767861755030182,0.7452227200867741,0.02,0.6255285498078549,1,HUGIN FM,HUGIN SAND
VOLVE_15_9-01,1616.85,106.64347298631493,2.6363997769110292,0.19132570051845482,223.2477398214635,77.11350327246267,118.34746535598875,3.2105496495757264,9.120671578954056,0.8524771203070428,0.02,0.5617842520114192,1,HUGIN FM,HUGIN SAND
VOLVE_15_9-01,1617.0,100.818989858609,2.6313761701503653,0.14926858706397086,165.61175089812653,75.72547060260749,121.8999957389317,2.8843664936180806,8.518372047231638,0.8246985765114896,0.02,0.6443308393791392,1,HUGIN FM,HUGIN SAND
VOLVE_15_9-01,1617.15,103.18119607238157,2.624974394509789,0.10521242603413339,330.08521939470705,68.791975875702,103.5904230467953,2.95590875634378,9.342370993955097,0.8230485276300677,0.02,0.48556996275452025,1,HUGIN FM,HUGIN SAND
VOLVE_15_9-01,1617.3,35.04232389158868,2.2849591182240983,0.2787879707682851,3.862195782567082,91.5075457488424,148.9837734491796,1.6239603436651968,8.979876874781155,0.1290028955951106,0.23617715481224494,0.3732601128177582,0,HUGIN FM,HUGIN SAND
VOLVE_15_9-01,1617.45,40.9399833020104,2.34844689332684,0.21059144804653696,3.655569678532549,79.4500514108823,122.23176196105285,2.007521962284333,8.531236884078053,0.11728687356617336,0.1970758298443348,0.44746519203068275,0,HUGIN FM,HUGIN SAND
VOLVE_15_9-01,1617.6,32.78791265549791,2.2971166953667357,0.2933841242626284,4.329372286682457,93.35465044464448,145.20482201047827,1.6667746051300614,8.91922757135928,0.09266524727201289,0.23924582991308938,0.33808711141454695,0,HUGIN FM,HUGIN SAND
VOLVE_15_9-01,1617.75,26.550698512485344,2.2435999452747915,0.29725589159132126,3.9635050474767506,91.87958381695354,148.88479434928513,2.028402220548951,8.319779724520993,0.0950866805416299,0.2535744004599706,0.32420077954909915,0,HUGIN FM,HUGIN SAND
VOLVE_15_9-01,1617.9,24.88423686199284,2.2649226509790457,0.2456932824139041,6.385647347734457,88.2566734664295,149.9618459602983,2.0137087170564505,8.709325161272064,0.08717216354672905,0.24272280555612608,0.2767140531840978,0,HUGIN FM,HUGIN SAND
VOLVE_15_9-01,1618.05,33.37481100489179,2.3013082022782383,0.2708766355759793,3.635392449178272,92.70053753858751,159.3097978629195,1.7108118098109504,8.655637225555717,0.17903580806835695,0.22958320868830223,0.4168528951422695,0,HUGIN FM,HUGIN SAND
VOLVE_15_9-01,1618.2,39.1725953986648,2.2802565049999246,0.23057980199945854,6.501732587301113,88.92584516580169,137.082024736385,1.805933561652203,8.749782089036746,0.116660438009422,0.224959839253003,0.30559172727079226,0,HUGIN FM,HUGIN SAND
VOLVE_15_9-01,1618.35,27.417566376978197,2.259386794863028,0.2404042599101825,5.825978749782931,91.55941567806721,143.51203345133095,1.7052582046864098,8.721718872813259,0.08605355719837283,0.2274424098021327,0.33025063919001235,0,HUGIN FM,HUGIN SAND
VOLVE_15_9-01,1618.5,37.32206605930565,2.279475448162448,0.2683497139153801,7.032221780650811,89.75838639428896,146.19107965604914,1.9091443990513954,8.6886643087461,0.113911970316977,0.2377432220807545,0.28169847710546253,0,HUGIN FM,HUGIN SAND
VOLVE_15_9-01,1618.65,32.29444523416415,2.241521118577954,0.2854233341836522,2.6480476901047663,91.0470227750519,151.51918318162657,1.7611057377342199,8.494488641212092,0.06959550154428505,0.2527240048310792,0.4080483804681572,0,HUGIN FM,HUGIN SAND
VOLVE_15_9-01,1618.8,38.45395367393252,2.2665909183064388,0.26419464206607024,2.946313065681176,87.52040819788763,129.21223466868162,1.7165038672454471,8.837039903707954,0.14502628051033054,0.2245365834117959,0.41065214968938324,0,HUGIN FM,HUGIN SAND
VOLVE_15_9-01,1618.95,34.794261070967764,2.2315084656940507,0.28131730472944244,3.4445761508928214,93.64253870430268,150.2647460214158,1.8092358326480094,8.43196397612743,0.08002352688479913,0.267813983058466,0.3319028206047832,0,HUGIN FM,HUGIN SAND
VOLVE_15_9-01,1619.1,36.70204899788627,2.316468955381306,0.29324169828001606,6.66289370138865,93.10800635408242,146.5370952837124,1.4835568472948246,8.125785086940658,0.11484769802561728,0.22634606557454914,0.2862968626283387,0,HUGIN FM,HUGIN SAND
VOLVE_15_9-01,1619.25,23.967507972836874,2.2352156471661617,0.2513303832252697,2.680790391234936,88.51562441037382,132.00489306144655,1.7848303510389845,8.448940643524628,0.13174901775517503,0.23886843869253518,0.4259450577886841,0,HUGIN FM,HUGIN SAND
VOLVE_15_9-01,1619.4,33.95179439312545,2.284080033071466,0.22602437744818746,5.354886225578713,91.90656396591012,140.36466344549436,1.929922394027876,8.303036920630166,0.11126232207755678,0.2414790417705399,0.3247821102709097,0,HUGIN FM,HUGIN SAND
VOLVE_15_9-01,1619.55,36.86282286870822,2.247449155430685,0.20696164358122157,8.363176673033932,84.2627333380154,131.9815010426199,1.8276108760522338,8.844332720469618,0.10249797050937966,0.21988093390900113,0.2852641491119379,0,HUGIN FM,HUGIN SAND
VOLVE_15_9-01,1619.7,42.6945333898007,2.283017380864487,0.2688298444785982,11.482355712133941,81.2504890561319,130.2948575897233,1.9903313131449731,9.10366384970378,0.09992757195816535,0.22436055408242656,0.2517223709638224,0,HUGIN FM,HUGIN SAND
VOLVE_15_9-01,1619.85,42.72755879403878,2.294661515362801,0.2582366866324398,4.893943397887501,90.79919105866065,150.31921999517778,1.724540382427845,8.133864922136372,0.09784495485396101,0.2450930018012817,0.3069802298614995,0,HUGIN FM,HUGIN SAND
VOLVE_15_9-01,1620.0,25.990108410091402,2.1962661546820264,0.29498579632790617,6.491889676683762,95.56508238643774,154.6758723937107,1.7081418575347493,8.367907558670785,0.08216695766334403,0.27947960271732275,0.2619181811725062,0,HUGIN FM,HUGIN SAND
VOLVE_15_9-01,1620.15,31.412651293009105,2.239842828076183,0.25950821289046044,5.648808493247957,91.26058366726554,150.75463105346313,1.5765361992047668,8.528326450659721,0.08590818725866285,0.25747246240014776,0.3047064143514577,0,HUGIN FM,HUGIN SAND
VOLVE_15_9-01,1620.3,30.820948727091178,2.336128100607579,0.21820675103705048,4.54104939758587,81.34776946485951,130.29005282301154,1.7188510192902549,8.920577568085198,0.14370023995401227,0.20570576462993242,0.39048050867108947,0,HUGIN FM,HUGIN SAND
VOLVE_15_9-01,1620.45,41.71670240431391,2.296636253605983,0.19805020592324835,7.703812002117347,84.95175237998451,132.39807407329022,2.193178524992874,8.348362694821157,0.09597133714487882,0.19939642257050244,0.320246392944702,0,HUGIN FM,HUGIN SAND
VOLVE_15_9-01,1620.6,37.242816649362204,2.230134752935465,0.2840745106007795,3.9527806428696057,92.963026307713,147.8220923229879,1.8551086730372905,8.835039920958495,0.07556353272230996,0.2633169644258312,0.3507537289223785,0,HUGIN FM,HUGIN SAND
VOLVE_15_9-01,1620.75,34.69052800245747,2.2534821712048743,0.2592117426270043,5.385711400831872,87.69634128815454,143.79173279839333,1.682892756840356,8.569015179992116,0.08355356387517472,0.24862630639647007,0.29927433618594085,0,HUGIN FM,HUGIN SAND
VOLVE_15_9-01,1620.9,38.36608330853218,2.282743915893298,0.28130723913399397,3.708738425585466,87.82927850675979,145.6896564574496,1.5987716123865867,9.1308969685089,0.13195377897085403,0.25281406473229784,0.3532945870094678,0,HUGIN FM,HUGIN SAND
VOLVE_15_9-01,1621.05,43.218237860175726,2.2629099872963314,0.25113918477197766,2.801730956739688,87.36063924189122,139.03764936480673,1.4802938548468156,8.559648495948984,0.11910613008871956,0.22648449755232006,0.4423018801309169,0,HUGIN FM,HUGIN SAND
VOLVE_15_9-01,1621.2,42.03275452085869,2.248505232837951,0.2549781426328245,3.5186562035040883,92.63257754573439,143.56654776125984,1.6339212861185364,8.813427530125443,0.11553819523218944,0.24616498802065395,0.32783715466831204,0,HUGIN FM,HUGIN SAND
VOLVE_15_9-01,1621.35,105.924602475489,2.5994328841835275,0.1094586174816417,232.98779592058094,75.23772819373563,122.0586559074132,3.151838701707728,9.886245395997697,0.790888199917983,0.02,0.5671629318563777,1,HUGIN FM,HUGIN SAND
VOLVE_15_9-01,1621.5,104.77445894041834,2.5973117639261725,0.11143831277712923,302.67203715526347,71.84139629944663,117.33613889832571,2.9145936453516073,8.448255700361507,0.8156953646474426,0.02,0.47718224802081083,1,HUGIN FM,HUGIN SAND
VOLVE_15_9-01,1621.65,97.26488739642585,2.6405480545412914,0.19739255114021184,172.69887024931919,74.16204449590744,124.82286662371749,2.8083656503714858,9.741362576421285,0.7790634620420701,0.02,0.6205493447334646,1,HUGIN FM,HUGIN SAND
VOLVE_15_9-01,1621.8,103.92864425546952,2.618533030040016,0.16813139535485838,281.9247052183036,76.64043607861232,119.23088336098171,2.830363243193152,8.556066485202138,0.7904528431092813,0.02,0.524175521485541,1,HUGIN FM,HUGIN SAND
VOLVE_15_9-01,1621.95,107.66435609648099,2.6068886560714697,0.17088388276446442,170.2335433965866,71.19603372908492,110.57466769520744,3.1298961599879864,9.960204742259828,0.8272015428442676,0.02,0.6116621453486053,1,HUGIN FM,HUGIN SAND
VOLVE_15_9-01,1622.1,102.34553449795064,2.607643081977149,0.13013742466959435,263.6746189128457,74.84340754537389,123.5302530602961,2.9837473849236744,8.527238138760705,0.8241970720622152,0.02,0.5521501068307193,1,HUGIN FM,HUGIN SAND
VOLVE_15_9-01,1622.25,96.23871378646366,2.606735458461092,0.1354453921183701,238.31469425417873,77.55628259959366,122.05288430430431,2.874559117157978,8.874088946338176,0.7683679829540513,0.02,0.5722143631372557,1,HUGIN FM,HUGIN SAND
VOLVE_15_9-01,1622.4,104.00763404284183,2.608523936451846,0.11949442998662728,215.12401843590678,69.78542831202374,109.40826438584247,2.938322326089086,11.015594123477632,0.7720112388952713,0.02,0.5763539930291314,1,HUGIN FM,HUGIN SAND
VOLVE_15_9-01,1622.55,109.3951634814179,2.5927110931142145,0.11387612062968719,264.0647957352586,77.65228054421586,130.5143482214466,3.4411766251094855,8.895030403912791,0.8007850835533669,0.02,0.5288885080903742,1,HUGIN FM,HUGIN SAND
VOLVE_15_9-01,1622.7,101.92229240707938,2.6128254091486958,0.13559706324246473,170.39903063440897,80.01056684363098,121.1618789184037,3.243924614841129,8.559826081735077,0.8491502243331918,0.02,0.6206903890880501,1,HUGIN FM,HUGIN SAND
VOLVE_15_9-01,1622.85,93.95811221400754,2.610815866166957,0.15748421862319276,325.21859809756603,72.29811933843416,125.95800664037222,3.2937250659339696,8.720294466580581,0.7397367956973412,0.02,0.4953967955095473,1,HUGIN FM,HUGIN SAND
VOLVE_15_9-01,1623.0,103.26638440427834,2.602844065871933,0.15762288474164496,216.4582951691781,73.24870446337324,114.13475007585807,2.649579210874057,9.448780075394344,0.8053865160211038,0.02,0.5920126658077083,1,HUGIN FM,HUGIN SAND
VOLVE_15_9-01,1623.15,99.21340862894266,2.6211009251260995,0.11393653518892735,283.3816368430896,76.38094928657438,126.54316087252256,2.969779544432612,8.570486166452975,0.7555833014757853,0.02,0.5187397257344091,1,HUGIN FM,HUGIN SAND
VOLVE_15_9-01,1623.3,96.26568378837958,2.622797789602363,0.13035238781461794,247.04731726298803,73.16477005061377,116.51963377135516,2.871042180169823,9.295297602229095,0.7776580587851163,0.02,0.5624253150671379,1,HUGIN FM,HUGIN SAND
VOLVE_15_9-01,1623.45,109.04711932512623,2.6068670557141655,0.1528185416072674,253.00992117542515,66.82209698705284,108.27216660364525,3.1087680391667694,8.571765950464904,0.7855738544569054,0.02,0.5242975062193586,1,HUGIN FM,HUGIN SAND
VOLVE_15_9-01,1623.6,101.56250115254038,2.6151173169846746,0.126136400767013,208.99187271427272,73.5477267053659,116.36243022977663,3.21196137569044,8.666497965394091,0.7837055244717317,0.02,0.5494104560768492,1,HUGIN FM,HUGIN SAND
VOLVE_15_9-01,1623.75,101.76796861296087,2.661172474538017,0.1386091747449832,335.78933803681196,75.18353855102751,124.57654494180889,3.065285242584008,8.84184979342984,0.7801163323221907,0.02,0.4921752146120688,1,HUGIN FM,HUGIN SAND
VOLVE_15_9-01,1623.9,109.4287886899476,2.6604086651720427,0.14745963570296278,250.78009513975,76.31327646230294,120.36462296958688,2.825505991468108,9.054329826025844,0.7961512450777771,0.02,0.5631732227577729,1,HUGIN FM,HUGIN SAND
VOLVE_15_9-01,1624.05,96.8240634516959,2.596918196197405,0.1447702503704387,234.30816809145935,71.12166441688504,110.92993070779056,2.867797332400553,9.629553123343442,0.7796775955570406,0.02,0.5481376704150914,1,HUGIN FM,HUGIN SAND
VOLVE_15_9-01,1624.2,95.96527431489649,2.5997110486682287,0.13783148807555498,296.6103588259119,72.39374057781541,124.89669405385462,3.124114173226571,8.962891746584756,0.7516571968116619,0.02,0.5105894813398749,1,HUGIN FM,HUGIN SAND
VOLVE_15_9-01,1624.35,96.51160925553035,2.59681193446016,0.12973377294641056,271.8718963786515,77.475083982065,124.10704785637246,3.1440146346418856,10.855410293664272,0.8187181094804051,0.02,0.5550390345246067,1,HUGIN FM,HUGIN SAND
VOLVE_15_9-01,1624.5,101.81924952544881,2.6391410787994447,0.13163472175496585,260.3409961622493,74.34389926980562,115.57176102659129,3.028190474487481,10.648316385164737,0.8176947567022811,0.02,0.5642586508190799,1,HUGIN FM,HUGIN SAND
VOLVE_15_9-01,1624.65,95.47302105157407,2.610029414008486,0.12035488508208886,251.9946836960716,69.98750363311746,104.52857286342845,3.0259581838779144,10.402234286407078,0.8201858807500092,0.02,0.5275629115617472,1,HUGIN FM,HUGIN SAND
VOLVE_15_9-01,1624.8,99.84163456400846,2.622793484871926,0.10104019622423234,224.82727233217884,76.85183777476483,132.29083059480365,3.01002450715371,11.082481157988708,0.7484461872951852,0.02,0.5304959274020722,1,HUGIN FM,HUGIN SAND
VOLVE_15_9-01,1624.95,103.42382646774445,2.6579393466656174,0.13821635577260774,254.64660460563888,73.59584434705658,114.99372407301428,3.053819311549446,8.518611927569744,0.8034088707094156,0.02,0.5032200641680786,1,HUGIN FM,HUGIN SAND
VOLVE_15_9-01,1625.1,100.99114187244113,2.6177907041137907,0.15849859504063935,158.98981397775347,77.73344336473022,134.6827005760741,3.1431921950343624,9.946443335003568,0.8144893516593035,0.02,0.6741834574458414,1,HUGIN FM,HUGIN SAND
VOLVE_15_9-01,1625.25,96.98650692912955,2.6321249744351465,0.1068500765404244,241.53486898515456,69.24439316886748,112.78530082725237,3.126033141447306,8.641937332016907,0.7630381628233557,0.02,0.5944923818574159,1,HUGIN FM,HUGIN SAND
VOLVE_15_9-01,1625.4,104.23821213956809,2.6284084149860076,0.14456085445662692,216.47327026120493,73.68722503378498,118.61398605556823,3.0047170867766835,9.1116586939366,0.7940092638276119,0.02,0.5645574844298612,1,HUGIN FM,HUGIN SAND
VOLVE_15_9-01,1625.55,94.37116540558418,2.606235652966081,0.15419285454140527,189.27086061875696,75.49923877419668,121.64800110035469,2.990190116534533,8.8087767122494,0.7900015351582491,0.02,0.6083811069213094,1,HUGIN FM,HUGIN SAND
VOLVE_15_9-01,1625.7,106.62883081907947,2.639183234634837,0.11054110064749442,317.0890459854483,74.87866888535322,130.88562491294863,2.9825403381860487,8.977031509993644,0.848505173492809,0.02,0.4684389282136539,1,HUGIN FM,HUGIN SAND
VOLVE_15_9-01,1625.85,109.31617038561869,2.601005983817996,0.14219672750252557,361.70303712284266,71.63542799373703,103.65559194287493,2.843933871160047,8.553381701341607,0.8507223300349998,0.02,0.4402577121187996,1,HUGIN FM,HUGIN SAND
VOLVE_15_9-01,1626.0,86.65455870539205,2.6447975957288836,0.16434409204984368,278.8838432022081,65.86557515155963,106.45662784003294,2.84139437013365,9.428660910121359,0.7427992536045079,0.02,0.5158752229938571,1,HUGIN FM,HUGIN SAND
VOLVE_15_9-01,1626.15,110.81685804273582,2.6062509806958176,0.16113171721971437,254.62050984259312,80.08551497045232,126.81080591507343,3.108791254960622,10.301414419909909,0.8672859790971128,0.02,0.5043325865490285,1,HUGIN FM,HUGIN SAND
VOLVE_15_9-01,1626.3,89.28049821654507,2.608440645589278,0.0973026631232588,292.52662574209137,74.20902208630459,117.66896841267202,2.857426222721087,10.391781742908087,0.7647453740300305,0.02,0.5307433359865926,1,HUGIN FM,HUGIN SAND
VOLVE_15_9-01,1626.45,102.44047718091143,2.5962302435274642,0.15636960440639394,225.82809659786014,78.09744517946164,125.70247154784815,3.1627867735826047,9.556662126807666,0.8213521010544115,0.02,0.5699134623460683,1,HUGIN FM,HUGIN SAND
VOLVE_15_9-01,1626.6,97.156422959766,2.599514811783667,0.12816112487371045,253.50782728867648,77.37145539918495,122.4630578912153,2.9897314577928746,8.967567545044558,0.8207724050551803,0.02,0.6055524464335846,1,HUGIN FM,HUGIN SAND
VOLVE_15_9-01,1626.75,104.49950776555035,2.6094647135534292,0.14805236207938194,278.5629876777788,75.19070360869564,121.24577910985457,3.1639190516870324,9.849029086993484,0.761508156516845,0.02,0.48491424774129277,1,HUGIN FM,HUGIN SAND
VOLVE_15_9-01,1626.9,95.7743396421723,2.5693730288417878,0.12708248821472246,260.75520520788297,73.32387107412384,117.20030640782288,3.1273917607109616,9.386209526716804,0.805894156978253,0.02,0.5751997814014794,1,HUGIN FM,HUGIN SAND
VOLVE_15_9-01,1627.05,91.569460344484,2.613333353176488,0.1370768402764621,279.59099720510346,75.39096599887758,114.05775470728088,3.1685859849544156,8.847570481011005,0.7875832610980096,0.02,0.5505194629870145,1,HUGIN FM,HUGIN SAND
VOLVE_15_9-01,1627.2,102.34584378676281,2.6078405152551696,0.13032138106892188,217.27992956004974,78.61057569780296,127.68375130553913,2.904726848699626,9.171526370799688,0.8071482429345394,0.02,0.573119938377016,1,HUGIN FM,HUGIN SAND
VOLVE_15_9-01,1627.35,98.6601203963205,2.6338002219722365,0.1396346838701774,257.229888495899,74.36190337354223,122.55931765616548,3.081779890095808,8.46845243353712,0.7971435294360486,0.02,0.5268294612931345,1,HUGIN FM,HUGIN SAND
VOLVE_15_9-01,1627.5,95.9293551749471,2.6264596147671364,0.13252657755062205,170.1317387835652,80.3913939370432,125.91590221172872,3.147577597909673,10.603347467145978,0.8258145401922818,0.02,0.6306511190507905,1,HUGIN FM,HUGIN SAND
VOLVE_15_9-01,1627.65,102.85799375080602,2.603847251378014,0.13431173688738166,226.61212656328377,69.50940123639559,120.5545223693533,2.6897346601201138,8.299814268148126,0.7918833447898082,0.02,0.5462145710154561,1,HUGIN FM,HUGIN SAND
VOLVE_15_9-01,1627.8,89.54893151928704,2.6088289848114816,0.11412962640989502,183.18072081636097,69.0348377096938,117.13359906383056,3.340338689509772,9.466695932736426,0.7842781771740572,0.02,0.6378925643274056,1,HUGIN FM,HUGIN SAND
VOLVE_15_9-01,1627.95,97.89791151935209,2.613307639229582,0.15309600724870254,274.32607882133516,77.57193435561454,128.33485646483913,3.4531906092228146,10.192288086455935,0.821885435602818,0.02,0.5210211979967342,1,HUGIN FM,HUGIN SAND
VOLVE_15_9-01,1628.1,98.70346532420818,2.647719131089517,0.14442079366179233,177.82851644245713,71.83578312229255,119.09635671580816,3.1894576588995625,10.215629357366405,0.806100596592759,0.02,0.5930215459756053,1,HUGIN FM,HUGIN SAND
VOLVE_15_9-01,1628.25,105.9919356297108,2.6015539063908713,0.10921802546886711,297.7301071603718,80.50649995474636,128.9608846906436,3.1611761524259983,10.451465651196795,0.8103244596730009,0.02,0.5542389138738738,1,HUGIN FM,HUGIN SAND
VOLVE_15_9-01,1628.4,104.44778812039291,2.603604786700987,0.15507482733876563,259.4752590413288,77.54422333166244,129.777617854332,3.1177517194919036,9.06502447633201,0.7681099608981806,0.02,0.5282458674361161,1,HUGIN FM,HUGIN SAND
VOLVE_15_9-01,1628.55,102.36843196824198,2.595428316967657,0.12992874722523234,228.34902057725134,78.05998204271711,132.7497443286579,2.935313331662655,8.50818553941213,0.7563633761221485,0.02,0.5727997798600218,1,HUGIN FM,HUGIN SAND
VOLVE_15_9-01,1628.7,97.41778560635434,2.588359210411276,0.13878917617524267,247.60811504073484,76.23049935005703,126.008919024151,2.9779659577462962,11.119598161039072,0.7703595216701633,0.02,0.5304991825415696,1,HUGIN FM,HUGIN SAND
VOLVE_15_9-01,1628.85,85.86456828880969,2.62414007247251,0.1505561431976134,424.09342463145174,70.77390376325974,110.38682931215376,3.1928809790721058,8.764705769662978,0.7684327317135313,0.02,0.4118565526561929,1,HUGIN FM,HUGIN SAND
VOLVE_15_9-01,1629.0,103.93331923665563,2.622058066621464,0.14811071979019363,435.43222264319064,69.3980918586603,110.83853978242347,2.8053565610267155,9.049787635507592,0.8103058329532931,0.02,0.40444834372727256,1,HUGIN FM,HUGIN SAND
VOLVE_15_9-01,1629.15,109.84039637157552,2.643655237056707,0.16565279107782713,192.00695158456344,78.96904772871495,129.21882653082437,2.787856617374175,9.94909589487557,0.8156581860573943,0.02,0.6228935638314208,1,HUGIN FM,HUGIN SAND
VOLVE_15_9-01,1629.3,105.4000451687941,2.6388281801545386,0.1313410787080911,199.54635518263785,69.29889393559041,115.06695481717539,2.9205341622515,8.861756321884862,0.7813799276813289,0.02,0.6105769011983835,1,HUGIN FM,HUGIN SAND
VOLVE_15_9-01,1629.45,106.03297771144791,2.665942334290636,0.1649805340341134,186.27468015861908,79.49691657112558,126.80768044108318,3.131250634979102,8.821393866646467,0.8286129753971507,0.02,0.6576759399319425,1,HUGIN FM,HUGIN SAND
VOLVE_15_9-01,1629.6,97.5592974052838,2.616522544649178,0.14641661534610861,241.08368599299456,76.70659401268303,119.89650768475748,2.82681276834516,8.854551713155159,0.826387486599748,0.02,0.5618398335658155,1,HUGIN FM,HUGIN SAND
VOLVE_15_9-01,1629.75,97.64004967946214,2.6127894087240757,0.14899464432845624,333.7121569517632,73.7868388169827,125.97997704406147,2.9549167866165282,9.12256802440113,0.7922798389221496,0.02,0.48792721157675023,1,HUGIN FM,HUGIN SAND
VOLVE_15_9-01,1629.9,106.86547027480108,2.5919954730973327,0.14206689653133608,272.5175273705558,74.69538479638966,114.15101710162868,2.978664879189598,8.711805794246024,0.7599620871691866,0.02,0.521959434018206,1,HUGIN FM,HUGIN SAND
VOLVE_15_9-01,1630.05,96.91052877540645,2.6319315633495264,0.16954225353049648,238.46611439854934,76.19622574292143,117.2073024105097,2.7976261522731085,10.946119341953956,0.8315176468287064,0.02,0.5650515198166776,1,HUGIN FM,HUGIN SAND
VOLVE_15_9-01,1630.2,93.55648514193047,2.6203706848289268,0.15173723370700018,290.59131759213795,73.20396699901401,110.49070815091535,2.512046416642856,8.132663653516994,0.782059908238762,0.02,0.4993660612573732,1,HUGIN FM,HUGIN SAND
VOLVE_15_9-01,1630.35,104.50683507765531,2.6310253261002137,0.1292370019545855,204.16622737183815,78.1931832461956,120.39133909579135,2.794697492116239,8.602937549443503,0.787306077071883,0.02,0.6337955592702582,1,HUGIN FM,HUGIN SAND
VOLVE_15_9-01,1630.5,96.27543329588401,2.5952175156152317,0.12311870573038985,177.18998981148923,77.80340879651683,130.72217846002195,3.0521773034633384,9.3075383274461,0.7729603107359122,0.02,0.6591132372029606,1,HUGIN FM,HUGIN SAND
VOLVE_15_9-01,1630.65,90.91870822504995,2.6250320837805337,0.1324167336313766,228.57937340465205,73.75855344989927,124.41784930240485,3.0972286936554947,9.217063797837191,0.7560787772218217,0.02,0.5660626682030555,1,HUGIN FM,HUGIN SAND
VOLVE_15_9-01,1630.8,102.78159087033421,2.6221039923590785,0.11554807903639264,253.6045303596638,71.13669788762944,113.44848894788126,3.098872596772281,9.771730876458346,0.7383340523865173,0.02,0.5363570283810454,1,HUGIN FM,HUGIN SAND
VOLVE_15_9-01,1630.95,103.39997531990842,2.6207807007978734,0.11910567507218263,304.5107085060627,78.10779801304082,127.45404879864923,3.1219144789686277,10.223813827135869,0.8009967939913971,0.02,0.4910256892736976,1,HUGIN FM,HUGIN SAND
VOLVE_15_9-01,1631.1,95.11268113594346,2.6043346818361894,0.09115740370534864,194.24652245739276,67.26477927175814,107.57112394669345,2.874721019892511,8.826678125550728,0.7581230206087299,0.02,0.6203086009904215,1,HUGIN FM,HUGIN SAND
VOLVE_15_9-01,1631.25,102.20822860347577,2.6417864929710677,0.11996806502706792,219.0458414162091,76.96212051218625,117.17950868973323,2.8318781750025623,9.40114878613211,0.8730221345576142,0.02,0.5813469809097367,1,HUGIN FM,HUGIN SAND
VOLVE_15_9-01,1631.4,106.32192396667907,2.65900615157956,0.17194742903388213,253.90203537965132,75.35396556618032,131.65687994426068,3.0750116009701713,9.23022613074356,0.7482620120776776,0.02,0.5257203837027727,1,HUGIN FM,HUGIN SAND
VOLVE_15_9-01,1631.55,95.43687077024363,2.5957931194740476,0.11827914742420971,253.031971661092,70.53949815124,119.73689686733388,2.957649985952612,9.294730147624232,0.7427276827787017,0.02,0.5626520092673374,1,HUGIN FM,HUGIN SAND
VOLVE_15_9-01,1631.7,107.5453853647867,2.632408879591859,0.17737248765816904,291.80466303727434,76.99846068387909,124.96963412085509,3.1814157245092205,8.728775038469346,0.7953552110783075,0.02,0.5251709868740331,1,HUGIN FM,HUGIN SAND
VOLVE_15_9-01,1631.85,107.89345516372005,2.560442996973192,0.1518924932452266,269.0719998832377,74.60142924566546,115.08283718110339,3.0762747128675096,9.417396603161897,0.8255293414807668,0.02,0.570927561100321,1,HUGIN FM,HUGIN SAND
VOLVE_15_9-01,1632.0,96.60792938020788,2.631372198989649,0.1361823719702106,304.80569333813423,72.15657062121034,114.32584110808764,3.2567641125665774,8.419650701165121,0.7811835493528847,0.02,0.47823172226358246,1,HUGIN FM,HUGIN SAND
VOLVE_15_9-01,1632.15,98.05587679608917,2.5805969076691646,0.10938881719679333,214.09228281299534,76.97979262342008,119.70554044037229,2.906892739134881,8.674964968272699,0.7960061302214534,0.02,0.6092311985290577,1,HUGIN FM,HUGIN SAND
VOLVE_15_9-01,1632.3,100.92821666382088,2.6075006530420146,0.12856176029175984,215.83865352022093,69.3753976979386,111.4885475213441,3.2135068500215693,8.71538899774893,0.7231225492015924,0.02,0.527866212703694,1,HUGIN FM,HUGIN SAND
VOLVE_15_9-01,1632.45,104.29322183921037,2.591739506764915,0.17149730982796008,222.96115204462828,75.93139794150437,123.03985257940374,3.4069351794276637,8.983446651462115,0.7576908965906366,0.02,0.6014723120088916,1,HUGIN FM,HUGIN SAND
VOLVE_15_9-01,1632.6,86.42768298801957,2.613687770101012,0.16296157098868724,226.2138068927519,67.13080617298924,105.70366240773099,3.010748512321525,10.263133770063064,0.7453922407223499,0.02,0.5298608633246239,1,HUGIN FM,HUGIN SAND
VOLVE_15_9-01,1632.75,96.18035073997342,2.6347758739673566,0.13353443005668178,242.5105534301337,73.43373427389096,110.22191107369053,3.0998613353881534,8.84588134734656,0.720331046684868,0.02,0.5256643285662614,1,HUGIN FM,HUGIN SAND
VOLVE_15_9-01,1632.9,98.5196539306537,2.5808537347254594,0.11406725576759197,319.5308625257067,73.90694828006612,128.91141217668522,2.8138943422603027,8.444675829004115,0.780270820571282,0.02,0.4899153747567867,1,HUGIN FM,HUGIN SAND
VOLVE_15_9-01,1633.05,87.19340969960119,2.610810406209687,0.10721462811758599,216.92860487413236,70.73197070241191,114.35878685801582,3.1788113051764677,8.173343491260836,0.7090529001504603,0.02,0.5672287186960453,1,HUGIN FM,HUGIN SAND
VOLVE_15_9-01,1633.2,96.25205594836139,2.607732624623679,0.11338499282916457,281.50395186568954,74.06378522993555,120.78501636886902,3.22581163390486,8.77746902733949,0.7362455313134253,0.02,0.493681661692873,1,HUGIN FM,HUGIN SAND
VOLVE_15_9-01,1633.35,90.39185129614914,2.6496209736774374,0.15946810157527677,261.33869362122584,73.11862334896635,114.87775042797124,2.901109363186678,9.675874473839551,0.7593666868534853,0.02,0.5201638873960841,1,HUGIN FM,HUGIN SAND
VOLVE_15_9-01,1633.5,93.92840766248389,2.626635220157006,0.16515127888382947,271.78622902239977,76.33633623680389,114.32808240224016,3.1172319142149676,8.783130102339381,0.750112467744362,0.02,0.5418360996274354,1,HUGIN FM,HUGIN SAND
VOLVE_15_9-01,1633.65,95.72601815684726,2.5944556577345312,0.14189425694255764,216.02000521099782,75.58063966550442,120.5125208103179,3.056094547768921,8.795964821297877,0.7865093349547063,0.02,0.5588390096708797,1,HUGIN FM,HUGIN SAND
VOLVE_15_9-01,1633.8,96.919109476471,2.608574112419392,0.1314406004430911,338.73162293072545,75.19504391909696,118.69596022562064,3.0781570580551705,8.432238544650927,0.7833480610236946,0.02,0.4665995712962204,1,HUGIN FM,HUGIN SAND
VOLVE_15_9-01,1633.95,100.69540615454618,2.6491220847677104,0.1710575761798346,240.38861413058964,75.05669911022927,123.63839047996473,3.1624039481530546,8.948258577903768,0.8005557749774329,0.02,0.545601439218829,1,HUGIN FM,HUGIN SAND
VOLVE_15_9-01,1634.1,95.53001692691485,2.6322873063354804,0.1198093453455045,227.1766705680428,72.67094278539936,120.80389632351982,3.1037799017998964,8.794539134789957,0.7958721077520241,0.02,0.5955731432577929,1,HUGIN FM,HUGIN SAND
VOLVE_15_9-01,1634.25,109.53863123971341,2.5996353307518913,0.1420986814393972,276.30110339198313,73.4062180017249,121.27509620130668,2.9722024347654314,8.395052141043166,0.8070814325825992,0.02,0.5403325280485847,1,HUGIN FM,HUGIN SAND
VOLVE_15_9-01,1634.4,100.8400142799126,2.612658589232338,0.14511236964293622,210.00617563047643,74.36172080759782,123.92011497174225,3.1666592710860275,8.72363555223608,0.7723536643467575,0.02,0.5376695115933612,1,HUGIN FM,HUGIN SAND
VOLVE_15_9-01,1634.55,108.1741943647253,2.613297817031837,0.11990406031354836,262.3280704020094,73.27126453295544,126.25235229011172,3.222371217904923,9.732663500423739,0.7810671497138423,0.02,0.559715447456289,1,HUGIN FM,HUGIN SAND
VOLVE_15_9-01,1634.7,98.95113711496997,2.607240361456884,0.12531045814116343,233.3088785851357,77.24152416716427,125.53569736514062,2.8891611131960007,9.27204971444648,0.786858283793264,0.02,0.5471094635106293,1,HUGIN FM,HUGIN SAND
VOLVE_15_9-01,1634.85,95.91051466978433,2.583795756873566,0.12202177128141091,305.8719536654429,73.95655361731966,123.82656489176063,2.999640174590685,8.385002094536187,0.7753101524344198,0.02,0.49849227061094564,1,HUGIN FM,HUGIN SAND
VOLVE_15_9-01,1635.0,105.86763709409983,2.6044475656922006,0.16213805136444806,228.30522949709064,74.47170172276691,121.62402562560571,2.6462614389558197,8.583398506502059,0.7586900949645756,0.02,0.5432897223060275,1,HUGIN FM,HUGIN SAND
VOLVE_15_9-01,1635.15,94.32642703920378,2.6457839861173076,0.17231375460204762,217.9300792099436,69.1654694064341,101.16457405040498,3.1167196095062426,9.025605853115493,0.760176060406039,0.02,0.5953314766221065,1,HUGIN FM,HUGIN SAND
VOLVE_15_9-01,1635.3,94.89911815569882,2.6103771102587765,0.13407044786627506,390.16594076452213,75.90297045105365,120.6721513082473,3.244623515252854,9.48427928026728,0.7451639817436256,0.02,0.48864039715973306,1,HUGIN FM,HUGIN SAND
VOLVE_15_9-01,1635.45,102.87871039764589,2.6159349273907817,0.13191742827781683,264.4711015653565,72.06405255479997,110.96392655316104,2.948540954502148,9.105332124500427,0.7818786667911506,0.02,0.5335645055630542,1,HUGIN FM,HUGIN SAND
VOLVE_15_9-01,1635.6,91.57635608630312,2.6208105129370716,0.12289526028085437,309.12329649689264,70.36098349053924,113.73474023838459,3.026687231566939,9.681469562029225,0.7659472118714686,0.02,0.4785025973646867,1,HUGIN FM,HUGIN SAND
VOLVE_15_9-01,1635.75,99.65524131124992,2.6623628278942424,0.13229613872260923,209.32830597006824,78.07671968781807,120.96770070394074,2.955960853011212,9.30960347029802,0.7484080830240176,0.02,0.5894665224317226,1,HUGIN FM,HUGIN SAND
VOLVE_15_9-01,1635.9,98.97386149514996,2.618177495428339,0.12119102733599096,219.38331573571114,75.22225954926135,123.38401972896985,2.9232207552248273,8.581260565340157,0.7479697490981784,0.02,0.5377230143875597,1,HUGIN FM,HUGIN SAND
VOLVE_15_9-01,1636.05,100.79705548723807,2.63987890707167,0.12771796709560437,347.13622793980124,75.72243008236984,126.06102862248973,3.0464342573693193,11.695722246649508,0.7310571462847253,0.02,0.4948321622051244,1,HUGIN FM,HUGIN SAND
VOLVE_15_9-01,1636.2,105.09536197548225,2.606036396558976,0.14770435034497034,243.3153531484309,75.45878106670753,126.75189993683284,2.843151492194443,8.822368819126883,0.7962646258992793,0.02,0.5615926677769427,1,HUGIN FM,HUGIN SAND
VOLVE_15_9-01,1636.35,104.53460958430877,2.61281201478995,0.1272117166493309,278.26084400039895,73.26627767964064,125.32235209504637,2.9529446127113137,9.126834650588604,0.7687865033675886,0.02,0.4886309402655039,1,HUGIN FM,HUGIN SAND
VOLVE_15_9-01,1636.5,94.75462766283356,2.6182510544622057,0.12721887637725848,279.31260480337266,72.1326063264366,107.0320497019441,2.819089814378824,8.892079852198306,0.7400709175302695,0.02,0.4885964986860606,1,HUGIN FM,HUGIN SAND
VOLVE_15_9-01,1636.65,95.71163490293495,2.6025173411630123,0.13475141529298063,319.5621868001662,76.3020645556269,116.08830311426895,3.1178153171699354,9.44692488903158,0.7897366999628448,0.02,0.4822393334962645,1,HUGIN FM,HUGIN SAND
VOLVE_15_9-01,1636.8,106.628034500237,2.613925644387941,0.1258773219841407,338.6222821044407,76.53136921720333,137.08926667869093,3.0478476240535404,9.457824496128504,0.7481906045244231,0.02,0.48951821947945695,1,HUGIN FM,HUGIN SAND
VOLVE_15_9-01,1636.95,85.98800026330309,2.6357610187162654,0.1195207451032225,181.25353631473754,72.41207577536203,120.90693983987697,2.9137524165230153,9.196050810048543,0.7223313509569782,0.02,0.6030412844870838,1,HUGIN FM,HUGIN SAND
VOLVE_15_9-01,1637.1,93.3624038486042,2.601992708778162,0.154446515073957,305.0773058060561,80.2813063294652,129.57232998237936,3.0074157491244793,12.637892964443525,0.7946838867681394,0.02,0.5202992494663119,1,HUGIN FM,HUGIN SAND
VOLVE_15_9-01,1637.25,98.83374664432048,2.618001780619273,0.09670334222327587,230.03398909390864,72.52711939124154,116.20357857754594,2.9558549488447303,8.821941655351628,0.7474537520186982,0.02,0.5661723817381834,1,HUGIN FM,HUGIN SAND
VOLVE_15_9-01,1637.4,104.45261895696032,2.6321746710331184,0.16410826357382566,267.14013428059707,69.00433018450347,110.12262755973096,3.228779034114527,8.457003138688446,0.7508177759586693,0.02,0.5021302617898047,1,HUGIN FM,HUGIN SAND
VOLVE_15_9-01,1637.55,98.51226236778709,2.601510679023745,0.1372861284296646,206.75544506570057,68.28217033243203,99.58273974421415,2.911797536931314,8.697811497733024,0.7638369277706976,0.02,0.5859027656193702,1,HUGIN FM,HUGIN SAND
VOLVE_15_9-01,1637.7,105.65401710722597,2.639908275852299,0.1516595598492802,340.20107139197023,69.03456834030202,106.59366382136577,3.1270089930863767,8.866302855450558,0.7963947221969995,0.02,0.5064643166125341,1,HUGIN FM,HUGIN SAND
VOLVE_15_9-01,1637.85,87.43307109794128,2.6194576695942264,0.14883642629766342,212.1046491194608,72.17321404024064,114.91790449186173,2.8589585429383413,9.307252138030556,0.7622324708979061,0.02,0.5495561376574596,1,HUGIN FM,HUGIN SAND
VOLVE_15_9-01,1638.0,91.39351847155659,2.614697548733214,0.11461446408748689,237.05213787403997,71.97736557507476,111.58448554281767,3.16284768007598,9.906750256697322,0.7251709819206554,0.02,0.539193860069644,1,HUGIN FM,HUGIN SAND
VOLVE_15_9-01,1638.15,89.44268028179674,2.5778370438839957,0.11825875411459363,182.75886990994718,75.75725561146346,118.28592902559447,3.2074611200007217,10.8199319355967,0.7769728349211898,0.02,0.6685571172976865,1,HUGIN FM,HUGIN SAND
VOLVE_15_9-01,1638.3,99.73574546046599,2.6105277511597302,0.11119728378480138,230.52577812158202,72.99653182462241,129.58810802929895,3.2169012585189085,9.216010920512971,0.7456177965191862,0.02,0.5743566033547641,1,HUGIN FM,HUGIN SAND
VOLVE_15_9-01,1638.45,94.81378300672431,2.625431848322906,0.13750591251869565,239.67593189838436,77.02641618593822,121.98400068966914,3.2942033782277393,10.532505765823652,0.8163151541017829,0.02,0.5344743455140711,1,HUGIN FM,HUGIN SAND
VOLVE_15_9-01,1638.6,90.73042388542908,2.652906900376049,0.14785701717142952,241.58074988919952,73.48773494325634,118.9709759505438,3.058489000015805,9.24221082466085,0.7591528222693928,0.02,0.5812982948633435,1,HUGIN FM,HUGIN SAND
VOLVE_15_9-01,1638.75,93.27624991135288,2.629357783082232,0.11207127089539277,204.3486955297826,72.04343246502184,116.48217336905356,3.2475893403326483,9.705445236685582,0.6916434093320617,0.02,0.6337767463238789,1,HUGIN FM,HUGIN SAND
VOLVE_15_9-01,1638.9,103.3567701217429,2.640524324635567,0.1474970249535465,348.8321561282263,71.81590766463871,117.85274975653736,3.324835990464085,8.795194337724238,0.7689226143332026,0.02,0.468644979775746,1,HUGIN FM,HUGIN SAND
VOLVE_15_9-01,1639.05,101.7295265780899,2.5938179085275612,0.09504847107420125,255.83187713879192,78.75868477471681,123.62748181019639,2.775589527223099,9.996286636314728,0.8160459696761684,0.02,0.5222146887744141,1,HUGIN FM,HUGIN SAND
VOLVE_15_9-01,1639.2,104.27753074874406,2.615463550086941,0.13296234263660264,235.39317653817125,69.6653720004137,117.69950144085533,2.8793523716473595,9.246027964140783,0.8044912445073843,0.02,0.5491024953965506,1,HUGIN FM,HUGIN SAND
VOLVE_15_9-01,1639.35,104.79541942875218,2.642414928846577,0.1650898188170524,260.0596779311987,75.3068737341178,122.70880894262216,2.700859858096576,12.633215985579282,0.8116471430988077,0.02,0.5423147315725447,1,HUGIN FM,HUGIN SAND
VOLVE_15_9-01,1639.5,92.857707686109,2.6002453289920013,0.12542506156142766,238.0434041031512,72.13764692703049,108.98441321462545,3.212228824944954,8.676286226802656,0.7256299156139091,0.02,0.5208011397676789,1,HUGIN FM,HUGIN SAND
VOLVE_15_9-01,1639.65,93.92010595063063,2.6373044525794618,0.12088075890572171,350.8501745787745,76.17708134305285,121.34581015273642,2.6982935465223314,9.715341744149388,0.783090877526967,0.02,0.48954064997842794,1,HUGIN FM,HUGIN SAND
VOLVE_15_9-01,1639.8,97.51355775812088,2.6326663572920066,0.11689855775256014,234.12544135509137,72.77890142257407,115.58550067275957,2.6440315319038605,9.214277191455365,0.7335694813020807,0.02,0.6101686470681248,1,HUGIN FM,HUGIN SAND
VOLVE_15_9-01,1639.95,100.4042248514779,2.6234944729689964,0.07365862199800807,317.9796912093174,73.42514088476402,116.38939813896933,2.7805214638209677,9.218421759127652,0.7614604883958157,0.02,0.4772827165949138,1,HUGIN FM,HUGIN SAND
VOLVE_15_9-01,1640.1,97.494420698338,2.6114259474972803,0.10717074798579322,279.4208558480545,71.69098611894175,117.25206180142223,2.652337597895114,8.519282087482917,0.7160452492935443,0.02,0.5248529343069382,1,HUGIN FM,HUGIN SAND
VOLVE_15_9-01,1640.25,96.32849756982904,2.5982740969085514,0.15130508868620093,237.09636032179324,77.0378040438559,126.43411241606555,3.0544316059650862,9.552630400122244,0.7344017415729952,0.02,0.5927370520599334,1,HUGIN FM,HUGIN SAND
VOLVE_15_9-01,1640.4,88.78767751288046,2.6535075858820663,0.11829032952567078,306.48620285758295,72.83620230366026,119.12118909992634,2.7830914709228063,8.444730687758296,0.7329492324239695,0.02,0.5385755268698983,1,HUGIN FM,HUGIN SAND
VOLVE_15_9-01,1640.55,102.52264856366841,2.6306372503544804,0.12766324079706365,336.29671343261435,79.67283737311884,129.17111658737798,2.6619434175992427,8.68268748149246,0.7796941869139211,0.02,0.5052135477290378,1,HUGIN FM,HUGIN SAND
VOLVE_15_9-01,1640.7,98.73776833838131,2.6248123224935087,0.08980271479536081,259.8931806653798,74.51193571636114,119.64728568445871,2.9916253359789655,8.587650019943094,0.7762597235739266,0.02,0.4857941342534801,1,HUGIN FM,HUGIN SAND
VOLVE_15_9-01,1640.85,94.79041102184206,2.6097430050359547,0.10138971504847313,249.76873713146455,73.43614231048856,106.74179267622017,3.003422405689409,8.415858890902397,0.7600431394048293,0.02,0.5369379820200596,1,HUGIN FM,HUGIN SAND
VOLVE_15_9-01,1641.0,91.04580304347705,2.6187574325917993,0.15040990288164602,317.07089478398814,71.94854169505682,119.00712985678177,2.62604338050278,8.475997495600554,0.7107261287310065,0.02,0.49586636032677855,1,HUGIN FM,HUGIN SAND
VOLVE_15_9-01,1641.15,91.98073448000333,2.6212943453994004,0.14355433483210792,231.02988012730867,74.69053446157243,121.94662561404827,2.857259765305895,9.31772412972293,0.7413896881258446,0.02,0.5532534610229023,1,HUGIN FM,HUGIN SAND
VOLVE_15_9-01,1641.3,98.59048214518849,2.625997513694671,0.10322952976739509,397.35200550081504,70.96192793410287,108.6152783112084,2.9850722496054,8.556808544701395,0.7278554026412247,0.02,0.4689340634061584,1,HUGIN FM,HUGIN SAND
VOLVE_15_9-01,1641.45,91.6131976650696,2.6326868057694384,0.12376292795743514,245.35571308608195,74.12381063563706,120.00100840900251,2.9286353453060228,10.498952814857965,0.775829171925997,0.02,0.5941255384221802,1,HUGIN FM,HUGIN SAND
VOLVE_15_9-01,1641.6,94.56809526241136,2.602350569482898,0.13710422409230347,216.40740860248258,73.88610050262734,121.45745320960486,2.9341033545894524,9.59418323814958,0.7845844730151942,0.02,0.5619528180627814,1,HUGIN FM,HUGIN SAND
VOLVE_15_9-01,1641.75,97.49704251239716,2.5886680606902597,0.1131420352554264,229.73900871685214,74.75435508427044,125.46320346095801,3.2358573957472223,8.804069091649145,0.7804305993237436,0.02,0.5644959995147468,1,HUGIN FM,HUGIN SAND
VOLVE_15_9-01,1641.9,101.99910880017586,2.61968561702547,0.08875452426496092,184.7978019262013,73.73174457014966,120.52229852810889,3.429308958464715,8.939947118665712,0.7255826795682196,0.02,0.6106786427824669,1,HUGIN FM,HUGIN SAND
VOLVE_15_9-01,1642.05,93.49900186688062,2.5830556532535045,0.11664884349555292,292.621280346699,72.68705813979729,117.90730205775749,2.93734030280364,9.365494567405591,0.6655536749622776,0.02,0.49880132757008994,1,HUGIN FM,HUGIN SAND
VOLVE_15_9-01,1642.2,82.7477831826256,2.611526780100127,0.1355868878732465,298.45825303975414,72.33934312249077,120.47681058348896,2.735623693484049,8.258656054509805,0.6942314441985445,0.02,0.49307859852290226,1,HUGIN FM,HUGIN SAND
VOLVE_15_9-01,1642.35,106.74878724534085,2.6078162033977645,0.15024564923919656,289.2438155213441,78.66463085632779,124.33070926915389,2.953083380277237,11.54690205030843,0.7893900189639833,0.02,0.5306038242718513,1,HUGIN FM,HUGIN SAND
VOLVE_15_9-01,1642.5,101.49655668566334,2.6278349638440335,0.14763546708044015,239.43970248538812,74.12180236449376,120.65489988116529,3.0388586206839046,8.822358187586328,0.7342047957973148,0.02,0.5318851102630316,1,HUGIN FM,HUGIN SAND
VOLVE_15_9-01,1642.65,87.83607834588464,2.657651940709726,0.09741220209492646,192.68556976591753,80.45240517581438,125.6182823102839,2.9893442910460313,8.607993663397671,0.7232223155368196,0.02,0.5337434499214796,1,HUGIN FM,HUGIN SAND
VOLVE_15_9-01,1642.8,87.87266901276082,2.579108187521929,0.14033692298455414,232.29948555682248,74.21007219743299,124.28759905399932,3.1221382236448787,11.418708880411872,0.794525898586769,0.02,0.5182228827459421,1,HUGIN FM,HUGIN SAND
VOLVE_15_9-01,1642.95,98.9957148155223,2.663483700606368,0.13203648260056258,320.9605035032071,76.70080786205153,114.6727370079991,3.4423818500392427,8.912815091808762,0.7827033992343002,0.02,0.4551317571186372,1,HUGIN FM,HUGIN SAND
VOLVE_15_9-01,1643.1,101.38570642763037,2.613338496817619,0.13000335110236866,259.7680420887294,70.89155434985096,117.51017283051317,2.6573758285839357,8.44645470275005,0.7449850987487501,0.02,0.5169990795806731,1,HUGIN FM,HUGIN SAND
VOLVE_15_9-01,1643.25,102.77685961316412,2.6249561736434517,0.12600734063915375,241.62018527332867,77.07143087417877,123.40283420792608,2.898584066593239,9.498342963707502,0.7349531554122433,0.02,0.5601022299380174,1,HUGIN FM,HUGIN SAND
VOLVE_15_9-01,1643.4,90.8790261700556,2.5897033568475254,0.1176855034802631,219.11073256949393,70.84307713533173,118.17586007016223,3.308228635472301,8.589076745357572,0.7392964472827562,0.02,0.5503018494975015,1,HUGIN FM,HUGIN SAND
VOLVE_15_9-01,1643.55,104.96992685615378,2.6379374314045263,0.07208108249385467,177.91499947128557,74.52921959762385,115.34402950424167,2.895590887946833,8.628469386367783,0.7495792771877784,0.02,0.606626506647625,1,HUGIN FM,HUGIN SAND
VOLVE_15_9-01,1643.7,88.93612527685883,2.618829450727034,0.16177729713132244,156.83502206784053,73.18214729129548,117.54135356015425,3.1578987011148847,8.774150807890594,0.7902714447993932,0.02,0.6567057606380073,1,HUGIN FM,HUGIN SAND
VOLVE_15_9-01,1643.85,94.83254017499561,2.616770651776234,0.13976737158972607,192.4896899942131,74.61503249538056,119.6872024412653,3.1261801394695317,8.852845110922972,0.7544504552014953,0.02,0.5862268251333719,1,HUGIN FM,HUGIN SAND
VOLVE_15_9-01,1644.0,95.40507718727365,2.5792522977019408,0.10477388403877361,183.07312520093524,72.72690192798603,118.53246088502993,3.2473759713627603,8.829127705424572,0.7630645319300252,0.02,0.6200453916994189,1,HUGIN FM,HUGIN SAND
VOLVE_15_9-01,1644.15,104.46932223331828,2.6194759362769484,0.14584311270516576,199.0097697526904,71.31963860427778,108.87361201360456,3.382667948831906,9.33753518730806,0.7758698643020712,0.02,0.5931746739037773,1,HUGIN FM,HUGIN SAND
VOLVE_15_9-01,1644.3,98.48651001082331,2.634916566476331,0.11683547914595648,207.7326874558807,71.4594331687381,117.51616851040274,3.0666145414201047,8.981174890590495,0.7052105019065726,0.02,0.6192081133683409,1,HUGIN FM,HUGIN SAND
VOLVE_15_9-01,1644.45,102.2044980827629,2.613274427290336,0.1259890481015337,162.21510248624517,78.04387296307671,115.64072610056095,2.650834042916019,8.863708042124154,0.7624566295325886,0.02,0.6435046705743399,1,HUGIN FM,HUGIN SAND
VOLVE_15_9-01,1644.6,87.64329814238297,2.641483986912883,0.11420441594829162,206.96274532744542,74.18152320259173,115.35122683855997,2.859918564747176,8.661422336793814,0.7304847198538151,0.02,0.5890036744950908,1,HUGIN FM,HUGIN SAND
VOLVE_15_9-01,1644.75,92.33144055501427,2.6406579034378272,0.1302412600783395,226.98183380226888,67.57046999373516,100.29910195428026,3.437210573318723,9.631876287952437,0.6633510041686279,0.02,0.5566993085718176,1,HUGIN FM,HUGIN SAND
VOLVE_15_9-01,1644.9,91.62289679679955,2.605178092345183,0.1051788237599372,303.3359288092294,74.94618746242168,124.0549969383028,2.7171604381230052,8.734820691519639,0.6745019679350746,0.02,0.514538981783654,1,HUGIN FM,HUGIN SAND
VOLVE_15_9-01,1645.05,83.83902717584776,2.649902277175948,0.10416098907120752,257.9937433847542,69.6418151647541,113.42755815115176,3.0993613138381146,10.151605180334741,0.707317885286797,0.02,0.5326535015378436,1,HUGIN FM,HUGIN SAND
VOLVE_15_9-01,1645.2,86.22973081474618,2.6189058992865015,0.15563194877857456,290.5964679004042,75.46635153970175,123.02635569801649,2.4970981551863627,8.528709045754386,0.7533136837763643,0.02,0.5317022385653962,1,HUGIN FM,HUGIN SAND
VOLVE_15_9-01,1645.35,100.51918834840627,2.6189949050157564,0.12746854322303772,198.62668727818348,74.63565163190401,126.78298959228923,2.729754563622098,8.533397261632206,0.7403078094558148,0.02,0.5758299233814971,1,HUGIN FM,HUGIN SAND
VOLVE_15_9-01,1645.5,94.58408563510244,2.6199796244520543,0.12834171768436428,284.9526701959972,74.85779079664852,118.19275692882862,3.1773874562799826,8.657227357938515,0.7419429698947229,0.02,0.5093154891004494,1,HUGIN FM,HUGIN SAND
VOLVE_15_9-01,1645.65,94.047768460618,2.6193863150188226,0.15301824912588968,230.4025620212851,79.61876306121873,130.43794930501326,3.0071921840659512,10.496145918069796,0.7944597781357092,0.02,0.5516076229517173,1,HUGIN FM,HUGIN SAND
VOLVE_15_9-01,1645.8,90.21021157391489,2.5653973328668296,0.11125522053695867,377.77426630956126,69.63167116581158,111.7407856011809,2.9247116349223443,9.713769098839107,0.6973796970258813,0.02,0.41435541484884936,1,HUGIN FM,HUGIN SAND
VOLVE_15_9-01,1645.95,96.56462178971174,2.6142898720362053,0.12075969925887133,186.8822213272753,74.6854193559017,119.0654981960997,2.8371287951290176,9.718078786471214,0.7341517514120602,0.02,0.6293750201622436,1,HUGIN FM,HUGIN SAND
VOLVE_15_9-01,1646.1,95.23075461267734,2.590721070566751,0.1376590584144805,304.64703103167903,76.82139957330034,129.447368477675,2.6006914920729813,9.022629795648621,0.7436316868001587,0.02,0.5351157769107316,1,HUGIN FM,HUGIN SAND
VOLVE_15_9-01,1646.25,84.87397468252952,2.6505267140443136,0.09596282497413511,217.42674018867797,70.47869183158011,123.17530374753838,3.1386811772453274,8.666008857597706,0.7119358468227363,0.02,0.5594847759136498,1,HUGIN FM,HUGIN SAND
VOLVE_15_9-01,1646.4,104.19586616625185,2.649721659834424,0.13458210985394,193.5991620116137,70.62075644759844,110.83587700184043,2.943370526068486,8.565608351751171,0.7344008594571715,0.02,0.6164095925727217,1,HUGIN FM,HUGIN SAND
VOLVE_15_9-01,1646.55,95.10380752605008,2.6350387666491115,0.10764795662865259,218.48053997677434,71.01006215865335,117.7846974114448,2.695626965097269,8.45828207315442,0.6850812387485329,0.02,0.5438140434966188,1,HUGIN FM,HUGIN SAND
VOLVE_15_9-01,1646.7,96.93930234375568,2.613230651253222,0.15334554069456036,161.37665678590767,74.64234428686052,121.02333542221089,3.0060378279020568,9.05426759197107,0.7749072589697159,0.02,0.6280393627955864,1,HUGIN FM,HUGIN SAND
VOLVE_15_9-01,1646.85,34.13543093123926,2.4541697341716384,0.17498105525231072,14.64605159063678,64.66615862839802,105.12141591768905,5.116249603082026,8.41953985482626,0.11169372853421793,0.14729372943517988,0.294846227952697,2,HUGIN FM,HUGIN SAND
VOLVE_15_9-01,1647.0,45.096151579237954,2.4812652247657607,0.17192314641706902,6.281995989086659,70.49428645491831,114.02674697303674,4.959865261974925,8.719190398316744,0.19261804848075867,0.13473947200545464,0.5011542440241127,2,HUGIN FM,HUGIN SAND
VOLVE_15_9-01,1647.15,31.724457860913592,2.487080181513546,0.1510043661073972,6.182472059577605,67.22124630362534,105.88860412849475,5.023198536662484,8.487743873749574,0.130237524627529,0.163607910384359,0.417001767312697,2,HUGIN FM,HUGIN SAND
VOLVE_15_9-01,1647.3,41.96452252042556,2.461744218463078,0.16867813086413866,9.32983195375709,73.67054887912585,99.94797540199285,5.007625363097488,8.75554389697637,0.16159095092358652,0.14650739612907707,0.382587409901408,2,HUGIN FM,HUGIN SAND
VOLVE_15_9-01,1647.45,30.57186620870577,2.442221477722663,0.13367476916892373,7.004697896195954,69.52696664031384,118.91719324749461,4.8586410382743646,8.720757018332923,0.12868977255799574,0.13791663449350994,0.433585898398671,2,HUGIN FM,HUGIN SAND
VOLVE_15_9-01,1647.6,36.89359171103003,2.4522693574328818,0.19255764681453783,10.04934415156406,78.54106938636068,122.1920480798151,5.010851922659967,8.358477138235381,0.12890802942374588,0.17395872046051647,0.3040406645276551,2,HUGIN FM,HUGIN SAND
VOLVE_15_9-01,1647.75,29.78317437592679,2.5428499630084676,0.09369741356825936,17.62599084709187,67.69395640630843,107.10254452534046,5.147043386264788,8.642582556754103,0.11185296710748512,0.12322506203993139,0.3430001461937708,2,HUGIN FM,HUGIN SAND
VOLVE_15_9-01,1647.9,31.99642746646917,2.5008056477025704,0.14054399045234292,5.944019440152724,68.9590512003293,109.23301742043644,5.206928734665117,8.6175886390761,0.1324931302958184,0.15148666627547502,0.4359104589088646,2,HUGIN FM,HUGIN SAND
VOLVE_15_9-01,1648.05,46.33928249500824,2.4951014524169928,0.19177267145916924,18.00611747666258,67.02745032237782,103.32490354953762,5.158145867717868,8.855661926106404,0.13800704659912832,0.14729094229249626,0.2720741049349902,2,HUGIN FM,HUGIN SAND
VOLVE_15_9-01,1648.2,35.22259939826044,2.4637313419446754,0.19199134433883508,7.356006813732546,72.35953343460244,116.97645420534202,4.864980393752817,8.718451078636631,0.10448915712460702,0.1689369072500128,0.38346963588532235,2,HUGIN FM,HUGIN SAND
VOLVE_15_9-01,1648.35,37.799704886051885,2.44001141893602,0.18090086286587306,6.4016223986494145,72.00110629981035,114.98020790258613,5.127242510313957,8.367374152282252,0.12381760483206365,0.16940453909065686,0.3879290894418767,2,HUGIN FM,HUGIN SAND
VOLVE_15_9-01,1648.5,25.281023430897832,2.3765649732394,0.18059136587743313,4.494514892323292,77.09098861485813,119.76290188962533,5.093093285467309,8.735205951935756,0.10882023932952051,0.18244319643172952,0.4553573626399643,2,HUGIN FM,HUGIN SAND
VOLVE_15_9-01,1648.65,40.603611098423244,2.50437730449072,0.13652807181982707,16.577649382893014,65.33070735676331,105.27564185407809,4.858058241510961,9.51008161601823,0.19566968306345778,0.12886269771205025,0.30387813393292556,2,HUGIN FM,HUGIN SAND
VOLVE_15_9-01,1648.8,39.04299952038343,2.450359061507828,0.19258037014650758,5.78287554313088,78.23468088171668,125.01025594595488,4.907137452492113,8.98901520647164,0.12354672554591262,0.1700452462128502,0.4419455705153554,2,HUGIN FM,HUGIN SAND
VOLVE_15_9-01,1648.95,42.32558464262285,2.4678376954057057,0.1686114500191696,11.45039026535637,74.24715374739125,123.43463885226653,5.135938620529508,8.408530985880931,0.1721568769777403,0.14966056466435548,0.3481485259358769,2,HUGIN FM,HUGIN SAND
VOLVE_15_9-01,1649.1,25.581868889336192,2.487331160465764,0.1857647558322158,14.077244754426923,67.0564886602154,100.58846791793597,5.275381630561289,8.449926425998433,0.11949492627478657,0.1369075732246523,0.33804800488684317,2,HUGIN FM,HUGIN SAND
VOLVE_15_9-01,1649.25,38.6429850028087,2.39122566021765,0.20339346840159583,10.348977496502599,80.03649214763261,124.03144083175329,4.6376656204039,8.493898515591864,0.13270837283708736,0.18718248687623973,0.30333729250313657,2,HUGIN FM,HUGIN SAND
VOLVE_15_9-01,1649.4,34.89425422240158,2.4475576435125284,0.16540776973442817,14.441615840038457,66.57364782318547,110.14432457128378,5.328012247673859,8.662838324235922,0.08485747583845397,0.1515047385137694,0.29576464087819,2,HUGIN FM,HUGIN SAND
VOLVE_15_9-01,1649.55,41.93126534390588,2.47205175424206,0.16052305438730588,6.675489313519084,72.75113495453967,113.20310121002235,5.232831935181634,8.695413778826188,0.11065742476749867,0.1716945100332885,0.37814834480294574,2,HUGIN FM,HUGIN SAND
VOLVE_15_9-01,1649.7,34.06999122441022,2.482662176226377,0.17779540100863403,13.104177141372675,67.86609082516162,104.06873400753318,5.039823700033207,8.87556386260832,0.12995944020107295,0.1655154694820159,0.3082212363212541,2,HUGIN FM,HUGIN SAND
VOLVE_15_9-01,1649.85,30.015651478139407,2.4673837863698425,0.180761864709344,9.051141490369448,76.19457965736518,118.95987274674125,4.951856675328401,8.470658727423183,0.17079994819808164,0.15160204437827202,0.41317920114207024,2,HUGIN FM,HUGIN SAND
VOLVE_15_9-01,1650.0,32.31469688062709,2.4716243633541386,0.16446686791093398,10.973326315128768,65.00626781511131,103.5051349207312,5.078086689843829,8.863318030743415,0.12945842778581965,0.1525038179673248,0.33068922598725825,2,HUGIN FM,HUGIN SAND
VOLVE_15_9-01,1650.15,35.084451528900374,2.4310987740237824,0.17692382783475655,11.480110415467594,67.59053680213273,107.65896420307718,4.871886927868206,8.853980203598262,0.1638923865604543,0.16205254052217305,0.31359102567570396,2,HUGIN FM,HUGIN SAND
VOLVE_15_9-01,1650.3,42.09633239783307,2.5098911913957007,0.16081646984413117,16.066349321696983,65.68848102156001,104.05177745398434,4.964460996010666,8.508628941910487,0.14118724219929688,0.13310019100193016,0.34111571534179436,2,HUGIN FM,HUGIN SAND
VOLVE_15_9-01,1650.45,27.601923598140473,2.5102948229406854,0.2026640367912853,8.93094889188342,73.9737824037551,113.2152261037649,4.704994609712204,8.40749639610352,0.17037480568544283,0.1468113503072491,0.39317280129344817,2,HUGIN FM,HUGIN SAND
VOLVE_15_9-01,1650.6,34.09853302722375,2.431911598915734,0.1754950143780725,11.01189295899002,72.90306656548016,120.51070114103592,4.651695408586328,8.6951740765614,0.11937174029038806,0.15468986592835773,0.3472438589905654,2,HUGIN FM,HUGIN SAND
VOLVE_15_9-01,1650.75,50.4110448035645,2.509494606230096,0.18286456028879314,12.699110390573425,68.71878223599013,116.5811503888726,5.466461326941177,8.914078930119407,0.19244281511240238,0.13111441235247,0.3848183504503606,2,HUGIN FM,HUGIN SAND
VOLVE_15_9-01,1650.9,35.08424091401007,2.442775642862793,0.20205059395183816,6.102049895381286,75.36821032057087,111.03699308097974,5.012615043681658,8.727090672384247,0.10577030105096726,0.17375300124381746,0.3919914634070944,2,HUGIN FM,HUGIN SAND
VOLVE_15_9-01,1651.05,38.69063254126601,2.4226658515223343,0.2224065945601989,5.397037915361653,73.44739225548459,109.7481245216577,5.040737804200473,8.453606411495132,0.09693735221456727,0.18617892423465682,0.40872727824521754,2,HUGIN FM,HUGIN SAND
VOLVE_15_9-01,1651.2,24.69801495932889,2.472418555796953,0.16931397231399997,9.344683566019059,72.49657304584086,121.00880174722033,4.9938534413778255,8.300989268045942,0.08323164870615085,0.1690236234750101,0.33506472918237373,2,HUGIN FM,HUGIN SAND
VOLVE_15_9-01,1651.35,34.95161198932103,2.5040413522366176,0.17839618979722716,10.164007567102937,76.31883925030773,129.95912450362107,4.834445196103822,9.059416903727968,0.18906904795108045,0.15417438250425314,0.33018461360651613,2,HUGIN FM,HUGIN SAND
VOLVE_15_9-01,1651.5,45.80255228894599,2.454172136068143,0.17441788177879283,7.901387350378098,70.0827527844295,101.48650959656354,4.938587578047347,8.536108921434879,0.14332989473389282,0.1569738689840022,0.3725536923662936,2,HUGIN FM,HUGIN SAND
VOLVE_15_9-01,1651.65,35.797819238841846,2.4780614406787365,0.18055193480384826,8.172868372150097,67.34329685910701,111.82645748096539,5.01823773879367,8.692147441122437,0.10833413063216406,0.15337627047774413,0.38185771849485284,2,HUGIN FM,HUGIN SAND
VOLVE_15_9-01,1651.8,40.28344567860034,2.473596629067304,0.18796971702120252,16.498520201869695,71.38544405793543,122.4061099249406,4.960672344489607,8.570442783325557,0.1554428828163644,0.14880502815451058,0.29949659954631175,2,HUGIN FM,HUGIN SAND
VOLVE_15_9-01,1651.95,32.54019471133782,2.451938020930413,0.176621512502993,13.398765525432262,72.46243929586814,111.62784154422498,4.8495594544611045,8.759427732367259,0.13822061949339792,0.15338729575674548,0.3229107709976401,2,HUGIN FM,HUGIN SAND
VOLVE_15_9-01,1652.1,42.242392899102505,2.497696271419748,0.18003832453595287,14.801677760919226,69.02124811111452,118.3323361122493,5.095897758644809,8.357545000158549,0.17619457109843528,0.13607500732367028,0.3429490265313835,2,HUGIN FM,HUGIN SAND
VOLVE_15_9-01,1652.25,25.958305877873535,2.427866857492488,0.18402031871735866,8.086685815393764,76.0791915350785,120.83673505172557,5.037672938373628,8.38743273472937,0.07039993389025281,0.1847269581734482,0.336853870731057,2,HUGIN FM,HUGIN SAND
VOLVE_15_9-01,1652.4,41.24200462631237,2.4416598045277995,0.20440702239863712,10.454113215726943,71.31788947517639,115.68180861314782,5.078581554348739,8.751622576373713,0.10850160401878026,0.17042423073783758,0.32069878602429486,2,HUGIN FM,HUGIN SAND
VOLVE_15_9-01,1652.55,48.349826297656506,2.4604336211410383,0.18061305169354286,9.530940548201066,68.77971377900525,106.45137547367297,5.141008962403967,8.168062141601762,0.10221760787700684,0.14496422166827447,0.392292318617947,2,HUGIN FM,HUGIN SAND
VOLVE_15_9-01,1652.7,32.7888204466342,2.4482577582010903,0.1798218703261541,18.111946420942598,70.31961616756664,117.51652849821357,4.965895217540346,8.60935443537328,0.05651700187692158,0.1577943931261226,0.26304844049015563,2,HUGIN FM,HUGIN SAND
VOLVE_15_9-01,1652.85,35.80688911211205,2.4420463333462483,0.18653183832248826,14.116841297491336,72.40217083431193,120.01573392297644,4.966222411943704,8.683407253576759,0.14717495830968177,0.16177219890641176,0.29159155263318326,2,HUGIN FM,HUGIN SAND
VOLVE_15_9-01,1653.0,22.48667339741781,2.444690723240683,0.18558837052797197,9.146102511025951,74.7086166966059,128.15733349321857,5.296490512450411,8.471182987209824,0.10689436894622212,0.15528774853793934,0.3418738701082935,2,HUGIN FM,HUGIN SAND
VOLVE_15_9-01,1653.15,29.577462761269977,2.4553206156462526,0.16573974437162742,8.064085266774839,72.61849555018581,123.39262972584844,4.811196958218176,8.429721669555095,0.1368398245682282,0.16309385999116296,0.3588443071634757,2,HUGIN FM,HUGIN SAND
VOLVE_15_9-01,1653.3,50.358068547345965,2.4690338683253166,0.18756130940682417,11.569310541548454,70.59347385010201,112.90380793907705,4.625273650355126,9.015200103563307,0.18509220412852934,0.15583023350034061,0.3094454675956536,2,HUGIN FM,HUGIN SAND
VOLVE_15_9-01,1653.45,29.67261977714346,2.490228406983993,0.171114444646016,13.884558896724629,70.62277665501585,128.53833572393486,5.111107740411496,8.893952395883952,0.10335346308946133,0.14960121564609435,0.32739359679446023,2,HUGIN FM,HUGIN SAND
VOLVE_15_9-01,1653.6,32.73811970683332,2.4556738686176693,0.13678896704933888,14.001417637494738,71.83516215458653,121.69022268970694,4.874129981025146,8.713355807139154,0.10097151700279874,0.14823355276194877,0.33703926422988517,2,HUGIN FM,HUGIN SAND
VOLVE_15_9-01,1653.75,29.875005212186505,2.1267825024637843,0.3318078879767871,2.355753286944967,100.85149878901967,164.06497823765977,1.5845298085413102,8.881833794916414,0.01682500357148011,0.3197924523822747,0.31225760372033673,0,HUGIN FM,HUGIN SAND
VOLVE_15_9-01,1653.9,36.45323772697362,2.2134789111190725,0.2736631958652913,3.367107205891243,97.52374173046256,151.05221478047204,1.977047603418484,8.367269283421756,0.04254514452804903,0.2922577986997203,0.3473076175228793,0,HUGIN FM,HUGIN SAND
VOLVE_15_9-01,1654.05,24.00206539418081,2.1771383039152257,0.2849239957938836,4.065496974779009,90.18574486335953,136.6470281352371,1.7710463232481684,8.183983186708097,0.0,0.2934823617520722,0.2939460557788219,0,HUGIN FM,HUGIN SAND
VOLVE_15_9-01,1654.2,22.976665651669826,2.193348310202615,0.28657916317453674,2.5155682758447186,86.17461867201197,130.65425058983587,1.5472871884736314,8.489475698305409,0.0,0.2857839439890108,0.4009918150004137,0,HUGIN FM,HUGIN SAND
VOLVE_15_9-01,1654.35,29.505208037742143,2.1999998624330748,0.270994618972156,3.0430545550379793,97.45355005274713,151.25735264977268,2.186989223801911,8.805592003381584,0.04365371468619708,0.2790612894618826,0.3646813463925377,0,HUGIN FM,HUGIN SAND
VOLVE_15_9-01,1654.5,24.044425393365298,2.232528110644834,0.28018013023745,5.254172562816538,93.99962606997104,157.28591499140484,1.4778627471205201,8.133475185982594,0.022974889226961948,0.27508281608099927,0.2937867907360225,0,HUGIN FM,HUGIN SAND
VOLVE_15_9-01,1654.65,22.130903983535223,2.1724701157875104,0.31443492595046824,2.8334186795608516,97.234623200077,158.0108416868108,1.7826643215327802,8.314708630134707,0.0,0.31310378614174383,0.3320505746683787,0,HUGIN FM,HUGIN SAND
VOLVE_15_9-01,1654.8,27.05940058766937,2.2111138337522993,0.27181532237499667,2.8023036380470314,96.06016959749063,150.62940543914272,1.4221446450305621,8.336920981397425,0.0,0.2882189551621735,0.3336007659302802,0,HUGIN FM,HUGIN SAND
VOLVE_15_9-01,1654.95,31.218808942596393,2.1712080657533517,0.3192928874648595,2.017039024886977,102.38964575445515,163.14408815264468,1.8541316467704454,8.579468186502794,0.055708961614989075,0.29957705404612456,0.40492376220938575,0,HUGIN FM,HUGIN SAND
VOLVE_15_9-01,1655.1,37.788206806925636,2.1730860205258,0.275246099924742,4.13192099189769,98.52568512756358,156.3523641894623,1.6717782599579158,8.553815310422786,0.022422950254028587,0.2871657874527624,0.304257763630391,0,HUGIN FM,HUGIN SAND
VOLVE_15_9-01,1655.25,27.194244083177146,2.23367847483331,0.33002560419586596,2.711477971255459,96.33618829801235,158.13815462943808,1.963854963065874,8.34496784529913,0.0,0.2842661167011721,0.36599193488602866,0,HUGIN FM,HUGIN SAND
VOLVE_15_9-01,1655.4,31.197588398347953,2.199702757093235,0.29064773728502635,3.4151461526123086,91.9334882082253,142.69959232098134,1.7965227227386582,8.536075983470276,0.004651164819776971,0.2921396390286719,0.33118807323505706,0,HUGIN FM,HUGIN SAND
VOLVE_15_9-01,1655.55,20.580820518267444,2.2286759292325864,0.23567328680224317,2.733259184576651,87.81912010252327,142.25902409461844,2.070121555801366,8.277425865788619,0.009865751598769443,0.2576193069622284,0.4053130513020692,0,HUGIN FM,HUGIN SAND
VOLVE_15_9-01,1655.7,30.594527159350786,2.21645088110341,0.2737665849032132,2.0959375090584693,87.51603630871156,141.52608697367202,1.7140572165192152,8.41978958357127,0.03124990220209925,0.2887659348971738,0.4017695432926002,0,HUGIN FM,HUGIN SAND
VOLVE_15_9-01,1655.85,21.385093266994705,2.163431143094288,0.32036203341929703,2.6496419312465793,97.10483204238645,151.12339121705378,1.4790911287708166,8.247042149461857,0.0,0.29741042412533103,0.33777396522963,0,HUGIN FM,HUGIN SAND
VOLVE_15_9-01,1656.0,26.97726631648279,2.178466855094634,0.3041589751113426,2.979549194643084,100.52353967449599,168.77769362524535,1.8475032106053733,8.469952434441037,0.0,0.31234200810571167,0.314885868949197,0,HUGIN FM,HUGIN SAND
VOLVE_15_9-01,1656.15,30.011871462808525,2.2528006595301706,0.24193070869735145,3.3503439472777794,95.0091201432948,150.53673619665602,1.749488503908161,8.347467564659118,0.01651893128667705,0.2667281451609492,0.358360974869976,0,HUGIN FM,HUGIN SAND
VOLVE_15_9-01,1656.3,25.73013639474362,2.126139127636608,0.3337279110627192,2.3508914979458737,99.79942798161568,154.7153341478039,1.436148023724509,8.638476306291079,0.00506097026038159,0.3158945105811066,0.32064578972175617,0,HUGIN FM,HUGIN SAND
VOLVE_15_9-01,1656.45,39.406092629917985,2.1739286679087595,0.3002463425721898,1.6897390907839065,96.22964489590906,158.23183173105545,1.588923944782858,8.528615666183248,0.02494172655309494,0.30481656134478724,0.41972287326484525,0,HUGIN FM,HUGIN SAND
VOLVE_15_9-01,1656.6,32.13989884554226,2.1556039700097407,0.3318432927658155,2.1405388319865355,96.36361710381728,154.45426525188086,1.6525735109047022,8.454651449643501,0.0,0.31877490254342844,0.3322235039088505,0,HUGIN FM,HUGIN SAND
VOLVE_15_9-01,1656.75,32.59360360509265,2.232194589874571,0.31522192516415604,3.317636184031364,92.60762202291937,150.21433679996628,2.111076678080147,8.857402179912363,0.017972388852075496,0.2938147463232222,0.3134845850299808,0,HUGIN FM,HUGIN SAND
VOLVE_15_9-01,1656.9,32.59755973978521,2.1499011318457284,0.314734607998907,3.624891455231468,96.29298425364021,148.14537580486666,1.9414891599139958,8.602853110833479,0.03974872397826468,0.30328302862599643,0.3173938628897832,0,HUGIN FM,HUGIN SAND
VOLVE_15_9-01,1657.05,35.84531614492019,2.2442100815752486,0.32264655166465694,4.766546023009833,89.24222932010034,146.84964817037041,1.730452967441453,8.459936245638508,0.02135275848705227,0.27152548997789244,0.27427904828618027,0,HUGIN FM,HUGIN SAND
VOLVE_15_9-01,1657.2,18.82907579071031,2.158357334046393,0.27459957150048,2.6255150481320824,102.03170062481942,174.11286282233385,1.8941739459744478,8.383626056509472,0.01067286608480407,0.30749349144642385,0.35962981623010737,0,HUGIN FM,HUGIN SAND
VOLVE_15_9-01,1657.35,32.172389016391335,2.165305306984205,0.2715649294816866,5.598074998525263,90.03064566089292,137.73486440850635,1.3921080240279908,8.26515059107336,0.0033786676467205657,0.28741713084011467,0.28868804016204097,0,HUGIN FM,HUGIN SAND
VOLVE_15_9-01,1657.5,20.043778440002384,2.2072409686686183,0.2701055548671058,3.0814876228673302,91.65131825638352,148.41315324016128,1.6870187777703998,8.486823222909042,0.0,0.27522455495918496,0.38365741260938735,0,HUGIN FM,HUGIN SAND
VOLVE_15_9-01,1657.65,22.522174854734487,2.1987791302263195,0.32781027703667187,5.430168525814103,87.41659293049568,135.94000021204303,1.8801990758016727,8.562947820506631,0.0036196889480856454,0.28204385312229663,0.2652641539843471,0,HUGIN FM,HUGIN SAND
VOLVE_15_9-01,1657.8,31.924231727781407,2.169513249662181,0.32952909280314485,3.2588027038454017,95.58004838596547,166.37610771553207,1.8330752612790937,8.206431159086364,0.0433396790260323,0.28706809154719576,0.34826397615647214,0,HUGIN FM,HUGIN SAND
VOLVE_15_9-01,1657.95,31.33244108444777,2.196897406198078,0.3131277512206089,2.097128859448758,93.85455526898633,156.3654508211294,1.6921287708192785,8.22912285644922,0.0017509500725700344,0.2870912913618451,0.38701147294664373,0,HUGIN FM,HUGIN SAND
VOLVE_15_9-01,1658.1,19.23211684159019,2.180172057295538,0.28973260106910265,5.518557696030129,95.22924210359817,153.7773240809069,1.7923383735738,8.396779442146627,0.0,0.30561507988402087,0.22143764676881814,0,HUGIN FM,HUGIN SAND
VOLVE_15_9-01,1658.25,22.437275611611344,2.2182164891543716,0.25929190765888416,2.1852289622025136,89.12608422955793,136.4623973879456,1.8676217009424037,8.280363856821289,0.0,0.27284220245429275,0.4300382771896093,0,HUGIN FM,HUGIN SAND
VOLVE_15_9-01,1658.4,26.50360127017645,2.215416343841922,0.2498746505013778,4.593428710948743,91.07763928965134,140.79394248956086,1.7981286679663024,8.534140755018418,0.010694114817577857,0.2648417339815502,0.3111439745853679,0,HUGIN FM,HUGIN SAND
VOLVE_15_9-01,1658.55,24.06816997652143,2.134179700470406,0.30486324859009395,2.8636177710852833,96.65761080780366,158.3835498208948,1.9722007913846946,8.536430408581378,0.0,0.3205317863509092,0.33632976910810697,0,HUGIN FM,HUGIN SAND
VOLVE_15_9-01,1658.7,31.05757270537168,2.1573540322662765,0.34052326012317174,2.2584832971222113,96.56325988523257,147.68875482778466,1.8637404219775284,8.508053458291629,0.018814867359955155,0.30784693787365897,0.36356692148380376,0,HUGIN FM,HUGIN SAND
VOLVE_15_9-01,1658.85,44.05508196173662,2.2091307697726044,0.2763456739495301,2.8590464684412304,98.91480215961951,151.6081142316809,1.9022480940859359,8.614450251965323,0.01974151454541067,0.2782597892356354,0.37165390716940083,0,HUGIN FM,HUGIN SAND
VOLVE_15_9-01,1659.0,29.99702235412181,2.207070753494969,0.2930533089504906,2.9045416932974044,95.43608522405925,152.7418926843342,2.142710957646017,8.448735545790727,0.030530724331499077,0.2907036635936446,0.3523534142124339,0,HUGIN FM,HUGIN SAND
VOLVE_15_9-01,1659.15,25.729894950815446,2.1734032033782946,0.32371662866271883,2.1079143702208674,98.24599938795645,157.86068236844818,1.9655012665930132,8.51720235828637,0.04637765412238975,0.30127224480589176,0.3933575254220354,0,HUGIN FM,HUGIN SAND
VOLVE_15_9-01,1659.3,21.6867443783382,2.1480954862954023,0.2678901895660856,2.5400479393129096,94.31073164806178,152.7973276728703,2.1481916892761945,8.317173959570605,0.0333609055950861,0.2961566132075022,0.36561180732461646,0,HUGIN FM,HUGIN SAND
VOLVE_15_9-01,1659.45,23.373730432071973,2.1554207069482576,0.3031359611828633,1.722528793605356,93.47477994609937,147.36202142467343,1.665617126755964,8.556923941458503,0.0,0.3020830447574805,0.41776905700161526,0,HUGIN FM,HUGIN SAND
VOLVE_15_9-01,1659.6,20.29875056985605,2.14729047704244,0.2943312804112245,2.4336567409851524,97.65300031010923,160.8455332268302,1.4815172254308904,8.515181631097265,0.0,0.31626871498468295,0.35591637714272983,0,HUGIN FM,HUGIN SAND
VOLVE_15_9-01,1659.75,27.402615144363306,2.210632145009605,0.2828705873110508,2.000782670632587,101.56107218842412,158.18864193659647,1.7719438418578186,8.260743769338912,0.0006828019419599066,0.2886564654309232,0.4283116165767423,0,HUGIN FM,HUGIN SAND
VOLVE_15_9-01,1659.9,27.260108178921133,2.195526298004896,0.2885407303869624,2.2617848087974304,94.7236476748487,154.69105804754014,1.7548807276645237,8.468988124959049,0.0,0.30026914426614665,0.3750039420118828,0,HUGIN FM,HUGIN SAND
VOLVE_15_9-01,1660.05,22.68415897737522,2.2062743491851706,0.2867524836084861,6.204813837376586,96.56917856373082,155.58128909530996,2.0918828304778714,8.492435625346594,0.0,0.29951209852911126,0.2397374937115868,0,HUGIN FM,HUGIN SAND
VOLVE_15_9-01,1660.2,34.92477506891892,2.1795472553985684,0.3001772814797633,1.783341054992678,92.48616810837079,150.98111440153593,1.5739911134686322,8.556202380644024,0.0,0.295665645345636,0.46065513391939206,0,HUGIN FM,HUGIN SAND
VOLVE_15_9-01,1660.35,21.32276340380053,2.1950483754840087,0.298310398064126,4.080555227184668,86.46798224196756,144.2587618467758,1.7842242079080117,8.56362370131423,0.0,0.2938861300162758,0.30145779457613897,0,HUGIN FM,HUGIN SAND
VOLVE_15_9-01,1660.5,24.40284466050913,2.139628748681718,0.29640485110920956,1.8103138342580514,93.28747460053926,146.9832976353384,1.8810358732085775,8.355762812211264,0.0,0.30080126289388925,0.40502720076008675,0,HUGIN FM,HUGIN SAND
VOLVE_15_9-01,1660.65,28.195813329449088,2.178280399748263,0.3076119566816772,3.056108653073588,102.71859760327881,161.04436850614897,1.8200205007968717,8.652728931586543,0.0,0.30019826982185405,0.33166467215597195,0,HUGIN FM,HUGIN SAND
VOLVE_15_9-01,1660.8,32.99808120097711,2.192084266092146,0.2609702522367527,2.353186591629234,94.44396938008815,142.66838222738312,1.7656940705522608,8.623765879208914,0.037240070864504926,0.27275653242414793,0.3946265341394804,0,HUGIN FM,HUGIN SAND
VOLVE_15_9-01,1660.95,32.122236855367184,2.1538138578304262,0.3241258229966554,3.5552977450407357,101.87354245176076,152.90265744320303,1.871713690641269,8.360801349762182,0.007730044712117768,0.30933459890904913,0.29837006787034565,0,HUGIN FM,HUGIN SAND
VOLVE_15_9-01,1661.1,34.341426456782735,2.2910479848150525,0.2694607626901575,2.6821476153309907,90.97850204453727,144.68573248091224,2.0158195261823955,8.32288479050458,0.07577835854543725,0.26221798935149404,0.38457073471811054,0,HUGIN FM,HUGIN SAND
VOLVE_15_9-01,1661.25,30.88302196147276,2.1851772179655162,0.2856276983088581,3.8150620370010446,87.85202074006615,140.0256187797578,2.1071490942445323,8.385317223616429,0.006615352184555553,0.29430866672393274,0.31995007838564643,0,HUGIN FM,HUGIN SAND
VOLVE_15_9-01,1661.4,21.674459139860303,2.160554191061652,0.27921078911265373,2.213412044178885,91.5705193633989,141.08241536171911,1.806561441491217,8.205670410473871,0.0,0.29510596534671335,0.40965015557949447,0,HUGIN FM,HUGIN SAND
VOLVE_15_9-01,1661.55,29.722525876497645,2.171024872099928,0.2998374726312311,2.8944437527246545,97.36387333145981,151.4266988309935,1.636830849281087,8.54197246771483,0.0013906955236393035,0.30445681751201886,0.3531256170279422,0,HUGIN FM,HUGIN SAND
VOLVE_15_9-01,1661.7,30.364592765268046,2.215616107055804,0.3037670894701783,3.2634047371301156,91.77091990945361,154.45074114160545,2.106906818818673,8.743146667363405,0.008852073836695222,0.2650264932577555,0.3803027542160869,0,HUGIN FM,HUGIN SAND
VOLVE_15_9-01,1661.85,33.90492354601548,2.137082234054881,0.30941459032904295,5.950461506232062,96.94427142479482,159.4900331811858,1.584473310652902,8.79627178277697,0.014110422865766362,0.30856430230122983,0.22695428328607636,0,HUGIN FM,HUGIN SAND
VOLVE_15_9-01,1662.0,22.66700022473967,2.259636258634233,0.2568666910389836,3.290068117455147,91.25493229469153,139.69985729789835,2.1581157686230266,8.333505417274528,0.06325452827244613,0.27026658252098545,0.3456977244923026,0,HUGIN FM,HUGIN SAND
VOLVE_15_9-01,1662.15,20.464084421994663,2.1630799704493047,0.33603655013321976,2.823505694709364,100.72677959487851,158.9511070962111,2.068827072983746,8.657360852076051,0.0,0.31766016879751885,0.35160258175291487,0,HUGIN FM,HUGIN SAND
VOLVE_15_9-01,1662.3,31.63701076780142,2.202209835005614,0.278730501566995,2.9769567411069864,92.46586735919679,149.9754012329969,2.097879758285774,8.517306179913914,0.026540062325946464,0.28418806093393817,0.35029276401976933,0,HUGIN FM,HUGIN SAND
VOLVE_15_9-01,1662.45,12.400228446862524,2.167802334932259,0.3031883783309294,2.0287560297104754,96.14128966792865,150.69380834688315,1.9370781711946172,8.021017714671013,0.0069163246975737875,0.2964757495392439,0.3813577580951647,0,HUGIN FM,HUGIN SAND
VOLVE_15_9-01,1662.6,27.46003086894175,2.1190646041165038,0.315836542881501,3.133652555442896,99.86727663941714,155.74416604604028,1.377501991972437,8.433520570269547,0.0,0.32794975389003256,0.3130047877431272,0,HUGIN FM,HUGIN SAND
VOLVE_15_9-01,1662.75,32.545755531757365,2.2201352010191235,0.3171094628221482,3.1577259925857954,93.30834995693445,147.60213101218247,1.592175833784891,8.411918421889526,0.023649825337900346,0.28794652269859977,0.3409093028531016,0,HUGIN FM,HUGIN SAND
VOLVE_15_9-01,1662.9,25.774437507783915,2.1662186902255818,0.30015346966353507,2.277406788747512,94.50296640938019,156.65805068167066,1.8613776441386118,8.878315384868978,0.038487513110906466,0.3061955378298184,0.4020575921540216,0,HUGIN FM,HUGIN SAND
VOLVE_15_9-01,1663.05,22.84904999944044,2.1088220697067426,0.3276583017179764,7.22417361562872,94.22811221637895,156.67198605880003,1.6648706002898135,8.32580909820419,0.0,0.2997011421464257,0.21759054982773213,0,HUGIN FM,HUGIN SAND
VOLVE_15_9-01,1663.2,19.635540306496438,2.2099668805498833,0.2843070515841603,2.463702179795647,101.87738085657507,159.32657528155877,1.7369440243324226,8.612737066059523,6.554781785218653e-05,0.3052824311020582,0.36108718942727275,0,HUGIN FM,HUGIN SAND
VOLVE_15_9-01,1663.35,22.392264401342985,2.173542101161791,0.29421633852172435,3.870166746171923,98.89728483230907,160.53841120486607,1.9225616361651852,8.478582333002601,0.0,0.30007446623603395,0.31498075870032227,0,HUGIN FM,HUGIN SAND
VOLVE_15_9-01,1663.5,22.537157490191213,2.1581536744585885,0.339695981753203,3.190905089411331,100.17259100952742,160.24408685085513,1.7660051429942727,8.210838199342808,0.0,0.31169606603506733,0.2861340937723189,0,HUGIN FM,HUGIN SAND
VOLVE_15_9-01,1663.65,24.59005933994122,2.22507741740674,0.2872673612247735,2.8253352541386603,91.04098582677656,140.62439986041224,1.556195879135132,8.406704114404954,0.031623849602829726,0.2791602992887222,0.3581393660946479,0,HUGIN FM,HUGIN SAND
VOLVE_15_9-01,1663.8,21.311609111077516,2.204714820694589,0.32955009124338935,2.1894612770773625,89.11705529747077,141.10191590970302,1.977131742627713,8.806326292011141,0.0,0.2841207724072767,0.39327256484043277,0,HUGIN FM,HUGIN SAND
VOLVE_15_9-01,1663.95,23.644976075558034,2.2021335848220227,0.2838700582229355,1.8984104200683458,97.40474041950326,149.52641373121702,1.9029805550307453,8.46532589025979,0.0,0.28925286720769583,0.3839321915742091,0,HUGIN FM,HUGIN SAND
VOLVE_15_9-01,1664.1,24.245773763640532,2.1644250263778653,0.30437282277086164,3.4224807680537417,98.16159517876488,162.8738284717893,1.7502008114040872,8.68823075534409,0.006961003599169907,0.2981878151717727,0.32738264953441953,0,HUGIN FM,HUGIN SAND
VOLVE_15_9-01,1664.25,34.37065949930528,2.1527383767674544,0.33351905841173746,2.2968680878116703,95.34979267164427,160.32202848790735,1.9422532368209346,8.670210857545035,0.0,0.2954160729707611,0.37591204818804747,0,HUGIN FM,HUGIN SAND
VOLVE_15_9-01,1664.4,23.02907428441495,2.160677745895991,0.2790508542485753,2.4234174055390563,95.68384436813626,151.04128558114758,1.8190094126195178,8.410347229756352,0.0,0.30932931858342066,0.3756033949222923,0,HUGIN FM,HUGIN SAND
VOLVE_15_9-01,1664.55,28.829383524409046,2.180179298091749,0.2821075408300107,2.868721966485135,93.14176042342145,145.78142011475276,2.0662722384830494,8.30861258766487,0.022196130983681627,0.3115331218460892,0.3345652757704461,0,HUGIN FM,HUGIN SAND
VOLVE_15_9-01,1664.7,22.11558516761849,2.1827589034446078,0.26801798982314273,4.453444441857483,96.0066098076742,158.8835478805216,1.830241577111502,8.269636334188608,0.0,0.2839281533673309,0.29769597240058965,0,HUGIN FM,HUGIN SAND
VOLVE_15_9-01,1664.85,22.052021120792716,2.1754392080775187,0.3037676488057701,3.8316318037065655,97.43968137957427,161.98423491221894,2.064785533316136,8.790333408504816,0.0,0.2875001950163036,0.30066329844388345,0,HUGIN FM,HUGIN SAND
VOLVE_15_9-01,1665.0,16.917321807845326,2.233585783449175,0.24401803584791565,2.584493027085672,90.33731758748351,138.96765113051103,1.4252694437249576,8.535813987454489,0.004622889436930885,0.2755216260990148,0.3757795342744861,0,HUGIN FM,HUGIN SAND
VOLVE_15_9-01,1665.15,19.906480896306764,2.128658216525875,0.3364271551625607,2.567055846384812,96.53037824355835,153.7083818459301,1.8918438046423658,8.157369187483685,0.029087496161707697,0.3201230496070641,0.3391939081628778,0,HUGIN FM,HUGIN SAND
VOLVE_15_9-01,1665.3,22.495182352175526,2.1749785397668497,0.30786450616589384,4.528623116975579,98.91586148079567,157.97068642991692,1.7204276406638321,8.70988355448266,0.037159723688847617,0.2917564137227888,0.2914888061201249,0,HUGIN FM,HUGIN SAND
VOLVE_15_9-01,1665.45,25.918484173800355,2.153783711992387,0.3457586812569692,5.179922874408207,94.35476863647573,147.11374845008658,1.6281898023312993,8.142629746464427,0.0,0.30547087659293004,0.24848185822454374,0,HUGIN FM,HUGIN SAND
VOLVE_15_9-01,1665.6,33.057079265578594,2.217247502028006,0.29479334377902955,2.6170098604585,97.39994300090179,157.7698172718801,2.031700115881025,8.355228898296568,0.028170641991112275,0.26965804897011525,0.3828427652021526,0,HUGIN FM,HUGIN SAND
VOLVE_15_9-01,1665.75,16.06667736552241,2.1415155282936253,0.3054133233676643,3.1816831525398492,94.973509261867,148.45788814356743,1.977817486375264,8.516258874514708,0.0,0.2981323186177088,0.3055360788867888,0,HUGIN FM,HUGIN SAND
VOLVE_15_9-01,1665.9,27.46916706969181,2.1764002937422564,0.32467422540701407,2.7319813349256155,94.05406678409476,147.78520312776973,1.3987046621815056,9.063080959743676,0.05489001133090416,0.2892580650043193,0.3659363911820704,0,HUGIN FM,HUGIN SAND
VOLVE_15_9-01,1666.05,18.165546453248258,2.183838646604205,0.3050085249339156,2.0976922844661883,94.91508855954123,151.35742804609077,1.9430991270632931,8.663200215670706,0.0,0.2942304461116183,0.39501034535345614,0,HUGIN FM,HUGIN SAND
VOLVE_15_9-01,1666.2,27.481697377180843,2.1711333832944852,0.29888557620508577,4.172649453579688,95.46871545486577,145.30463331665845,1.918829609281187,8.42717180546737,0.04003245102998519,0.30208210964313204,0.2796635114663213,0,HUGIN FM,HUGIN SAND
VOLVE_15_9-01,1666.35,30.378847468535753,2.1410523945883146,0.30967505099857096,2.4176291727205177,103.27635389207273,154.95989987743317,1.6553856986684683,8.505662859202046,0.0,0.3325671665395482,0.3309181309743577,0,HUGIN FM,HUGIN SAND
VOLVE_15_9-01,1666.5,28.529215594155787,2.2621234272235915,0.2631284133238745,3.4601708552133834,94.8037630152181,156.27738265754058,1.632939210607367,8.68993287527089,0.060669764233638554,0.26541526076269034,0.34291622195914806,0,HUGIN FM,HUGIN SAND
VOLVE_15_9-01,1666.65,26.478741755289818,2.237046028524813,0.27891078715849377,3.1446357930295457,96.10545454405319,150.06711182492586,1.4818849550803184,8.786145832981903,0.018066595960929476,0.2770022752552967,0.3577321225696769,0,HUGIN FM,HUGIN SAND
VOLVE_15_9-01,1666.8,32.27614198196157,2.213064802223703,0.28801802151810174,2.5022187095755024,94.03666595246533,161.13298593906973,1.7324936205526071,8.450472100648211,0.0,0.2845176534111097,0.3953579999210217,0,HUGIN FM,HUGIN SAND
VOLVE_15_9-01,1666.95,27.289504652539545,2.132295038208534,0.27900250677334076,4.8644686843158995,97.07874340620755,165.1851790753504,1.7645024923386867,8.45627661326798,0.0,0.32170641873507594,0.2670024092668796,0,HUGIN FM,HUGIN SAND
VOLVE_15_9-01,1667.1,23.475360722025048,2.1479539669581524,0.30519260057996483,2.5282246075206887,96.80164734938887,152.35024265042694,1.9593993560717025,8.383466380398422,0.023956000011674285,0.3059904072766936,0.3692266974387906,0,HUGIN FM,HUGIN SAND
VOLVE_15_9-01,1667.25,28.851137893914586,2.1931029760750347,0.2911819054316091,2.7312433774735805,93.0185763174318,160.524987085804,1.8538760729001116,8.689071158547447,0.03217433120774694,0.28578412035945816,0.39485348811200915,0,HUGIN FM,HUGIN SAND
VOLVE_15_9-01,1667.4,20.862254942988546,2.1850008413585984,0.30889495767063385,2.948509605972854,99.67534141074933,164.16841890413681,1.5880183769391336,8.705194398552385,0.0,0.29794420877303707,0.3243811468021609,0,HUGIN FM,HUGIN SAND
VOLVE_15_9-01,1667.55,27.301760932322992,2.2113289501031566,0.3172944108431611,2.9026942175930124,96.52201420191095,151.20865370834215,1.8477748649889691,8.112918728349783,0.0020984301962420227,0.2844436286635978,0.3275321794142164,0,HUGIN FM,HUGIN SAND
VOLVE_15_9-01,1667.7,29.818558711375417,2.1768350073454235,0.31076953848329797,2.483310003346724,96.21687928469373,141.03780815644862,1.7491909161192174,8.424427094643223,0.02359850464222759,0.3035166920780584,0.3618520198419144,0,HUGIN FM,HUGIN SAND
VOLVE_15_9-01,1667.85,18.629322783472524,2.1835731968165857,0.2725452031029497,3.1144295220505613,91.53377022317297,149.89480804507838,1.6130347572671109,8.257365534035324,0.004896013536471458,0.2900020585974334,0.35263465795543086,0,HUGIN FM,HUGIN SAND
VOLVE_15_9-01,1668.0,25.875747086928868,2.19663191668494,0.25682924239791116,2.8321642049958626,99.26349487894853,158.9780711807234,1.4820985512455245,8.530181391385204,0.0,0.2931908300699406,0.36311763036835615,0,HUGIN FM,HUGIN SAND
VOLVE_15_9-01,1668.15,24.412133710020402,2.185384727770147,0.3198856706194498,2.7361428993932955,96.78047017616939,157.00556021058955,1.9249606670051016,8.252410755109494,0.0,0.3061454514572021,0.3621390263200609,0,HUGIN FM,HUGIN SAND
VOLVE_15_9-01,1668.3,28.512598974600884,2.201007844258586,0.27548647914242774,3.183838344643265,94.20719814736312,149.58733615325875,1.8892794298958935,8.258080721777576,0.008307494618319176,0.2916221021392281,0.28754363310471315,0,HUGIN FM,HUGIN SAND
VOLVE_15_9-01,1668.45,32.75078261813215,2.1981919331286703,0.30499142977411237,2.7197556609671882,98.54991350304245,151.9605769518736,1.9113538056561814,8.818626435132698,0.03783207750564718,0.2819798786050383,0.3950879481369413,0,HUGIN FM,HUGIN SAND
VOLVE_15_9-01,1668.6,32.133984734665226,2.1822163156117638,0.3173849445727986,2.3473067785208537,92.60868271281981,146.03875901840584,1.6543511133016473,8.52360059871792,0.04996564962149686,0.2819416940863227,0.4076288529959609,0,HUGIN FM,HUGIN SAND
VOLVE_15_9-01,1668.75,25.858604094121382,2.151053014708693,0.273990100032269,2.268333292312388,95.24295238841502,155.92191025118922,1.8342159724203528,8.505338635735667,0.024995482747580434,0.30112227293971544,0.35117778950878903,0,HUGIN FM,HUGIN SAND
VOLVE_15_9-01,1668.9,30.650525696704214,2.1272590171911667,0.33082923291324623,4.598211522311014,97.49427370227508,154.21896108676907,1.5249271705865504,8.587748263008615,0.010356585182991698,0.31819789396061826,0.2628492102274142,0,HUGIN FM,HUGIN SAND
VOLVE_15_9-01,1669.05,22.946546015025348,2.1783333290496585,0.3275078626340447,3.0410428991052547,91.82068192693008,145.1110017963751,1.602683437629624,8.737024721311407,0.02433536733238529,0.2980051093274,0.336088324899711,0,HUGIN FM,HUGIN SAND
VOLVE_15_9-01,1669.2,18.397390033152504,2.166815014879759,0.3288689491252017,2.760128483807443,97.63037580599392,148.61166584930206,1.806746439949667,8.416281433484963,0.0,0.30848816261959605,0.34432029384702845,0,HUGIN FM,HUGIN SAND
VOLVE_15_9-01,1669.35,10.0,2.152341774605781,0.2514271481588771,4.980503299982851,92.37582314172566,148.25731943565245,1.8524706060644358,8.420737079266559,0.0,0.29335473689708624,0.2774449881106591,0,HUGIN FM,HUGIN SAND
VOLVE_15_9-01,1669.5,24.649295241314224,2.1828820840440257,0.2685757177220655,3.821949820097912,91.92194407856157,141.51545081826086,1.4742364208121277,8.421586694565177,0.0,0.2856487586179396,0.3167430968211493,0,HUGIN FM,HUGIN SAND
VOLVE_15_9-01,1669.65,20.892267802532825,2.1652852551572535,0.2803841737280254,3.909055111903097,94.23606270484002,155.3703313262346,1.5884910571394724,8.716301779065825,0.0,0.3059877838430338,0.2643565306220729,0,HUGIN FM,HUGIN SAND
VOLVE_15_9-01,1669.8,28.18717582384432,2.1602087624570543,0.3072351956544317,2.4968270079449213,93.35670038438495,145.70021611386503,1.7269214327833529,8.490201070804192,0.012614773089132269,0.29487352458812083,0.36904904317606185,0,HUGIN FM,HUGIN SAND
VOLVE_15_9-01,1669.95,15.935730884368377,2.2232225185023125,0.28167657798415197,2.839274424841866,89.48328929785305,141.6947424240861,1.9917037465820586,8.444013190870768,0.008335451100949631,0.2721597278492996,0.34577340107538745,0,HUGIN FM,HUGIN SAND
VOLVE_15_9-01,1670.1,24.00288660846407,2.189581885744795,0.23349554499785713,5.869278186755968,94.61607995171137,162.20564575146005,1.6373794494267562,8.594148304758656,0.023566098557490204,0.2839184677730461,0.2598306713265348,0,HUGIN FM,HUGIN SAND
VOLVE_15_9-01,1670.25,29.202999980059936,2.1735680377487436,0.28563424919104025,3.1903922716980846,93.96812614205767,148.81613071378933,1.8281150565590156,8.92273141667572,0.019491057376184288,0.28872722301116943,0.35854556029195433,0,HUGIN FM,HUGIN SAND
VOLVE_15_9-01,1670.4,20.854294597919726,2.195224073072638,0.3024988535730841,2.8749045198223495,93.88943534716515,148.02022247479889,1.8490785281268163,8.515299152544832,0.010562898206996097,0.28490002223521255,0.3355434220925843,0,HUGIN FM,HUGIN SAND
VOLVE_15_9-01,1670.55,28.961731622720514,2.1589497819521215,0.31779380161307585,2.1352454321607013,104.59123678293267,170.27408878218694,1.7500616348553053,8.455066967047399,0.020162609259538986,0.31180989039966256,0.36714449691558193,0,HUGIN FM,HUGIN SAND
VOLVE_15_9-01,1670.7,22.43992389624791,2.1497884900580266,0.3053062420515482,2.993399521024101,95.4011078752901,143.71546358933588,1.853604007631887,8.892248647483306,0.002368809174611731,0.30202558228535925,0.31648402106461215,0,HUGIN FM,HUGIN SAND
VOLVE_15_9-01,1670.85,26.3774162646425,2.1472699477372665,0.30630763494038354,3.2810732290584133,99.18103962799621,164.94371001368657,1.5310166390872506,8.797749179437998,0.016225871721499863,0.3111736279165328,0.30021879147929875,0,HUGIN FM,HUGIN SAND
VOLVE_15_9-01,1671.0,27.975790032084277,2.1804745242467303,0.2781205832406386,3.9538210507908795,97.61271897330258,161.1500505745621,1.66884256028761,8.736965001299604,0.0,0.2992994020621322,0.29695776867710966,0,HUGIN FM,HUGIN SAND
VOLVE_15_9-01,1671.15,31.219745350085716,2.1677580407312522,0.2938325495650282,3.429049276848143,94.58323144882749,153.95542904249763,2.086871971493779,8.423554166380235,0.015323791942201587,0.2918750972515076,0.3132636267552403,0,HUGIN FM,HUGIN SAND
VOLVE_15_9-01,1671.3,27.788894435992717,2.178831490840505,0.278473541027335,3.604377252956883,93.35791338793936,132.48717395332145,2.100952980399522,8.388519119624085,0.024488761888312425,0.27375835771938567,0.34393788339554604,0,HUGIN FM,HUGIN SAND
VOLVE_15_9-01,1671.45,20.929948525606275,2.1468931944392753,0.3075396708109902,3.2345312002734032,94.97591105476548,150.6643991952459,1.9685841490553808,8.133169109326639,0.0,0.2952345804043311,0.3431229232712396,0,HUGIN FM,HUGIN SAND
VOLVE_15_9-01,1671.6,23.318952985283815,2.1724731263532657,0.3081204702362723,3.595910902645172,95.38194286388759,146.24677745219347,2.0200784379907297,8.699246780023945,0.006412076812442793,0.29322866022849664,0.32818762915332766,0,HUGIN FM,HUGIN SAND
VOLVE_15_9-01,1671.75,28.18477681543479,2.184672015578603,0.27606699019282366,3.5738584815756385,90.36614283353168,150.2063624534484,1.4348178287920474,8.515399430074321,0.0,0.27434976180955883,0.314709022550174,0,HUGIN FM,HUGIN SAND
VOLVE_15_9-01,1671.9,19.893732082586965,2.184385213242128,0.3085608853256633,4.100190638246534,92.28683892879506,152.92174772235217,1.610260822941286,8.139822424593694,0.0,0.28666271803396665,0.31837983659972596,0,HUGIN FM,HUGIN SAND
VOLVE_15_9-01,1672.05,24.109667016798973,2.2196113032427713,0.28230622775021075,1.9236426259630761,94.23969702842486,152.72356469463364,1.7377796860643777,8.740369520415754,0.0,0.28980472111292616,0.4614112392753466,0,HUGIN FM,HUGIN SAND
VOLVE_15_9-01,1672.2,27.22456097577834,2.162210715819288,0.265314249475956,4.339429763377571,88.85819382204825,136.15755412957714,2.283128385282808,8.445514946796356,0.043726120711428555,0.2876358227668364,0.3106815786385181,0,HUGIN FM,HUGIN SAND
VOLVE_15_9-01,1672.35,28.08924732631968,2.1803785290798845,0.30521570508509294,3.435866433292858,99.4598327386401,166.60720343444882,1.7373832050987112,8.473102728649359,0.03795848676752105,0.2899808586816007,0.31966394560294664,0,HUGIN FM,HUGIN SAND
VOLVE_15_9-01,1672.5,22.076876008530988,2.24637548589708,0.28479928036436214,1.3837994367451367,99.6652858122481,158.15315160449953,1.9489808599246348,8.20464756930079,0.022350406892398686,0.27891912824271725,0.507647827486127,0,HUGIN FM,HUGIN SAND
VOLVE_15_9-01,1672.65,21.975803383794535,2.2076329901367377,0.30136520353352475,2.399063350602424,94.91485737696476,160.89062713764648,1.8756744056509693,8.617345354324163,0.06563710678794835,0.28158100720173523,0.37706679715941216,0,HUGIN FM,HUGIN SAND
VOLVE_15_9-01,1672.8,27.702707557864542,2.1769022321173233,0.26595684393820024,4.3949993428690455,96.37770524623971,155.5312637282968,1.8712246921462419,8.603333371007697,0.0010420471375402638,0.29108956383322776,0.26771358084607727,0,HUGIN FM,HUGIN SAND
VOLVE_15_9-01,1672.95,39.12351390736816,2.292294202086834,0.2721097337837092,3.673870504892818,90.2859487934773,146.99155816414694,1.795293875292558,8.514187784200429,0.09792480831499908,0.2216050907642384,0.4079868026933629,0,HUGIN FM,HUGIN SAND
VOLVE_15_9-01,1673.1,16.077398242359912,2.2001422523056053,0.30079860303694966,4.674961862853364,89.7855527703661,141.35536250977313,1.5599934339547756,8.416537059325343,0.00040287399842835886,0.28652812366391256,0.29116891773947107,0,HUGIN FM,HUGIN SAND
VOLVE_15_9-01,1673.25,28.28346800097549,2.1951913597687587,0.3019644596621405,2.4319823884970715,99.36566225834923,166.01983750226782,1.259767217302897,9.028612542588357,0.015145654698362179,0.3054525492773687,0.3866217717997635,0,HUGIN FM,HUGIN SAND
VOLVE_15_9-01,1673.4,30.415914574225884,2.2098222037083097,0.2497663896695479,3.7221941765364854,90.06215353730757,147.14161508116015,2.056368496407145,8.259326452806924,0.0,0.2684754525888408,0.326151886031466,0,HUGIN FM,HUGIN SAND
VOLVE_15_9-01,1673.55,29.803036792500397,2.171607960395211,0.3139471458339903,3.4692963217217208,101.40763718886608,169.46667796475884,1.6767004427484924,8.386375307113177,0.019194542723039804,0.28952489621688937,0.3205435703424416,0,HUGIN FM,HUGIN SAND
VOLVE_15_9-01,1673.7,26.086513570371153,2.130821747861932,0.29022095193855435,1.7220945192274781,96.62060951705253,155.48068122001925,1.4265773610057886,8.685732212029311,0.03336699435527878,0.30725129842653964,0.4273183467479628,0,HUGIN FM,HUGIN SAND
VOLVE_15_9-01,1673.85,20.77262271758606,2.203398857127709,0.3264155605126689,2.655417391503428,95.76305094087557,152.98568820912192,1.887592204200586,8.297395847868613,0.005158995435156312,0.28041441470155404,0.3667927662635091,0,HUGIN FM,HUGIN SAND
VOLVE_15_9-01,1674.0,31.310106134933797,2.182456538829992,0.2717034971603084,2.6120252414507266,92.87288126521035,151.57226083883063,1.8837578818138072,8.356519827864636,0.06216016566509317,0.27464357110853105,0.4042975215719883,0,HUGIN FM,HUGIN SAND
VOLVE_15_9-01,1674.15,27.789253657021483,2.2108192305379637,0.30554868928422374,3.25479048065983,98.28667138429012,164.47137676032023,1.9535784622962733,8.74447080102386,0.016319245924074546,0.2686906981035003,0.36371675775321977,0,HUGIN FM,HUGIN SAND
VOLVE_15_9-01,1674.3,27.146250656933802,2.1323433055378413,0.31111985706218015,3.0448758176053827,95.98955653253871,158.6669619882578,2.0231431403596742,8.628018680703711,0.017549611591097976,0.3121768910249698,0.3201926572876745,0,HUGIN FM,HUGIN SAND
VOLVE_15_9-01,1674.45,24.099326849412172,2.204811787819887,0.32328411066690305,2.7001313996665246,97.93310142346351,157.38408131331298,1.6162027261440763,8.596827595418855,0.0,0.2916691764904969,0.3677927210129104,0,HUGIN FM,HUGIN SAND
VOLVE_15_9-01,1674.6,21.732100486154778,2.1810658608544538,0.2754189211033011,2.3668519146381386,96.10999395968736,144.4898977973603,1.6250036586663317,8.602045783444694,0.022582727439669086,0.28672888212388103,0.4045355878661237,0,HUGIN FM,HUGIN SAND
VOLVE_15_9-01,1674.75,27.7128251352863,2.1601619254208124,0.31243354856522054,2.7454860287782923,98.3723577551827,161.44770260514898,1.7362593463205056,8.378104929520067,0.006309301881495181,0.31111042571206227,0.34600469274032625,0,HUGIN FM,HUGIN SAND
VOLVE_15_9-01,1674.9,27.35427247206762,2.13392682707485,0.31858956966052293,1.6431969870351666,96.57004904125871,147.31855447874398,1.9643280368110325,8.449465779242905,0.0,0.3024945830571116,0.42753213021732533,0,HUGIN FM,HUGIN SAND
VOLVE_15_9-01,1675.05,26.00411062730836,2.2057165922108255,0.29256250953281127,2.900519722638157,90.78831151456187,145.4363272040607,1.379472201237523,8.484185036947434,0.0,0.2793209667988948,0.3800493601600954,0,HUGIN FM,HUGIN SAND
VOLVE_15_9-01,1675.2,34.23927814351234,2.2176097820788483,0.2909316873424435,3.347680059246414,83.63989188833212,133.24499608447852,1.8256412672182514,8.789228686430393,0.09141378861216898,0.25520438237746046,0.3756232640722313,0,HUGIN FM,HUGIN SAND
VOLVE_15_9-01,1675.35,33.74533590828976,2.1638216399310903,0.2893426188182706,2.607909125257618,98.65187461875743,150.75415697468384,1.986424364896134,8.588258099488167,0.003674615469044542,0.29854086879394526,0.35135171119160424,0,HUGIN FM,HUGIN SAND
VOLVE_15_9-01,1675.5,21.87810607713302,2.2418426486791123,0.28443454421075376,3.233707392267624,91.77905596559378,148.70900499431923,1.9781712894036279,8.314431306891672,0.0,0.2827383767537575,0.3446118564483812,0,HUGIN FM,HUGIN SAND
VOLVE_15_9-01,1675.65,31.40717548728328,2.2522886539797873,0.2851895424981054,6.04730747359265,93.7484068566283,160.76903967164168,1.9417123169674666,8.657908445551774,0.0,0.260221770978144,0.2752630607202505,0,HUGIN FM,HUGIN SAND
VOLVE_15_9-01,1675.8,22.37572869885442,2.187017867775851,0.27530490907552824,3.5411470051078493,95.1910556309604,150.74266135363706,2.0126001040491084,8.18130198773218,0.011008958368037988,0.28775867535470157,0.33669907771998114,0,HUGIN FM,HUGIN SAND
VOLVE_15_9-01,1675.95,33.32722913839186,2.2967805904959904,0.27659310962457423,3.085347260844201,94.49653361415658,155.02385209471618,1.2505634586968606,8.454380204479483,0.029289223932733824,0.2607489048122961,0.3578210914468785,0,HUGIN FM,HUGIN SAND
VOLVE_15_9-01,1676.1,34.00449146069347,2.1406560209891112,0.30699760431493767,3.3894950116066465,99.47426882560279,170.937279314675,2.122693737914455,8.285999457257255,0.029870039055692167,0.30690030325213885,0.3262067556533812,0,HUGIN FM,HUGIN SAND
VOLVE_15_9-01,1676.25,26.751936820374628,2.218925255319132,0.2931841804974271,2.795778376133042,86.6954720606993,143.02582139216327,1.866080990714675,8.33685046029286,0.03386518776193727,0.2839869202014844,0.36516840726381594,0,HUGIN FM,HUGIN SAND
VOLVE_15_9-01,1676.4,33.30481527030417,2.1748761703206774,0.27948496716727667,3.2061947464426575,94.43018088774885,147.86407288210953,2.0669302543356007,8.885317255607912,0.0,0.2777939628389877,0.3392653745177556,0,HUGIN FM,HUGIN SAND
VOLVE_15_9-01,1676.55,29.670026614004904,2.2076387178497425,0.26133191519488763,2.5709657470787786,91.46088843238036,147.52249547242232,1.5650731046173252,8.227229468551286,0.024472075581836387,0.2734267668733114,0.3843012172294893,0,HUGIN FM,HUGIN SAND
VOLVE_15_9-01,1676.7,20.613637794297162,2.202592098856706,0.2575687024948528,2.832228699917507,94.07650616783432,152.92631078408152,1.4492346310822701,8.336161188801404,0.0,0.26278256633730174,0.3715056190532866,0,HUGIN FM,HUGIN SAND
VOLVE_15_9-01,1676.85,23.129217028053954,2.2159349094287353,0.27740527558721045,2.7339139305140847,93.92025766325818,157.44147792758292,2.157275537001128,8.602080354263641,0.0,0.2745066305456763,0.34678266437924204,0,HUGIN FM,HUGIN SAND
VOLVE_15_9-01,1677.0,30.66381153053326,2.1613308980132833,0.30406333693718973,4.683497850365544,98.17563567157303,163.1512687777073,1.614695633076097,8.40599944801891,0.0,0.3061178169114323,0.2701393554349001,0,HUGIN FM,HUGIN SAND
VOLVE_15_9-01,1677.15,29.61532350938325,2.125089008848307,0.35567827847589817,1.8654579929561776,97.96711680345703,142.89796879310842,1.737830219073382,8.531111546153594,0.0,0.32422355948001336,0.4281111369340586,0,HUGIN FM,HUGIN SAND
VOLVE_15_9-01,1677.3,24.26764623338308,2.2124448141860666,0.3145184175687662,2.548510702177707,92.05260939865978,143.00315227687477,1.9054909280924979,8.792449307482327,0.047977349897679294,0.2871227039477871,0.34594865504074657,0,HUGIN FM,HUGIN SAND
VOLVE_15_9-01,1677.45,27.82614116254223,2.1938764785842304,0.2893498016766562,2.9375711693216235,92.0543627612803,146.9368468049805,1.9545773320577031,8.67191058186159,0.03707818656310227,0.2779884637223209,0.3458041332841741,0,HUGIN FM,HUGIN SAND
VOLVE_15_9-01,1677.6,30.396347781599758,2.2244448813455717,0.26170846109072,3.9286103495988542,87.07485078075626,134.24332593652153,2.015683258972857,8.419114521487968,0.04609192492333894,0.27005759600660917,0.3355015350420323,0,HUGIN FM,HUGIN SAND
VOLVE_15_9-01,1677.75,24.204923517360132,2.2337958847296675,0.25665606769002947,3.9895683080987006,90.19223681822476,125.80712111370642,1.8446772334781605,8.478029977993499,0.018346804870928192,0.2703845087973493,0.31995845865800165,0,HUGIN FM,HUGIN SAND
VOLVE_15_9-01,1677.9,40.6697843514759,2.1263384387364526,0.35435198780717914,1.8577103251599048,93.14241635003758,145.39977372130676,1.5891381553881925,8.637248726829991,0.04085037615370848,0.30874821067851466,0.42840801524613875,0,HUGIN FM,HUGIN SAND
VOLVE_15_9-01,1678.05,26.16831871702663,2.1755982994512837,0.26694817485057376,2.1598696004966866,89.52075304559092,143.21515183550719,1.9413265265008444,8.626997953232076,0.0,0.28714588357201765,0.40832721601930394,0,HUGIN FM,HUGIN SAND
VOLVE_15_9-01,1678.2,28.89050269968291,2.1577660202331814,0.3172275817890329,2.1184399104665066,97.89420838172258,154.00430999669894,1.944511211280027,8.525141103080689,0.044205933202085844,0.3083194994457095,0.37458145013950933,0,HUGIN FM,HUGIN SAND
VOLVE_15_9-01,1678.35,33.23570454325546,2.177140329561275,0.3142354744571332,2.7388472003539386,98.08824920982768,151.95648246034258,1.4369930217627562,8.600527375530348,0.024015256020684283,0.30341421176705696,0.341004569084669,0,HUGIN FM,HUGIN SAND
VOLVE_15_9-01,1678.5,26.775043403105034,2.2750635758102153,0.2515602290218619,2.469424194563749,89.81819662254352,143.91643771999378,2.0837369683306703,8.588250392272364,0.03790643239262323,0.25210073719263454,0.3815778289684746,0,HUGIN FM,HUGIN SAND
VOLVE_15_9-01,1678.65,32.9715376953542,2.2133673951012067,0.25478606787915364,2.9322175755293634,90.69268041084118,146.82372953360655,1.3025848774879425,8.520764128329589,0.03088841728702718,0.27019688057764674,0.35228137427457684,0,HUGIN FM,HUGIN SAND
VOLVE_15_9-01,1678.8,16.661338022085076,2.196815280833962,0.2635866286655204,3.8688939294039075,89.94226446627752,141.56463757621668,2.00688312731877,8.378952478720718,0.0,0.27928456144565017,0.32988885408384505,0,HUGIN FM,HUGIN SAND
VOLVE_15_9-01,1678.95,22.73172976877217,2.1717647750855873,0.2770594651477564,3.1871534211432726,92.99502797628311,155.65076387442136,1.6731780063884352,8.648519119604334,0.0,0.287989565193837,0.3563802960753165,0,HUGIN FM,HUGIN SAND
VOLVE_15_9-01,1679.1,30.245352091886232,2.1955611979637113,0.2739591950429376,4.087980210213832,91.50122937504001,146.6905390794614,1.9411018962567077,8.558359092316062,0.0,0.2881490524248932,0.3174921126527277,0,HUGIN FM,HUGIN SAND
VOLVE_15_9-01,1679.25,36.4651349128452,2.1281372399875025,0.3547112100053035,2.277878607482196,99.11948976841681,154.23361528129251,1.9020388410598406,8.184194912956587,0.03804364536733519,0.32245025533658456,0.36365130681037217,0,HUGIN FM,HUGIN SAND
VOLVE_15_9-01,1679.4,25.143309812644937,2.228576395791637,0.26611307428230774,2.6146530160167996,86.48481128955548,132.7530114515396,1.7925754902188533,8.408065129889064,0.04220829871236739,0.2599643493449052,0.362573535894792,0,HUGIN FM,HUGIN SAND
VOLVE_15_9-01,1679.55,20.550891818906756,2.180786539478657,0.28160878447928034,2.4063220340059712,96.59727440266524,153.49079002797106,1.890217327876064,8.403865677946694,0.0,0.29208480650223256,0.3699218010628962,0,HUGIN FM,HUGIN SAND
VOLVE_15_9-01,1679.7,27.837232151852294,2.184612741368028,0.29990154829845583,4.015491310746066,93.55018535449135,155.24739983487345,1.7827102689171956,8.459773728650571,0.0,0.2977623874211117,0.3088931521262196,0,HUGIN FM,HUGIN SAND
VOLVE_15_9-01,1679.85,21.984932499991935,2.1778628056059026,0.301556288436806,2.976516669923614,95.10306659739831,148.0464630101216,1.9427901653140245,8.742423161678847,0.0010537049955842114,0.28803911458157005,0.3757479291425022,0,HUGIN FM,HUGIN SAND
VOLVE_15_9-01,1680.0,24.84006962896054,2.17670176992748,0.2811348539066078,4.673788531430828,96.61299229354216,157.560185089651,2.237054352423076,9.154472504230585,0.012452202291973783,0.28615941768396336,0.2984200860400668,0,HUGIN FM,HUGIN SAND
VOLVE_15_9-01,1680.15,29.38202512368579,2.222741145776017,0.29047296212018386,4.068081091014141,92.85346303071786,149.03832539922016,1.531752201873025,8.008235804435097,0.0,0.27243333621666554,0.31144666741893806,0,HUGIN FM,HUGIN SAND
VOLVE_15_9-01,1680.3,22.27948909192994,2.1261808514884213,0.2641424710590733,3.1602884803740703,96.55436214271253,164.45314427586345,1.1623707344123642,8.560881271926567,0.0,0.28956540654620444,0.31370374704271276,0,HUGIN FM,HUGIN SAND
VOLVE_15_9-01,1680.45,15.172871242321571,2.1651243655485435,0.3189273670037172,4.16440970958501,88.74950500868322,143.950465332196,1.7168651466108171,8.513917224053342,0.0,0.29550129436138894,0.28662241138131606,0,HUGIN FM,HUGIN SAND
VOLVE_15_9-01,1680.6,21.10400810026127,2.1719885822044307,0.28830687365517976,2.329839307815334,92.53361369686817,144.56265071785978,1.7031948200171945,8.526245563009612,0.02746768713990188,0.28436576737963887,0.3993234203112537,0,HUGIN FM,HUGIN SAND
VOLVE_15_9-01,1680.75,25.049777928601404,2.2002949228949302,0.29514615394334376,4.643010005050688,98.33943453098075,161.02494289339265,1.7244863649204052,8.60858790907243,0.0,0.2961064009783783,0.2919223761905101,0,HUGIN FM,HUGIN SAND
VOLVE_15_9-01,1680.9,17.799063321201935,2.158108171967874,0.29140178186252125,3.453338371964409,97.77961785068914,160.29749851558248,1.6147122092144777,8.536872774724854,0.02227556909017217,0.3019207329882925,0.31218685385671807,0,HUGIN FM,HUGIN SAND
VOLVE_15_9-01,1681.05,29.01894625288312,2.184472320477862,0.2680805535544956,2.105922415943865,100.11105492666633,158.19263282118706,1.9744868338403183,8.525164969970465,0.057944719361786544,0.2839458482604959,0.42067880133286806,0,HUGIN FM,HUGIN SAND
VOLVE_15_9-01,1681.2,18.03951741878004,2.1879007396171293,0.2548708179573203,3.7354292970123275,99.08840970583041,152.72147700767863,1.5237341088236624,8.505848532771923,0.0,0.28820425667362815,0.3120708649073175,0,HUGIN FM,HUGIN SAND
VOLVE_15_9-01,1681.35,35.183179373522755,2.217045355213599,0.25103078163436926,3.9540616926188905,91.9474774880732,149.79613993705,1.8901550211443319,8.619390780869182,0.020878782517839613,0.26315449763568904,0.33753150049844705,0,HUGIN FM,HUGIN SAND
VOLVE_15_9-01,1681.5,41.36044420847871,2.2253460661620545,0.2808681204017126,4.968129048020946,90.66941420974628,145.38863861941905,1.9276931235714088,8.673233910617835,0.058260328785793104,0.2603756066717966,0.3076266485899111,0,HUGIN FM,HUGIN SAND
VOLVE_15_9-01,1681.65,21.173657492775092,2.205873376289156,0.2618800457210826,2.38899070821667,90.15189791974738,136.66028621290806,1.8632931814081224,8.54943768303898,0.015417294784057208,0.27879301994956723,0.3870977488163514,0,HUGIN FM,HUGIN SAND
VOLVE_15_9-01,1681.8,27.348285399290877,2.1823674743476293,0.25770663622760315,2.1790687134663727,92.61048676618974,149.44938382085667,1.8974286551651849,8.386123102617175,0.011205178937908272,0.2869948231014031,0.3865983658909257,0,HUGIN FM,HUGIN SAND
VOLVE_15_9-01,1681.95,26.256342783091917,2.225219372239955,0.2515072018373604,3.1974727468311106,90.27708079411349,141.25836478047555,1.9898534511454926,9.091508006821456,0.06377222571659139,0.26012267419662743,0.3970539629211498,0,HUGIN FM,HUGIN SAND
VOLVE_15_9-01,1682.1,25.36629294970593,2.2038600903934635,0.26153412880099447,2.529953077367444,89.66206018842941,135.88128609217466,1.8107130564513798,8.599109931285568,0.020135483789247198,0.2662104725826937,0.3739671365464713,0,HUGIN FM,HUGIN SAND
VOLVE_15_9-01,1682.25,39.99404930308148,2.227807899252227,0.2519746406996608,4.241734801787901,87.30451673819972,137.92664506417805,1.7307006772548694,8.749903010846587,0.06291265961371004,0.24944776621085138,0.36367825343508686,0,HUGIN FM,HUGIN SAND
VOLVE_15_9-01,1682.4,26.7615375331808,2.2539288267619857,0.25219034465269774,3.660070200397577,90.71520721232214,151.55892521074975,1.897274087724973,8.412822940172015,0.0431050554927708,0.2483024444936374,0.3279126833009321,0,HUGIN FM,HUGIN SAND
VOLVE_15_9-01,1682.55,25.508859156300808,2.214194717648385,0.29992458708020336,3.936727861195306,97.87228219028914,162.63595900490293,1.9200732475223983,8.540934739637857,0.020411015447225,0.276210807842082,0.30664983930086637,0,HUGIN FM,HUGIN SAND
VOLVE_15_9-01,1682.7,24.61453360862163,2.2214288213602975,0.2818225067508078,2.9921237760141812,92.58642687465493,152.87204350948474,1.9779362042437505,8.544877035682305,0.04554926257642225,0.25000502860251467,0.41951005511101014,0,HUGIN FM,HUGIN SAND
VOLVE_15_9-01,1682.85,34.6483771319355,2.252091362844989,0.30448683219605177,2.927895648913585,89.82611613127676,145.06795026050344,1.4575214480219043,8.137701217884448,0.041236107827486115,0.2581921659141424,0.39203604593457525,0,HUGIN FM,HUGIN SAND
VOLVE_15_9-01,1683.0,14.64159343661198,2.2481551441018732,0.23761273717790193,3.613786831951998,94.60032161612425,154.3395006025743,1.7632936958630885,8.383781177884192,0.06271502051823279,0.26070363043413836,0.3256492947954486,0,HUGIN FM,HUGIN SAND
VOLVE_15_9-01,1683.15,24.316071456517825,2.252835192937503,0.24570982138977862,3.7995411920109627,91.6270211764911,147.09645678977577,1.5869263425151952,8.368283324513037,0.01610587435974661,0.2604116186425433,0.3483983507190807,0,HUGIN FM,HUGIN SAND
VOLVE_15_9-01,1683.3,28.025447318791997,2.2071097164653066,0.29966402462985053,3.379682752392363,93.51722231913827,144.1023015795489,1.912192965322405,8.400024629717068,0.03426187146809778,0.28055504076844073,0.3369228067911786,0,HUGIN FM,HUGIN SAND
VOLVE_15_9-01,1683.45,24.701493069670683,2.204181409183454,0.2822672260228087,4.110908978087698,94.08477855841801,146.00813619920663,1.9453418342675526,8.2952352915646,0.031651365462371094,0.2866001455139535,0.2948098743534238,0,HUGIN FM,HUGIN SAND
VOLVE_15_9-01,1683.6,34.55166483353734,2.2775770130960145,0.28555703078743827,3.0836099601009623,90.72236596974106,142.11988092379718,1.7451174637685836,8.651994630138526,0.055094076788226296,0.2600771898722197,0.36721079186753297,0,HUGIN FM,HUGIN SAND
VOLVE_15_9-01,1683.75,31.360558779526116,2.200706931117853,0.28173471510531506,3.751535815069046,94.51169775995436,158.22551179910863,1.6541464036083133,8.780528168076229,0.003688656417618369,0.27703914804037577,0.32220696371332574,0,HUGIN FM,HUGIN SAND
VOLVE_15_9-01,1683.9,24.1555858400136,2.192305556590938,0.3143863624193504,3.8460179315613408,93.67147865653945,155.25781950606535,1.919392706985219,8.555115150432771,0.06542929899380184,0.27298788336954416,0.31395195638335627,0,HUGIN FM,HUGIN SAND
VOLVE_15_9-01,1684.05,40.15922809849103,2.205106127833616,0.2871453409418022,6.954156230293659,88.86334791594945,136.78196884888501,1.7733515366014083,8.27978151363349,0.04938731399617904,0.2588829215637216,0.2828845664917656,0,HUGIN FM,HUGIN SAND
VOLVE_15_9-01,1684.2,17.883705878232423,2.2490789166123735,0.2937419337763501,5.659438905857807,89.55107743892921,143.54867947936776,2.0852933324246608,8.293819219360214,0.0,0.2725216012451705,0.26390982498971643,0,HUGIN FM,HUGIN SAND
VOLVE_15_9-01,1684.35,38.34058993343374,2.2369244867434093,0.28293529359531483,3.081300694286769,95.2874557191567,150.44689343688708,2.1545906108298976,8.441962616362918,0.07260459500057405,0.2802820365191026,0.3453850721154402,0,HUGIN FM,HUGIN SAND
VOLVE_15_9-01,1684.5,35.61595276396445,2.205790421997457,0.27970345298639226,2.9408630601360666,94.38398854939709,150.23887898253193,2.000142209726978,8.219650298310853,0.1038612028556419,0.26607348947741144,0.36915361233544675,0,HUGIN FM,HUGIN SAND
VOLVE_15_9-01,1684.65,28.882256871295457,2.1992420258586636,0.2766336214077656,4.677130426854348,92.30453284554466,145.00703845811032,1.8465314812096207,8.56687164211593,0.06737644586173189,0.27263222367985296,0.3187728932504038,0,HUGIN FM,HUGIN SAND
VOLVE_15_9-01,1684.8,30.6116144799431,2.2061207253326707,0.255349103922294,2.1067483776442133,90.2118051475832,151.36734635016452,2.165114977236529,8.797562085163008,0.08061525398233979,0.27337465869794114,0.3991215475775633,0,HUGIN FM,HUGIN SAND
VOLVE_15_9-01,1684.95,28.713409868851297,2.287905730467566,0.277175367872906,4.3094721363347555,92.3251617412147,147.62572610157534,1.84814405811596,8.39131863925522,0.04085235602266175,0.24161212935959603,0.35145337971765045,0,HUGIN FM,HUGIN SAND
VOLVE_15_9-01,1685.1,26.04208930931891,2.13835507070208,0.31859454950706045,2.3016871826941343,99.15800207316249,159.73358734006638,1.704161221916879,8.515226781355793,0.0,0.3036868033301962,0.3713942655299325,0,HUGIN FM,HUGIN SAND
VOLVE_15_9-01,1685.25,20.399228243142375,2.148087985701588,0.2822117223937776,2.767696561702626,88.13435785794492,142.1362636033785,1.664931912712786,8.414207862465759,0.0,0.2891122648753964,0.3334794604906146,0,HUGIN FM,HUGIN SAND
VOLVE_15_9-01,1685.4,28.333966840863233,2.2389137615657804,0.3172257327001219,3.385159541824112,98.38393691505998,152.2754481892909,1.6592996875097765,8.378443074062247,0.047407017150054576,0.2840228299784142,0.3175662233846611,0,HUGIN FM,HUGIN SAND
VOLVE_15_9-01,1685.55,23.28271907816665,2.2050525489627453,0.2727622329858491,3.0841149744486196,92.96935020127071,149.29372881123578,1.7987260505329883,8.543084199184028,0.022485086240048652,0.2819968229847849,0.35522640442894526,0,HUGIN FM,HUGIN SAND
VOLVE_15_9-01,1685.7,20.18806543378401,2.2118387820122845,0.24476294304323035,4.357062593741374,93.65330071632059,155.15686525504714,1.8926173632324539,8.424195940540484,0.013298032306877643,0.2795309275663042,0.28370568409114716,0,HUGIN FM,HUGIN SAND
VOLVE_15_9-01,1685.85,24.651189582057622,2.21917020365896,0.2927539002234125,2.969624245205631,95.30665400183794,159.85410133034424,1.5169686121028163,8.391630261293566,0.03934471678260114,0.2667047976481501,0.38170034106661266,0,HUGIN FM,HUGIN SAND
VOLVE_15_9-01,1686.0,24.967925073548006,2.2274116198113085,0.2533969469816009,4.890846242828245,97.698359920604,150.5783010343692,1.7102148144864673,8.296258128118868,0.06018734986342318,0.2699400491644074,0.3141987446333702,0,HUGIN FM,HUGIN SAND
VOLVE_15_9-01,1686.15,22.899225436247406,2.1754535344487276,0.2737484581153032,2.6153043787341086,95.5767355067456,145.32977062384933,1.8425702027894793,8.512917645547729,0.0,0.2776639674277829,0.38898662632667247,0,HUGIN FM,HUGIN SAND
VOLVE_15_9-01,1686.3,29.94029281784294,2.174882516711213,0.2949455675598892,2.7842948341699127,95.04724521607517,152.3862652459279,1.9287252538321764,8.715273272970007,0.029241245163166993,0.28643691996973897,0.33499958623685433,0,HUGIN FM,HUGIN SAND
VOLVE_15_9-01,1686.45,34.0109286609435,2.2813903035747423,0.2526796463329681,2.8598009970312517,84.0744057884871,140.06498714025454,1.7948154495840358,8.814400416978227,0.08849870410582833,0.2316955338223186,0.42290128704724433,0,HUGIN FM,HUGIN SAND
VOLVE_15_9-01,1686.6,35.95848795261145,2.1720426651759923,0.2890211624951563,4.721397314331437,85.74011291054046,138.9821629282832,1.8489016267656682,8.798723929358014,0.01143962178219153,0.2703371981037517,0.29060072710524165,0,HUGIN FM,HUGIN SAND
VOLVE_15_9-01,1686.75,20.62504064344387,2.1778225051541904,0.3134896069134771,3.120313561712572,98.43270884617475,160.89381453427862,1.5522955186018907,8.48445236682676,0.07028742854782585,0.291329464105953,0.3305727435279067,0,HUGIN FM,HUGIN SAND
VOLVE_15_9-01,1686.9,30.210914015871396,2.2216642498815364,0.2786780752810483,3.1855221815032686,95.26064730207362,145.61579057878518,1.617642652464495,8.670207333032373,0.03014957036632055,0.2631577891948597,0.3715416184523247,0,HUGIN FM,HUGIN SAND
VOLVE_15_9-01,1687.05,30.88056122039512,2.228913837068784,0.252814598861669,2.599870929072462,88.91658255518115,139.40659466693987,1.7878276325431854,8.358608743549526,0.06156273713445641,0.2593952239326304,0.4205186758116747,0,HUGIN FM,HUGIN SAND
VOLVE_15_9-01,1687.2,36.54598458141288,2.2478200585599493,0.2621498112153379,2.900843396531557,88.90006443858215,131.25954157276695,1.902110223037999,8.715653874647712,0.07860666178476891,0.24447394080226945,0.45051244395117684,0,HUGIN FM,HUGIN SAND
VOLVE_15_9-01,1687.35,35.08257116801919,2.2050333165382705,0.24580807365725352,3.167177884506483,90.66168799729276,144.34626054943863,1.846260658436372,8.962490170964841,0.06842363312070683,0.26565552809014964,0.36627039812025564,0,HUGIN FM,HUGIN SAND
VOLVE_15_9-01,1687.5,31.201117103215456,2.2171376560918103,0.29010012476311686,2.0627632491182717,88.30390981321005,130.46515849691974,1.6302351226875897,8.613783412231497,0.07395869319885626,0.24776356681423184,0.45782488949899464,0,HUGIN FM,HUGIN SAND
VOLVE_15_9-01,1687.65,27.063596221313578,2.2140619863952185,0.24811457347994767,4.007746907430219,95.59271131194961,159.61164660832176,1.7526876012903612,8.833349189328255,0.012635155758208422,0.2742705965925809,0.3331323192361911,0,HUGIN FM,HUGIN SAND
VOLVE_15_9-01,1687.8,28.983402608163633,2.2134362568035355,0.27433580658153567,2.6055013469752724,93.70191664409306,157.6971739700936,2.102367668575362,8.405510659587675,0.08109209129216902,0.2691007896628372,0.42316600850579933,0,HUGIN FM,HUGIN SAND
VOLVE_15_9-01,1687.95,30.21550218787299,2.2012404214624066,0.2402963939856161,4.802293885288546,90.41286285417554,145.36379802698968,1.9088516465193124,8.486151520690742,0.022601076748428622,0.2632837172538875,0.30364627317656334,0,HUGIN FM,HUGIN SAND
VOLVE_15_9-01,1688.1,20.97006787043115,2.210795727940758,0.2691511932396796,2.6457972487458714,101.35237664541306,154.60093709427127,1.767493391328719,8.317332119569656,0.05646787506362798,0.2752843376974485,0.38200038786225105,0,HUGIN FM,HUGIN SAND
VOLVE_15_9-01,1688.25,34.292376881196056,2.203300475548781,0.284308227370059,7.043790594760458,89.11460856539033,144.46193697419042,1.5948326476560706,8.569277201260517,0.05692889145209965,0.275500325343603,0.24411901539280764,0,HUGIN FM,HUGIN SAND
VOLVE_15_9-01,1688.4,30.986471858076435,2.198140551667909,0.2757094660718661,4.060265074683507,95.36112520941413,161.87346312736733,1.6573257765719847,8.636531450707794,0.0642351482027051,0.27664935581178035,0.30739099387815544,0,HUGIN FM,HUGIN SAND
VOLVE_15_9-01,1688.55,28.29225588156214,2.184515504733045,0.2958950739944832,2.2990395823725,88.79841275926897,144.456137913265,1.8013180724468147,8.542786524026601,0.06029016916544829,0.2639666234567536,0.3856958906536727,0,HUGIN FM,HUGIN SAND
VOLVE_15_9-01,1688.7,26.24721314144436,2.150368463395113,0.3291473969253874,3.7552392158876255,98.36240698221513,163.30477112399885,1.8551894197200014,8.419678704075272,0.025367148828189367,0.3208043042819031,0.28633820203843063,0,HUGIN FM,HUGIN SAND
VOLVE_15_9-01,1688.85,25.219125839312305,2.1577262077975914,0.28460258808623395,2.8097499325391095,95.1760625065163,149.85587345194497,1.9131126890203118,8.40620400086148,0.010685336971096929,0.29225798212514126,0.36897808163078827,0,HUGIN FM,HUGIN SAND
VOLVE_15_9-01,1689.0,38.88242201459395,2.233644135920415,0.2700193965497618,2.95087465363582,94.43609406101018,146.74170025844938,1.877597116877763,8.620594467195335,0.0778516127599099,0.2610132932352563,0.4131783898685911,0,HUGIN FM,HUGIN SAND
VOLVE_15_9-01,1689.15,46.65427070266094,2.2356265264782613,0.28193744673837845,3.9562808957275513,89.09705933838626,142.2009848956048,1.7259527275462632,8.469714029242663,0.05775581459387767,0.24888006540817806,0.33683573474224937,0,HUGIN FM,HUGIN SAND
VOLVE_15_9-01,1689.3,39.37969560694875,2.2396791617819485,0.2828430834818798,4.66357330654928,89.72984305583769,133.93422211463667,1.697779020121484,8.402478237400373,0.0871614893283878,0.2515914424169323,0.32235079901480646,0,HUGIN FM,HUGIN SAND
VOLVE_15_9-01,1689.45,27.097917885023747,2.217222448821108,0.2698898079867507,3.3435563417009315,93.7322564264396,161.2920530888731,2.2093977764579336,8.13916038610423,0.05183733488918449,0.28488962563368125,0.3365668696740184,0,HUGIN FM,HUGIN SAND
VOLVE_15_9-01,1689.6,29.243614354529836,2.178900882740288,0.2891976234615752,3.7089008866159783,92.685076669645,148.9943729038345,1.6887065356144233,8.410529112327383,0.011523212980036224,0.30108217579736185,0.2999663479348015,0,HUGIN FM,HUGIN SAND
VOLVE_15_9-01,1689.75,36.26689212423187,2.2310437239255423,0.2979430413445433,2.9942225928132253,95.9025575977017,157.77795692815778,1.5416592609404205,8.227596318157342,0.08316048730467851,0.27597317187515413,0.36476246829060766,0,HUGIN FM,HUGIN SAND
VOLVE_15_9-01,1689.9,24.51273021802283,2.21291884016641,0.2909074023997128,2.9693556398722465,94.23556346016512,148.46935889428318,1.4722565043895126,8.378854480026508,0.04356351400272561,0.27730554357876314,0.3631235854452218,0,HUGIN FM,HUGIN SAND
VOLVE_15_9-01,1690.05,24.912072391413126,2.2739508245744293,0.2287897442133451,4.3578117728078505,90.15181977436208,136.5274797896879,1.7293622225740577,8.492514776360977,0.06543230397385824,0.23998252944524162,0.34935418503731697,0,HUGIN FM,HUGIN SAND
VOLVE_15_9-01,1690.2,28.126914828696744,2.174806966460508,0.29515076046645733,2.2080573283030636,92.69292338452064,155.43775156863742,1.9879967641333662,8.477129823031996,0.036245468139796726,0.27473140845935534,0.43969160245128014,0,HUGIN FM,HUGIN SAND
VOLVE_15_9-01,1690.35,39.0605426952655,2.279043510064439,0.22588547890123167,5.578414266692322,87.45307413828874,134.3044172148788,1.6848104621317612,8.749269148385647,0.10549478612377186,0.2278787437863938,0.34085324485278273,0,HUGIN FM,HUGIN SAND
VOLVE_15_9-01,1690.5,19.825601109815473,2.2509779045425944,0.2772086820917229,2.537632086169521,92.55218347130749,149.82768737193817,2.095502908388652,8.999143414928223,0.03036465734550121,0.24657744801277087,0.42393105616641596,0,HUGIN FM,HUGIN SAND
VOLVE_15_9-01,1690.65,25.863732163730223,2.2467502074390464,0.2849710003120966,4.366076233089631,95.19418285718577,154.5261166280945,1.7985436909722887,8.295623693622051,0.047033910547392144,0.26732693060499535,0.307373211348612,0,HUGIN FM,HUGIN SAND
VOLVE_15_9-01,1690.8,33.646359764240756,2.2122174588138743,0.2537789450810859,2.9807487658006004,96.6446073413603,155.0011282645709,2.0219116133493484,8.905160279990168,0.06087474967672337,0.26728622164249183,0.3673013034000944,0,HUGIN FM,HUGIN SAND
VOLVE_15_9-01,1690.95,27.61967427951708,2.201715573762946,0.27671390709498267,2.0721468192105164,94.97108995609797,148.03082274884576,1.6484557734944871,8.490711352134817,0.02537953908593872,0.2834885102613601,0.4122441321531851,0,HUGIN FM,HUGIN SAND
VOLVE_15_9-01,1691.1,38.593950656652474,2.2316448951255334,0.2636477201292506,2.015256670960285,96.21229892449851,153.19151709406648,1.6515566544160418,8.4691952517393,0.06855350056481574,0.2642939073351007,0.4226839077821106,0,HUGIN FM,HUGIN SAND
VOLVE_15_9-01,1691.25,28.154453479898518,2.268382516257689,0.27230249192683725,3.6893368536133764,90.17457672541792,139.52906863045678,1.8182091406659946,8.644396876618957,0.1074872710555814,0.2529818668424534,0.3568582864316627,0,HUGIN FM,HUGIN SAND
VOLVE_15_9-01,1691.4,41.02701065721696,2.2491430347771395,0.2515203474172688,3.390228925379991,89.01890665895107,146.47613911711642,1.8965109332689793,8.41370210102254,0.044907220947049326,0.2488638022354612,0.3869256522876821,0,HUGIN FM,HUGIN SAND
VOLVE_15_9-01,1691.55,24.14676382323494,2.26048676687196,0.2416781598872369,3.0389040455637697,94.40599286628952,153.9073232235543,1.7642085514868093,8.500763282249979,0.07196553727455622,0.25379310756368917,0.3884236153655782,0,HUGIN FM,HUGIN SAND
VOLVE_15_9-01,1691.7,14.854181405858697,2.2091786971603677,0.22631731717359943,4.561683824188755,91.96629837787052,147.03906523910334,1.8584930901361572,8.857961980449721,0.0,0.25420250009805095,0.318853041070363,0,HUGIN FM,HUGIN SAND
VOLVE_15_9-01,1691.85,30.39789579052333,2.2519043492641675,0.24860309973027922,3.8375624818641563,86.34977227469794,135.31787828104157,1.9176971906900464,8.133111832199564,0.059920628294840635,0.2286345387980959,0.39469868534585584,0,HUGIN FM,HUGIN SAND
VOLVE_15_9-01,1692.0,24.285206513112577,2.1691845719555105,0.28552020891287616,2.2376056634660797,89.71261614785661,154.07677533548065,1.5158988640453266,8.457957537740212,0.05218422267729079,0.2719678382199993,0.4547798754058059,0,HUGIN FM,HUGIN SAND
VOLVE_15_9-01,1692.15,28.36932897572844,2.2596123763719755,0.26155378698912907,3.0743981147223733,89.52281500451915,136.72618407646397,1.731812510162172,8.553189966150615,0.037506392588977214,0.2538170769566818,0.3809119510298247,0,HUGIN FM,HUGIN SAND
VOLVE_15_9-01,1692.3,33.655364118489054,2.246178776441914,0.2804721573305233,2.3976398330678075,90.16319887991847,136.53805272356533,1.6962634941880488,8.897672568333661,0.09498945803434086,0.2608091014461629,0.40296465636383577,0,HUGIN FM,HUGIN SAND
VOLVE_15_9-01,1692.45,29.079119148180425,2.2251783311131135,0.2723318051070983,2.4778944295941825,98.68098950310059,157.47955330182083,1.7059755684758264,8.463026107421703,0.05324200219702716,0.27672388772804496,0.39580534956914354,0,HUGIN FM,HUGIN SAND
VOLVE_15_9-01,1692.6,26.315714951230575,2.237767270341614,0.2615863383175845,6.792855441198623,92.20918382435181,146.24445748610836,1.8813755457036698,9.040540357389894,0.05818705381278388,0.249178433090164,0.2907072857760781,0,HUGIN FM,HUGIN SAND
VOLVE_15_9-01,1692.75,32.16752991224118,2.2086020914700213,0.3275009044370166,2.4727908391345337,90.14447624400256,149.71907426417602,1.6990421128835473,8.688133336885535,0.05267630683518659,0.2688293471120533,0.3851891257108704,0,HUGIN FM,HUGIN SAND
VOLVE_15_9-01,1692.9,24.075173002409105,2.225781217943602,0.28816002552414155,5.186487995447606,87.69812213977343,143.54757769837087,1.398984472757633,8.03483427731826,0.006966932381525813,0.2636236432519698,0.2977021009725314,0,HUGIN FM,HUGIN SAND
VOLVE_15_9-01,1693.05,33.462344301378245,2.2972744139296317,0.23738001611047807,5.525215841570183,85.62456815136645,137.14693697709652,1.752696269633135,8.232240703476831,0.03098968365899392,0.23849973258082574,0.3263275580628081,0,HUGIN FM,HUGIN SAND
VOLVE_15_9-01,1693.2,33.05269194872655,2.2856190804923693,0.2525822595739958,1.5846498270016753,88.93830204111833,144.80297217988672,1.5871187937483375,8.59656492013859,0.09425845485650611,0.24891092628754471,0.48297462551637704,0,HUGIN FM,HUGIN SAND
VOLVE_15_9-01,1693.35,20.423949249629846,2.238117148941897,0.2105308943433886,3.89777899868789,90.74308135571013,147.5997589103845,1.8992663962365093,8.277122216672176,0.00260196172592414,0.2673493880343313,0.3347925080348367,0,HUGIN FM,HUGIN SAND
VOLVE_15_9-01,1693.5,20.682952080282355,2.2479307871261267,0.2833125268861705,4.679565468055808,93.81136381694057,160.61596570801467,1.9611393983707441,8.609884767195611,0.04338426146841348,0.2554310046062145,0.32275657322581264,0,HUGIN FM,HUGIN SAND
VOLVE_15_9-01,1693.65,29.350556597507346,2.2157853181446607,0.312036625516465,1.9857699982619228,92.15573119471696,148.71598686402433,1.3650342279953267,8.483338673090637,0.05485372373420215,0.2880764598808384,0.4209102460653303,0,HUGIN FM,HUGIN SAND
VOLVE_15_9-01,1693.8,30.018247680155866,2.299311144232196,0.2230495298133503,5.346180885351867,93.59475404508042,146.3462208087312,1.6451535859919355,8.296525306237493,0.11962390038914719,0.21598250414050807,0.33540331997462525,0,HUGIN FM,HUGIN SAND
VOLVE_15_9-01,1693.95,26.880137483391117,2.23721552739129,0.23809560430779095,3.558754165530412,88.27625093926675,142.23450700196787,1.8706746046838416,8.358203526817547,0.09084154477278952,0.25310352624941507,0.35185650622235304,0,HUGIN FM,HUGIN SAND
VOLVE_15_9-01,1694.1,32.53308543075189,2.256881808410133,0.22871095313801604,2.6963936070349668,84.88904475583027,122.72907454297723,1.5182249729596873,8.872338236632677,0.0515347251054416,0.2440860932359943,0.42496302593094076,0,HUGIN FM,HUGIN SAND
VOLVE_15_9-01,1694.25,26.357384111404713,2.2214759566349613,0.2806590301306057,3.057701563249957,96.84365645968694,154.7866126283973,1.956532175436042,8.106976197012912,0.10784983597075437,0.2555935974854041,0.3816183290566243,0,HUGIN FM,HUGIN SAND
VOLVE_15_9-01,1694.4,36.5223248914463,2.223189534657181,0.26982635858470627,5.08040408981594,95.72295138786917,158.62163457612064,2.0098633069724445,8.953870137905396,0.046961663155597244,0.26456892378461694,0.2832086466903528,0,HUGIN FM,HUGIN SAND
VOLVE_15_9-01,1694.55,35.290119977306404,2.2280446459599013,0.2785729751146378,2.8385926877688408,90.29339732435139,147.48035631331433,1.7675968732213527,8.760598144302296,0.09991092689819692,0.24975449572776262,0.40444775878559,0,HUGIN FM,HUGIN SAND
VOLVE_15_9-01,1694.7,94.06717927635152,2.6385001563779915,0.13112842976443154,278.8663399205181,73.90060587831596,119.73374962353391,2.845217680096315,8.51258919014767,0.7293304466471192,0.02,0.5463258398918104,1,HUGIN FM,HUGIN SAND
VOLVE_15_9-01,1694.85,96.08754575020592,2.62887374782066,0.15974787472594892,148.05538525596663,75.44473376845527,123.95776980738091,2.5378864749049375,8.38883792760552,0.8027513205574616,0.02,0.6652429704937507,1,HUGIN FM,HUGIN SAND
VOLVE_15_9-01,1695.0,100.91017401704893,2.6465912479509566,0.14121515417942532,206.72254243246581,73.75662413577473,123.52688134162815,3.16280505895222,9.03996324188142,0.7588243424772025,0.02,0.5448379553614541,1,HUGIN FM,HUGIN SAND
VOLVE_15_9-01,1695.15,95.3430348851444,2.585414343941716,0.14766679110815792,215.6368639896218,69.09267918524782,117.67445373288746,3.400507395735271,8.406763035928254,0.740605890032962,0.02,0.622318065696185,1,HUGIN FM,HUGIN SAND
VOLVE_15_9-01,1695.3,94.28225346576491,2.6560339389384415,0.09301591601230166,164.88510652371824,66.03204301609996,107.88854832720723,3.3591302396670306,9.16463607419902,0.765397228204936,0.02,0.6660540700797665,1,HUGIN FM,HUGIN SAND
VOLVE_15_9-01,1695.45,100.16374155125645,2.586550491724131,0.1124151171184695,245.67209438538,71.24942525681891,112.41852323834681,2.961005296501899,9.573417542826524,0.7806801901894579,0.02,0.5393818958662588,1,HUGIN FM,HUGIN SAND
VOLVE_15_9-01,1695.6,88.59260561371465,2.5940338384983357,0.12640749221947623,230.09842985215377,78.77773331641,114.47676335345714,2.7814648364564203,8.600345037108124,0.7579635041148586,0.02,0.5655284001965479,1,HUGIN FM,HUGIN SAND
VOLVE_15_9-01,1695.75,91.86085985957853,2.605583569062738,0.16007163177799044,208.2741859896978,79.5336079855114,132.14463991185687,3.1675248452656266,8.241017410240868,0.7898683738665707,0.02,0.6042667758671937,1,HUGIN FM,HUGIN SAND
VOLVE_15_9-01,1695.9,91.23820626665535,2.6441544138393973,0.17104081035266122,248.96217444256192,72.5085178840306,118.58964118246848,2.9746262447695946,9.140738351483499,0.7562014388753763,0.02,0.5319431440349042,1,HUGIN FM,HUGIN SAND
VOLVE_15_9-01,1696.05,102.05808309367137,2.6225114699445715,0.13562651607166687,217.82373962258663,71.15093822834957,114.60479860293832,3.0956263447286836,8.646611407801782,0.7927415447960295,0.02,0.5993622107742004,1,HUGIN FM,HUGIN SAND
VOLVE_15_9-01,1696.2,99.82791363537429,2.6131234149895683,0.12594345963445472,204.74363242044922,74.76103844748393,116.1774040400031,3.0605503406593892,10.079623179684255,0.7878337394147888,0.02,0.5732041074491371,1,HUGIN FM,HUGIN SAND
VOLVE_15_9-01,1696.35,103.69639153885204,2.6021474513070966,0.09687667418495963,223.8174043199696,74.95041626241651,124.74642603656919,3.018600692835961,9.683594459978014,0.7731736338007713,0.02,0.5678737115605631,1,HUGIN FM,HUGIN SAND
VOLVE_15_9-01,1696.5,92.80825310468293,2.590481296986786,0.1516000158586093,172.67341512862296,75.21599063483498,119.05940288659532,3.2057027606965063,10.18167937401636,0.7621916038476403,0.02,0.5793544007896976,1,HUGIN FM,HUGIN SAND
VOLVE_15_9-01,1696.65,102.01214685270226,2.64065254647386,0.1260574637334192,242.23673083900857,66.19708398312838,105.74322381777549,3.2131336138061237,8.590955770808057,0.7804085015820583,0.02,0.5860107862535457,1,HUGIN FM,HUGIN SAND
VOLVE_15_9-01,1696.8,99.74631552503904,2.6339727852209727,0.19808616962981906,207.05134758353938,83.49919871716295,133.3187750016195,2.8954624630576875,9.121509294333215,0.7927965082843731,0.02,0.594432990939114,1,HUGIN FM,HUGIN SAND
VOLVE_15_9-01,1696.95,99.94862572552405,2.645049007541847,0.13099695059809188,244.33989413877276,78.33876120396852,127.59127651717712,2.815377505722715,10.215386598601505,0.8385668599918811,0.02,0.5701037407247251,1,HUGIN FM,HUGIN SAND
VOLVE_15_9-01,1697.1,103.43163589391052,2.625936362539622,0.18290302436933845,246.485576242262,73.68274521306436,112.14923228575235,2.500176832089962,9.898538477020212,0.8053168162141677,0.02,0.5623864586467626,1,HUGIN FM,HUGIN SAND
VOLVE_15_9-01,1697.25,101.31902885546197,2.565157950828889,0.15599222369283586,229.72522106347375,72.15121724566231,118.25470690259642,2.930767727980041,8.948166185520728,0.8068325068072435,0.02,0.5847453726009315,1,HUGIN FM,HUGIN SAND
VOLVE_15_9-01,1697.4,104.56368627633195,2.5931083413463707,0.13002831556156044,201.5982858054286,78.54439755530385,122.06659430444603,2.7813349682977333,8.507713929671436,0.870624023653252,0.02,0.6076493250341858,1,HUGIN FM,HUGIN SAND
VOLVE_15_9-01,1697.55,100.62673958817506,2.627297426116934,0.1437219454872737,242.17657316798835,75.53339314035722,117.42441049007577,3.083839383799418,8.966758262926255,0.79386046476268,0.02,0.5649906724314732,1,HUGIN FM,HUGIN SAND
VOLVE_15_9-01,1697.7,99.71881494917432,2.6106056594952793,0.15442729507657973,185.13616841074912,74.3130670701796,123.32710755007611,2.932826613030914,9.242987564487919,0.7933312303038028,0.02,0.6030463511954417,1,HUGIN FM,HUGIN SAND
VOLVE_15_9-01,1697.85,100.26193234780091,2.6068231606614374,0.135542913029229,264.03475566119323,75.55139815153053,115.907094736971,2.954514269940541,9.692654240962705,0.8003197125304045,0.02,0.4982828263253614,1,HUGIN FM,HUGIN SAND
VOLVE_15_9-01,1698.0,94.12383040917881,2.5959354647022095,0.14915985867220302,254.98008921909465,72.81853511548044,120.92686818982105,3.1623932191503763,9.140339177630082,0.7493346964077137,0.02,0.5372770959768665,1,HUGIN FM,HUGIN SAND
VOLVE_15_9-01,1698.15,91.3106250703094,2.6369517913482907,0.15132235544714834,217.20663525663653,74.70934843184193,120.04179111449162,3.079450936006749,9.139181975685075,0.766688081734501,0.02,0.5650850332102075,1,HUGIN FM,HUGIN SAND
VOLVE_15_9-01,1698.3,98.06958528531646,2.627123852748286,0.14670954612637016,295.79284276647826,75.65345870145885,112.8041501779838,2.9766619880126686,10.793498741447529,0.7652185074299168,0.02,0.5359097928774448,1,HUGIN FM,HUGIN SAND
VOLVE_15_9-01,1698.45,97.00803293807357,2.6280238244581624,0.13970464549170353,171.99802187794435,75.2044990025999,127.14957766239235,3.337285135187052,8.585985949104087,0.800227419017691,0.02,0.6707531264457518,1,HUGIN FM,HUGIN SAND
VOLVE_15_9-01,1698.6,93.61513489868479,2.6053279550242987,0.1128961127984645,203.3318364818861,74.56208763957736,120.85060885964126,3.147629783266607,8.445989429633268,0.7759660972305803,0.02,0.5830329215054216,1,HUGIN FM,HUGIN SAND
VOLVE_15_9-01,1698.75,98.44058973375036,2.6215257551779962,0.1363233803130165,205.38341319864546,78.06312544263636,126.87163003766754,2.916827829251172,9.349292211043673,0.785727252150141,0.02,0.5939316595563374,1,HUGIN FM,HUGIN SAND
VOLVE_15_9-01,1698.9,106.05620601965269,2.5912447014760702,0.14570983006188284,232.39502886455992,69.67048354675343,116.5089852277293,2.925749346809574,8.738387088535863,0.81459024525044,0.02,0.569665538176859,1,HUGIN FM,HUGIN SAND
VOLVE_15_9-01,1699.05,102.71124653460492,2.615403440383076,0.1037155809942172,211.60219582374313,71.94123295298786,122.60207644758708,3.157675938700807,8.717228926985534,0.808243989433158,0.02,0.5912092508112993,1,HUGIN FM,HUGIN SAND
VOLVE_15_9-01,1699.2,96.24264793248422,2.5674414084281376,0.14006632575288816,279.94162154420997,73.80723131568459,119.09670458617597,3.040569139675897,8.900674603868898,0.7778774628870753,0.02,0.5222005656509858,1,HUGIN FM,HUGIN SAND
VOLVE_15_9-01,1699.35,94.62880103580167,2.586637677217309,0.1325148136382302,230.58138945274385,71.2405091091367,117.07125118709907,2.7757680579332047,9.339430879011438,0.7630055928962206,0.02,0.5700858260641125,1,HUGIN FM,HUGIN SAND
VOLVE_15_9-01,1699.5,105.84505566658929,2.6115537631149595,0.11669798809321476,213.11659417249652,73.33263698645669,119.18814883141785,3.1789425679556143,9.328203829226583,0.8175367300594257,0.02,0.5481605975880399,1,HUGIN FM,HUGIN SAND
VOLVE_15_9-01,1699.65,89.68748836499405,2.6655023629254986,0.13439960988968633,174.85441128392475,78.17452370913966,123.36489940111507,3.2514464400393757,10.874052645903543,0.8070649180234765,0.02,0.5780742961692349,1,HUGIN FM,HUGIN SAND
VOLVE_15_9-01,1699.8,98.90936978164092,2.5819851385315027,0.12416709122485642,363.72835506774135,72.44362283299914,107.99261501832291,3.236277773601169,8.430980330607909,0.736026787743616,0.02,0.44271220800795985,1,HUGIN FM,HUGIN SAND
VOLVE_15_9-01,1699.95,89.27228355342518,2.5931283881492027,0.17487930502998977,283.56667082126177,68.18602216487427,110.17224575931988,3.3085498003028926,8.981164908618666,0.7751827624008093,0.02,0.5261296682980665,1,HUGIN FM,HUGIN SAND
VOLVE_15_9-01,1700.1,92.96367658290039,2.6223354959338563,0.142887708172782,164.88243542278423,72.69802031189512,123.21152165225499,3.413839625911398,9.11858928797863,0.7899022749948978,0.02,0.6602170027241859,1,HUGIN FM,HUGIN SAND
VOLVE_15_9-01,1700.25,99.25114660210846,2.653388458120292,0.1620195509606466,208.20628683505169,74.5174923136489,122.14465251862653,3.34599180706458,9.491917891538785,0.8086576395623641,0.02,0.6342421793240864,1,HUGIN FM,HUGIN SAND
VOLVE_15_9-01,1700.4,113.0806997684119,2.6220434499397616,0.13958592399506756,170.37242047662306,74.54803260868638,113.93973621901601,3.0681323563519443,8.854528715416162,0.8129482005658702,0.02,0.6600364269655227,1,HUGIN FM,HUGIN SAND
VOLVE_15_9-01,1700.55,108.86565879899298,2.632042837046083,0.10169834650370091,195.59655767190085,75.7283359027596,126.65294497263989,2.958314424941805,9.307629135148167,0.7945111789360173,0.02,0.6580144171643513,1,HUGIN FM,HUGIN SAND
VOLVE_15_9-01,1700.7,104.90262230118216,2.61124792498647,0.15403133727463744,212.64105899587713,75.67109909736043,119.52640929649499,2.634079660599572,8.795329430453226,0.8038966686546999,0.02,0.6251683718046338,1,HUGIN FM,HUGIN SAND
VOLVE_15_9-01,1700.85,101.70018277840195,2.6077875682212124,0.12512700891391976,258.203088076956,73.52562083851146,107.18086397914331,3.002173569088009,9.034160786373096,0.7886049567044706,0.02,0.5643630527423844,1,HUGIN FM,HUGIN SAND
VOLVE_15_9-01,1701.0,88.53492332589717,2.619643687041355,0.12830848397807262,233.94843031258023,69.92694560230781,116.9726320396051,3.10382721178239,9.387246556830641,0.7668032438522057,0.02,0.5286784258423806,1,HUGIN FM,HUGIN SAND
VOLVE_15_9-01,1701.15,99.83772557872012,2.6048342121874777,0.11586784043503263,181.31027462898854,72.43688430073293,111.17211176070712,3.008710581085471,9.228060178846675,0.7795151027822803,0.02,0.641766761107169,1,HUGIN FM,HUGIN SAND
VOLVE_15_9-01,1701.3,97.13795351854789,2.6324853867743547,0.139693348506871,239.7903535667148,72.06673582726046,124.21041918920629,2.6223558002655167,9.034239659259303,0.7882532748562922,0.02,0.5903543811762572,1,HUGIN FM,HUGIN SAND
VOLVE_15_9-01,1701.45,95.67879365875648,2.5858745620210883,0.15934905195908602,151.43309336271722,73.05408655549283,122.62540549177562,2.9426757302505853,9.037445139173583,0.7869698981775798,0.02,0.7115171102723693,1,HUGIN FM,HUGIN SAND
VOLVE_15_9-01,1701.6,95.29178772702227,2.6357997406513367,0.14841966576499088,257.6020964620158,74.87882608517344,118.66712536796172,3.1290664097713363,9.162922257728054,0.731766023969989,0.02,0.552074908390459,1,HUGIN FM,HUGIN SAND
VOLVE_15_9-01,1701.75,96.43359220594951,2.618786260246055,0.16823296213441327,137.90904122366825,74.91686451251927,122.16378244880315,2.7948169930072178,8.67453230771837,0.7767278131914,0.02,0.682538136696444,1,HUGIN FM,HUGIN SAND
VOLVE_15_9-01,1701.9,104.45860110788345,2.6137055826279827,0.17315724712440728,263.4913247236443,76.45509153660173,134.4477392868383,3.03313824904744,9.395974237691611,0.7906537197688336,0.02,0.5803065263958622,1,HUGIN FM,HUGIN SAND
VOLVE_15_9-01,1702.05,89.49981627210197,2.5851403087962717,0.09620818398983336,161.4767526506434,72.634506201858,121.21524511215773,3.08632540017585,8.934538668832229,0.780837790633319,0.02,0.6520787670529307,1,HUGIN FM,HUGIN SAND
VOLVE_15_9-01,1702.2,99.6823080556308,2.5984042265600427,0.11345482711389243,132.7801417922369,78.33871408251754,126.53294265595102,3.223593528205149,8.71555700276305,0.7821815888831671,0.02,0.6705890635265728,1,HUGIN FM,HUGIN SAND
VOLVE_15_9-01,1702.35,97.03481615760184,2.6419730294626635,0.10451559307847744,244.81311555355094,76.27910549045797,136.4923387557641,3.342521078558805,9.832332216819701,0.80452949763339,0.02,0.5413863528809814,1,HUGIN FM,HUGIN SAND
VOLVE_15_9-01,1702.5,94.94476889845312,2.6138280200393327,0.1463116840652101,182.84026645335385,73.66311415984832,118.44888771053975,2.9244347874778667,8.824558915195855,0.757820505716122,0.02,0.5543462478002932,1,HUGIN FM,HUGIN SAND
VOLVE_15_9-01,1702.65,96.9792551770757,2.6235679693174565,0.11738487444982665,242.99110905000322,74.81290776990853,122.60972652624784,3.0367514763581402,8.777707970001952,0.7416434008387315,0.02,0.5221690589666929,1,HUGIN FM,HUGIN SAND
VOLVE_15_9-01,1702.8,93.54490293469186,2.600409359733693,0.12726603901745118,339.93598294044176,71.7493381766842,110.11787513739844,3.043013834511504,10.063077195055195,0.7803309710288653,0.02,0.5240020668957484,1,HUGIN FM,HUGIN SAND
VOLVE_15_9-01,1702.95,103.14990829666841,2.617418907275491,0.1377660738879342,181.20247562063975,68.12347368898318,100.62396357439866,3.1298749718776735,9.400643557401716,0.8139868168432219,0.02,0.6290243875792141,1,HUGIN FM,HUGIN SAND
VOLVE_15_9-01,1703.1,103.9257619748122,2.5905569590376003,0.1539473921842232,180.74413728551045,73.18937468244509,115.6639880321704,3.107480617128269,9.599604605468379,0.8419731894827213,0.02,0.5943105383323652,1,HUGIN FM,HUGIN SAND
VOLVE_15_9-01,1703.25,99.13057049834225,2.619997645085758,0.11255700770970248,208.2669733592481,76.71416136103738,122.93469859950241,3.285001112059954,9.070503969321553,0.8150895244655442,0.02,0.59877017349917,1,HUGIN FM,HUGIN SAND
VOLVE_15_9-01,1703.4,93.69314226097202,2.625412817945404,0.1070006328910445,185.93301263289703,73.3677017382304,119.03464070321793,2.5337406539558325,10.647275093974446,0.747852680958175,0.02,0.6038677610361165,1,HUGIN FM,HUGIN SAND
VOLVE_15_9-01,1703.55,98.82126933001699,2.6244122945437,0.13780596958212468,329.89914644944065,73.46350264216673,110.44274899359554,3.0836042156445984,10.285572729565152,0.7852003030100171,0.02,0.49446574921725933,1,HUGIN FM,HUGIN SAND
VOLVE_15_9-01,1703.7,97.17381922876106,2.5999283033901968,0.1639954478676848,157.75244031066526,71.62921700694622,117.91011882170369,3.097482201804847,8.800461883555617,0.8001368609639697,0.02,0.6562293584870437,1,HUGIN FM,HUGIN SAND
VOLVE_15_9-01,1703.85,100.84811609665346,2.61115898031799,0.13919622622975525,232.1337701173882,68.26307909488733,105.06899893160134,2.952954153494007,8.78362005513076,0.7980278286318464,0.02,0.573878640422558,1,HUGIN FM,HUGIN SAND
VOLVE_15_9-01,1704.0,100.47715348812517,2.6287438829196326,0.12553738997202601,170.86670883233177,78.6272814090666,128.84732205147864,2.547198051500883,8.931671329631804,0.809137227331111,0.02,0.6213612335112262,1,HUGIN FM,HUGIN SAND
VOLVE_15_9-01,1704.15,94.68511792313436,2.6137712480944377,0.09189087472240909,249.9481460833825,72.86032221845343,121.25114796374375,2.987800777845273,9.182367724402,0.7657003221944122,0.02,0.6128207386197511,1,HUGIN FM,HUGIN SAND
VOLVE_15_9-01,1704.3,108.51311005164112,2.6122538923531975,0.15836493098877324,180.18848252311724,72.7895752926508,114.48577501797813,2.857887847462005,8.746601212060224,0.7954094619171178,0.02,0.6593126666133273,1,HUGIN FM,HUGIN SAND
VOLVE_15_9-01,1704.45,103.67620885933334,2.656069352172511,0.12622875003301973,211.6054542639592,72.28137893483496,110.83111163439794,3.3355910819847447,8.585007589388523,0.8063158868055288,0.02,0.588876896652507,1,HUGIN FM,HUGIN SAND
VOLVE_15_9-01,1704.6,100.86455312906249,2.5989802176226773,0.11985881056735072,298.00387608507657,78.30790728386457,133.01089824110144,3.0750582739655745,9.004507133610907,0.8187169925492344,0.02,0.4917332248126237,1,HUGIN FM,HUGIN SAND
VOLVE_15_9-01,1704.75,98.88040285640909,2.6396083693617793,0.10119523342180155,204.66167669037844,76.21428416393512,126.30741513379218,2.840903034501148,8.631464260912855,0.7700115863398479,0.02,0.5862348565746324,1,HUGIN FM,HUGIN SAND
VOLVE_15_9-01,1704.9,94.35162538724249,2.5949063867299014,0.10882702494207126,192.6150589245091,70.94948709602188,114.27906102287206,2.5894709990409708,10.235125842878613,0.7840602744327373,0.02,0.5977034252379013,1,HUGIN FM,HUGIN SAND
VOLVE_15_9-01,1705.05,90.60128844747253,2.631095621715428,0.10780489424571049,258.1809956190742,75.93418604910227,128.8368364969629,3.118123536443675,9.080389623390136,0.7135278576985836,0.02,0.5148703143525692,1,HUGIN FM,HUGIN SAND
VOLVE_15_9-01,1705.2,97.14065263745597,2.6321630511624794,0.1316562461545073,247.4498875493882,73.25921819368824,117.63105772977876,3.1392298387487294,9.252693583864074,0.7762214725226022,0.02,0.5928409744784275,1,HUGIN FM,HUGIN SAND
VOLVE_15_9-01,1705.35,92.80440791329845,2.607792696898859,0.11272786716191505,217.60678070777797,71.92540027032209,111.97810438154208,2.9568446297692916,9.784037815168666,0.7793513417141881,0.02,0.5684294807779418,1,HUGIN FM,HUGIN SAND
VOLVE_15_9-01,1705.5,99.58423941766007,2.5936504629427577,0.1384206910315127,220.46353038135652,72.58336687701535,111.12487668136077,3.1207350964311216,9.790027487602293,0.7647102018703998,0.02,0.5150253630969943,1,HUGIN FM,HUGIN SAND
VOLVE_15_9-01,1705.65,98.51711093429743,2.5785913359239316,0.13514237327641934,167.71154249485673,71.82961865842617,114.38839417671367,2.930345894307337,10.139054625525901,0.8004755204985428,0.02,0.626541900900027,1,HUGIN FM,HUGIN SAND
VOLVE_15_9-01,1705.8,98.65586447948647,2.605697729821493,0.18354489496799078,256.61312703252133,70.088041916327,115.99946945603118,3.213443055033632,8.46742449494252,0.7940336612286684,0.02,0.5629238408237107,1,HUGIN FM,HUGIN SAND
VOLVE_15_9-01,1705.95,91.32931166958262,2.6285243729590464,0.09513152340667211,238.75157553929682,75.06111099446248,127.04657366667907,3.198536967154106,10.178447295410821,0.7281359048968357,0.02,0.5510968107321973,1,HUGIN FM,HUGIN SAND
VOLVE_15_9-01,1706.1,116.03991323684723,2.5964474368580084,0.1436155785277714,225.4616702741707,73.55935074577545,117.81251227341309,2.672214925719415,9.096177220998042,0.8025732661434919,0.02,0.5706930374786933,1,HUGIN FM,HUGIN SAND
VOLVE_15_9-01,1706.25,94.68961707972218,2.6199389716184744,0.13874750951333323,199.8965923385981,75.39061656527102,126.69061114411203,2.7209616312117775,8.705466485943932,0.7684493982167606,0.02,0.6454337493382355,1,HUGIN FM,HUGIN SAND
VOLVE_15_9-01,1706.4,91.70695956182907,2.588471404041783,0.12104729033931311,194.3581254872546,75.25276511575878,119.3330770277039,3.406256344608706,9.077261818555199,0.8110562561185074,0.02,0.5944710687468826,1,HUGIN FM,HUGIN SAND
VOLVE_15_9-01,1706.55,89.03046747156894,2.6133222361579205,0.1356368279379436,231.56468955287548,74.97986066592564,116.05978697220176,3.186439270005418,8.636081991088016,0.758211866593296,0.02,0.5846935510052798,1,HUGIN FM,HUGIN SAND
VOLVE_15_9-01,1706.7,104.58226437886101,2.5950591219160253,0.1550535998524246,213.30107156242806,67.98693458701744,102.24752917022597,2.747523798994288,8.82128316210434,0.7977447501619351,0.02,0.5706416173292607,1,HUGIN FM,HUGIN SAND
VOLVE_15_9-01,1706.85,106.59186483028604,2.6164403899621114,0.1402081476067415,209.604687372533,71.34016164600692,111.61305882190175,2.6859239923154186,8.913330258530557,0.788522119703899,0.02,0.613124977023915,1,HUGIN FM,HUGIN SAND
VOLVE_15_9-01,1707.0,98.18740884510366,2.607978410607849,0.168630933699504,163.09463607713454,76.00365106661985,115.26255456934351,3.0415544131220242,8.657340334686655,0.8062778400207151,0.02,0.6628492544287481,1,HUGIN FM,HUGIN SAND
VOLVE_15_9-01,1707.15,107.49817933829817,2.594192677275248,0.0966095597277577,185.40673042781634,70.3672828628807,122.63521073656013,2.7715369216253447,8.75254007407311,0.80108874726443,0.02,0.6262946650536543,1,HUGIN FM,HUGIN SAND
VOLVE_15_9-01,1707.3,103.74381536754457,2.6048225304422212,0.12163301390446957,206.45911066904142,75.08621953950656,122.33443339475723,2.9366585224150303,8.841084830896436,0.7898512144034932,0.02,0.6249487123877907,1,HUGIN FM,HUGIN SAND
VOLVE_15_9-01,1707.45,95.4518947309491,2.59931686275516,0.1622368505012708,215.5352771407773,69.02931686749787,109.96883274217504,2.9905441620798485,8.750475519014456,0.7515715303776795,0.02,0.6095079694075212,1,HUGIN FM,HUGIN SAND
VOLVE_15_9-01,1707.6,95.27953281657665,2.5917215059952516,0.15126436493174436,279.97139208579995,73.28917705267973,125.87269209601544,2.981912322227057,8.765798669472028,0.7534922551097823,0.02,0.5108355443673765,1,HUGIN FM,HUGIN SAND
VOLVE_15_9-01,1707.75,100.04576156043802,2.6396549165057883,0.1478756191122096,239.2834295301589,78.60868916672602,119.26256582190412,3.2253076563564984,8.773160790965608,0.7804358992458922,0.02,0.5441998281888109,1,HUGIN FM,HUGIN SAND
VOLVE_15_9-01,1707.9,105.18239537479654,2.6107965027109814,0.16434080749464444,254.03187942952042,76.45066692789557,121.63535290515419,3.3669512478251007,8.525019673781227,0.7978433290950351,0.02,0.5830536290485543,1,HUGIN FM,HUGIN SAND
VOLVE_15_9-01,1708.05,101.08444897255426,2.5739554910185265,0.09866564686477378,258.7805208694828,68.21735108285235,119.14613069307308,2.904216429433568,8.893363134560307,0.779978696258728,0.02,0.5517254067529571,1,HUGIN FM,HUGIN SAND
VOLVE_15_9-01,1708.2,99.24160600366211,2.605534383848106,0.15847902511654416,239.72331325376334,77.05735579456025,122.57156673767307,2.773868167239352,8.552935730317508,0.8171120790805851,0.02,0.5460067724863756,1,HUGIN FM,HUGIN SAND
VOLVE_15_9-01,1708.35,99.18882999650383,2.6362942342763653,0.159802979929918,280.29183305955604,79.43879157105935,139.3361354057176,3.077769230996715,8.94631926590449,0.7901038445435303,0.02,0.49759736631953033,1,HUGIN FM,HUGIN SAND
VOLVE_15_9-01,1708.5,108.02306663961416,2.6027728273348525,0.1222734956754398,305.5274235870395,81.9540478970125,135.0545008324277,3.326296022888544,8.699839513547579,0.7696499933263635,0.02,0.5178185373412019,1,HUGIN FM,HUGIN SAND
VOLVE_15_9-01,1708.65,101.34145926361336,2.6479548775626727,0.19114062174277044,224.92656383093984,75.40267779706552,127.17391401846601,2.919356968732071,9.92243139177863,0.7903725292329727,0.02,0.5786104809027619,1,HUGIN FM,HUGIN SAND
VOLVE_15_9-01,1708.8,105.8787586679704,2.600866758900768,0.14476718696580534,208.5845865915202,70.18876791961917,118.97650278866503,3.1700717784028427,10.316017971611497,0.8056013845637614,0.02,0.5926090970281841,1,HUGIN FM,HUGIN SAND
VOLVE_15_9-01,1708.95,104.52377983362395,2.628068161116329,0.09744623214568884,242.19887502059686,75.64758233352124,121.04414403487418,2.832572881493176,8.950952526947896,0.8086774199723978,0.02,0.5574255371851906,1,HUGIN FM,HUGIN SAND
VOLVE_15_9-01,1709.1,107.62814030409801,2.6387327716918203,0.15593283719674267,203.57388221819485,80.06575376010008,125.66414769318226,3.0042542736200244,9.231042758435676,0.8553826482537842,0.02,0.6151110551102964,1,HUGIN FM,HUGIN SAND
VOLVE_15_9-01,1709.25,99.55414575497188,2.6270038794462285,0.1224617224342592,230.45834291128676,73.18992519862205,116.52667871839321,2.7676115435399686,9.519607406848781,0.7790594868936479,0.02,0.5666511640226756,1,HUGIN FM,HUGIN SAND
VOLVE_15_9-01,1709.4,105.20318693057756,2.5905101205071794,0.16285185359009458,198.7243864643624,77.23958651684823,118.64867591038904,3.0021664120958493,10.329252947481988,0.797012987410028,0.02,0.6483325755917009,1,HUGIN FM,HUGIN SAND
VOLVE_15_9-01,1709.55,105.7414499691505,2.5991506284615684,0.1527718892877161,240.59965907769742,71.89292548601895,114.69886636148135,2.9767090042568802,9.208526878616603,0.8120867241326009,0.02,0.5903197290385384,1,HUGIN FM,HUGIN SAND
VOLVE_15_9-01,1709.7,102.19416668052227,2.6414014198077314,0.12784371532889385,198.22526014001346,75.26068066263625,120.3950588139932,3.1216245798324156,8.419351702352136,0.7986810451627846,0.02,0.6292708576189211,1,HUGIN FM,HUGIN SAND
VOLVE_15_9-01,1709.85,96.053080418842,2.6019077708733604,0.1677151852809128,235.01372021842243,66.39008104324361,114.67030464578579,3.3556123217379046,8.923070103601901,0.7844409794376994,0.02,0.6004179819460443,1,HUGIN FM,HUGIN SAND
VOLVE_15_9-01,1710.0,98.46779601471191,2.637513530278044,0.15174692399374864,284.9484433155468,70.38004690437818,115.57445360064247,2.9222209158181314,9.1857571380259,0.7530526524944162,0.02,0.5108122437861221,1,HUGIN FM,HUGIN SAND
VOLVE_15_9-01,1710.15,99.17072640623782,2.609394305563701,0.12108228354411307,231.93521877400775,73.83706249785511,129.95238778550254,2.6000541705308615,9.432588942885605,0.7842712219850342,0.02,0.5858234578086515,1,HUGIN FM,HUGIN SAND
VOLVE_15_9-01,1710.3,96.3661016307051,2.620828746384383,0.13207601605314698,298.3210711904468,72.42885216351921,105.088442973411,2.9595792221640846,10.418036119516696,0.7674461177624262,0.02,0.5236026303622937,1,HUGIN FM,HUGIN SAND
VOLVE_15_9-01,1710.45,109.44580063972549,2.590277854459581,0.14252557912827393,248.77560746524892,69.22644662557174,104.67709610076508,3.0598635246976857,9.547373227409334,0.7479149554199489,0.02,0.5741934447151387,1,HUGIN FM,HUGIN SAND
VOLVE_15_9-01,1710.6,91.0146530401743,2.6058346485057498,0.1290988025004109,267.6422249774792,72.18890710652691,113.72552473211623,3.040380017651348,9.053328218946266,0.7758937850390888,0.02,0.5508115946501921,1,HUGIN FM,HUGIN SAND
VOLVE_15_9-01,1710.75,102.79031888446623,2.6004938723912057,0.1285716244322846,216.36500844595668,74.52691347996796,126.70553388801977,2.968515437942949,9.706486435125179,0.768397416728198,0.02,0.6049923766926998,1,HUGIN FM,HUGIN SAND
VOLVE_15_9-01,1710.9,98.33630144941151,2.6225119930111633,0.14333922083478545,312.28703999658404,74.25861327460211,118.26589523794664,3.2975429881592704,9.453314066182894,0.8173648017966385,0.02,0.5335417236656815,1,HUGIN FM,HUGIN SAND
VOLVE_15_9-01,1711.05,103.35837864067089,2.6198639515943176,0.12137203020444262,194.67462916193847,74.71121296097132,112.19880655929786,3.0272429079735628,8.289087711130502,0.817920012567936,0.02,0.6016360950343527,1,HUGIN FM,HUGIN SAND
VOLVE_15_9-01,1711.2,111.25912209319971,2.6272529979249124,0.09126498454069554,193.27156134235176,75.82194525088855,120.08949022067686,2.9790407469761067,11.609680888504034,0.7728019420815662,0.02,0.6160613617526296,1,HUGIN FM,HUGIN SAND
VOLVE_15_9-01,1711.35,95.4412206974647,2.6081895499381464,0.14360332725440658,178.81417347782934,72.98326256550237,110.78522881602923,2.8444587746338055,8.887977956722686,0.7921375333851055,0.02,0.6386960384809814,1,HUGIN FM,HUGIN SAND
VOLVE_15_9-01,1711.5,92.08136473539557,2.5993953985741083,0.09185472945019925,244.90265654786936,77.13189744063614,116.4429070642688,2.6506578625317605,8.903375712661354,0.7442181895740199,0.02,0.5408070689779948,1,HUGIN FM,HUGIN SAND
VOLVE_15_9-01,1711.65,99.50180971263255,2.621654581710886,0.11791192867140646,170.08038442830508,70.90521383293587,123.4424812209669,3.0658463872635875,9.122809756245227,0.7851513515620058,0.02,0.5922579540789605,1,HUGIN FM,HUGIN SAND
VOLVE_15_9-01,1711.8,97.90031372434595,2.597408221939859,0.10636266626182238,228.71050432705272,80.1932494512844,126.55115478865179,3.049083579973471,9.145171139365521,0.8119620896052921,0.02,0.6086959755271664,1,HUGIN FM,HUGIN SAND
VOLVE_15_9-01,1711.95,107.7712327486408,2.6395684505284516,0.11074313892994123,144.45303746314158,78.00405294283844,125.67224902255408,2.7881338930143653,8.471748495357419,0.824746852567782,0.02,0.680755369747473,1,HUGIN FM,HUGIN SAND
VOLVE_15_9-01,1712.1,96.29514957459777,2.6157095522682177,0.14531836151646094,284.27599106987054,72.67417439634002,115.8138972983036,2.9911255280896367,8.903990199810801,0.7786083868938342,0.02,0.5155660130306433,1,HUGIN FM,HUGIN SAND
VOLVE_15_9-01,1712.25,107.26744342604452,2.6114772978059007,0.1402865660019004,203.5051818616058,73.93307446105368,117.03544101464364,2.9712297132945773,8.835264425888163,0.8315515286873457,0.02,0.5600353313526513,1,HUGIN FM,HUGIN SAND
VOLVE_15_9-01,1712.4,90.03309421561131,2.627243512455004,0.1280094222716033,151.75109750048162,73.88053095896399,114.00554437290423,2.875099895118165,10.359285231194647,0.7545162092064386,0.02,0.7227779873987356,1,HUGIN FM,HUGIN SAND
VOLVE_15_9-01,1712.55,88.40754321849695,2.6164727100113656,0.10806359705794309,210.07277537748905,75.21689715367236,118.79386242501755,2.8413378573701533,8.351520462938309,0.7625442182028219,0.02,0.5713834012630479,1,HUGIN FM,HUGIN SAND
VOLVE_15_9-01,1712.7,101.87325474499391,2.584838965663296,0.13006961765442746,254.96742101263547,77.87852474986019,126.29181699239705,3.0810163342209713,9.181013927776334,0.8212439962079913,0.02,0.5081735083672337,1,HUGIN FM,HUGIN SAND
VOLVE_15_9-01,1712.85,97.91352843939426,2.596771402012211,0.15503868365196516,223.82673658946064,71.14950365165627,120.93238240296981,2.9548376596899297,8.563179582262094,0.8500638697850762,0.02,0.5823166537681145,1,HUGIN FM,HUGIN SAND
VOLVE_15_9-01,1713.0,109.9882523305535,2.639154174077292,0.1411638985360693,322.32961198109837,75.77641371181032,125.97944012166688,2.881801281714448,9.338398836295323,0.8147042922813289,0.02,0.46246762661118057,1,HUGIN FM,HUGIN SAND
VOLVE_15_9-01,1713.15,93.223413759822,2.6196776869568916,0.15625205681920334,189.8180268387798,67.793600655727,102.37442656188779,2.8276655948526193,10.417244986183583,0.7986571706557577,0.02,0.6082181868195351,1,HUGIN FM,HUGIN SAND
VOLVE_15_9-01,1713.3,89.53900657473979,2.584368643952731,0.14939779815792872,198.87609199085605,72.31755959788161,120.65075744779361,2.9740029868474926,8.88349791274095,0.7339730527694028,0.02,0.6173311538447318,1,HUGIN FM,HUGIN SAND
VOLVE_15_9-01,1713.45,97.28367231766903,2.6250422413343033,0.1258222968721452,282.76561157754765,77.31396338300364,126.07953147044266,3.184896713773954,9.025958574834778,0.7391112935820628,0.02,0.5328752692661811,1,HUGIN FM,HUGIN SAND
VOLVE_15_9-01,1713.6,98.41190478844267,2.6068148236026047,0.10349773723751547,207.18035169639805,69.98953596413455,108.8596525395478,3.041328014842697,8.760515477549257,0.8036181530395021,0.02,0.5743492497992754,1,HUGIN FM,HUGIN SAND
VOLVE_15_9-01,1713.75,92.35737677276475,2.600510000949824,0.12320812826410109,164.08809561724487,69.15109014129509,111.552229707005,2.9525755956050728,8.943513781822483,0.7889401749695029,0.02,0.6397397602592965,1,HUGIN FM,HUGIN SAND
VOLVE_15_9-01,1713.9,108.01240165779814,2.595102545487323,0.13301344731534354,298.46709928364874,74.16134968968358,121.51959542174322,3.061698084913684,9.24480350941521,0.7664482195519825,0.02,0.49937369262329123,1,HUGIN FM,HUGIN SAND
VOLVE_15_9-01,1714.05,96.13675444514675,2.6379985894263736,0.12469908547719868,277.4555389607949,78.36279769482194,125.61574105082948,3.27287700293352,8.94242176150966,0.8015255101152066,0.02,0.5314040924245846,1,HUGIN FM,HUGIN SAND
VOLVE_15_9-01,1714.2,100.29846463286347,2.578690032559893,0.1193492320949242,248.0590607822791,75.20508186280254,122.72934765126769,3.0980828070360267,8.398039730408307,0.8029447754773286,0.02,0.5865776735574165,1,HUGIN FM,HUGIN SAND
VOLVE_15_9-01,1714.35,102.59025540611928,2.60124935851121,0.14555749516865302,206.05176849568224,69.01113957391313,106.103068233642,3.0520401963145716,10.208282284007907,0.8277496632278888,0.02,0.5678831570950256,1,HUGIN FM,HUGIN SAND
VOLVE_15_9-01,1714.5,104.8780290967235,2.6204025353182248,0.18912156206028236,211.66025425188934,69.18934809494343,120.66711717314205,3.1277059008519768,12.639261095041928,0.8034366667041116,0.02,0.5835876551375541,1,HUGIN FM,HUGIN SAND
VOLVE_15_9-01,1714.65,106.74191841963038,2.6495672613780696,0.1356522747323384,279.8687324559718,75.18537742853039,110.65018024075749,2.968397252695533,11.05010871254257,0.8361069064871062,0.02,0.5449695559758058,1,HUGIN FM,HUGIN SAND
VOLVE_15_9-01,1714.8,96.80960737898157,2.6290771639270063,0.13985485016222227,241.3358565073138,70.6204017037204,115.88189884259336,3.0368135641539045,8.835050454406174,0.7994064480803852,0.02,0.6079376087201909,1,HUGIN FM,HUGIN SAND
VOLVE_15_9-01,1714.95,98.9541190988394,2.601079507689344,0.11310126432810012,193.522438430861,74.49232313141295,121.02153432531233,2.902208915224131,9.082785239073766,0.7956132124847993,0.02,0.5886973094864403,1,HUGIN FM,HUGIN SAND
VOLVE_15_9-01,1715.1,102.80130163007945,2.648587069082136,0.16950367446575954,171.58305804809663,75.37607245512473,123.81643289545814,2.689889335732894,9.035528396035108,0.830904355766195,0.02,0.63428083144151,1,HUGIN FM,HUGIN SAND
VOLVE_15_9-01,1715.25,101.84906393705646,2.5908975320059002,0.15292264999239213,215.85146130247176,72.09109935140869,111.8039072040126,3.068567170477469,8.838816617764783,0.7695185941690911,0.02,0.5985005532747419,1,HUGIN FM,HUGIN SAND
VOLVE_15_9-01,1715.4,103.06212323046856,2.623306723307103,0.16859426090209975,175.27346550045854,81.2782066302173,135.89111575001294,3.069336016887107,10.184958182909819,0.8831971874185427,0.02,0.632993659850364,1,HUGIN FM,HUGIN SAND
VOLVE_15_9-01,1715.55,112.03186551638257,2.627755692915044,0.16868219948810065,245.99139994197,76.13957271640363,121.28341293785425,2.942457408345949,10.072721133051436,0.8099085550800383,0.02,0.5284321987975058,1,HUGIN FM,HUGIN SAND
VOLVE_15_9-01,1715.7,98.15008453095354,2.6003776883359913,0.13294685943492082,195.1531405816831,78.0039308402248,118.87521464901,3.207164213720353,9.108213099623098,0.8099579101921133,0.02,0.6254669506398776,1,HUGIN FM,HUGIN SAND
VOLVE_15_9-01,1715.85,102.3017627575697,2.631951861037765,0.13607613266838126,250.73765510757116,77.2150104835207,118.06996483225335,2.8556793358276735,8.983521235156186,0.8141632604352913,0.02,0.5856306580403653,1,HUGIN FM,HUGIN SAND
VOLVE_15_9-01,1716.0,100.38676619483803,2.6077221974211806,0.18238711810084496,176.25650865554533,74.81171897589867,120.32227570562581,2.6457231176270626,8.841324327985449,0.8545969830874132,0.02,0.606049179543743,1,HUGIN FM,HUGIN SAND
VOLVE_15_9-01,1716.15,96.59215504312971,2.631902848550359,0.15594343063994295,198.59608886356128,74.02517405678886,110.45767087355472,2.8605768308289607,9.311666097407421,0.8219257905403453,0.02,0.6570659559816441,1,HUGIN FM,HUGIN SAND
VOLVE_15_9-01,1716.3,91.86472450538751,2.5812080901482757,0.08809482654802567,234.17993029937548,72.27437495283488,124.64152984174791,2.6918121394896026,9.190422978606982,0.7498617531660593,0.02,0.5471367481239731,1,HUGIN FM,HUGIN SAND
VOLVE_15_9-01,1716.45,99.94506658826579,2.6246995218045774,0.15509276058103555,167.9942481793479,77.01281889994011,128.46511664261737,3.067607271098135,8.685989437499147,0.8399756071219691,0.02,0.6777768985595408,1,HUGIN FM,HUGIN SAND
VOLVE_15_9-01,1716.6,97.74101292145194,2.609757866546128,0.12649071990391242,194.4397767248468,71.96886195045833,124.28440072498833,2.849584426058876,8.94842085943932,0.7874978741286957,0.02,0.6667731272072633,1,HUGIN FM,HUGIN SAND
VOLVE_15_9-01,1716.75,96.18002793951126,2.640994075659356,0.1580816255720752,190.12302521951983,79.36085736996264,135.58448923748475,3.1969378384991556,8.524817472515714,0.800787927192947,0.02,0.6362506000261027,1,HUGIN FM,HUGIN SAND
VOLVE_15_9-01,1716.9,100.5865053012566,2.617120385404581,0.14201971969595958,250.05652191238553,71.11318012999031,112.02155588397655,3.1927597605118923,9.18101381149856,0.7590394020503741,0.02,0.5371307800767411,1,HUGIN FM,HUGIN SAND
VOLVE_15_9-01,1717.05,98.32407872234575,2.642984590674402,0.10714545766523499,327.2122481307484,75.07426694298321,115.77217979552226,2.815005181352374,8.710741134108062,0.8130420863046065,0.02,0.4931229636100354,1,HUGIN FM,HUGIN SAND
VOLVE_15_9-01,1717.2,94.3980847566282,2.628152255300661,0.14200896481604813,175.66069318738758,73.03373908468063,103.46511912466809,2.8383786273489373,10.012561607556012,0.7775490760409239,0.02,0.6458064685252742,1,HUGIN FM,HUGIN SAND
VOLVE_15_9-01,1717.35,99.0280272474041,2.6154498308190366,0.14420129912606966,214.67243237091478,72.81611933431209,114.47462031043453,3.1068879305367303,9.575510382827531,0.7999249638735835,0.02,0.604221742228629,1,HUGIN FM,HUGIN SAND
VOLVE_15_9-01,1717.5,104.84526374194549,2.6337533861922857,0.14550251712160733,234.10207817971332,80.45147620969905,137.55062621469824,3.195967956289598,10.03546748811796,0.7882217826154106,0.02,0.5579566612435501,1,HUGIN FM,HUGIN SAND
VOLVE_15_9-01,1717.65,107.23433820932387,2.633881169290542,0.15965787810343227,178.44040744224503,73.93914378445143,114.16337676763627,2.5974758776753744,8.439136521939057,0.8543153404344408,0.02,0.6737977193181125,1,HUGIN FM,HUGIN SAND
VOLVE_15_9-01,1717.8,105.80714204148549,2.627438200089824,0.1782965660768391,195.3820284652949,74.37280270774333,117.94687935807056,3.0563341740059116,8.320865458174223,0.85584831253603,0.02,0.5725765497169186,1,HUGIN FM,HUGIN SAND
VOLVE_15_9-01,1717.95,93.60552288884796,2.572153972507496,0.14791580095864074,200.90258586295315,72.1293353601463,112.63408533081967,2.560481881431347,9.145457048326763,0.7975868077756986,0.02,0.5770432794211624,1,HUGIN FM,HUGIN SAND
VOLVE_15_9-01,1718.1,95.08857593496994,2.598348790184712,0.14014552431626057,164.0719231274256,74.25146252796961,120.67731581278996,2.8902967780202475,9.593368123426625,0.7979170340451419,0.02,0.6246696284293922,1,HUGIN FM,HUGIN SAND
VOLVE_15_9-01,1718.25,93.14458018136668,2.6456821169301183,0.16064876668623523,254.6751788684808,73.55800297830136,124.12322818635373,3.218731361579246,9.068896422391422,0.7845961040164715,0.02,0.5388236896241976,1,HUGIN FM,HUGIN SAND
VOLVE_15_9-01,1718.4,110.26804187297145,2.5928810828912945,0.1891713182948633,173.89035801422585,71.38777445096282,106.52438603396794,3.601954026683872,9.099311101409317,0.8287766921537865,0.02,0.6023589621657827,1,HUGIN FM,HUGIN SAND
VOLVE_15_9-01,1718.55,102.27735413402813,2.635649223001316,0.15612963379657738,164.56957577224978,72.6073195687191,109.43283140179761,2.9522352331702066,9.280597405391891,0.785521458088104,0.02,0.6493882966220993,1,HUGIN FM,HUGIN SAND
VOLVE_15_9-01,1718.7,95.03290750403039,2.632129053135593,0.1415046647182429,181.17291444798263,75.6497985859627,128.4727779339121,2.750576824325991,9.402039489871166,0.7825369478805406,0.02,0.6046666215452188,1,HUGIN FM,HUGIN SAND
VOLVE_15_9-01,1718.85,100.48838467772848,2.6034849527683592,0.15229836293778376,191.2497948037897,77.73732747391992,128.04505833053094,2.8973015651169867,8.227294745762553,0.8243183462827026,0.02,0.6690918207259948,1,HUGIN FM,HUGIN SAND
VOLVE_15_9-01,1719.0,94.83965476482827,2.5780953674576654,0.14190946305009403,159.1060914539163,73.81381355384696,116.80519887941284,3.013213937608061,8.304500331722268,0.7785905857475257,0.02,0.6497572936245577,1,HUGIN FM,HUGIN SAND
VOLVE_15_9-01,1719.15,95.94192994757643,2.606621748041041,0.13937758308885598,181.492128689938,74.2146130097449,127.27879462522388,2.865951752092225,9.186552554203075,0.7933814318892629,0.02,0.5979763462878599,1,HUGIN FM,HUGIN SAND
VOLVE_15_9-01,1719.3,98.25176423616004,2.65956030087266,0.17533014149341045,348.6395199730584,72.02391143314188,108.41311386107748,2.815035264804039,8.673172932949042,0.7468448324218857,0.02,0.4668663809086963,1,HUGIN FM,HUGIN SAND
VOLVE_15_9-01,1719.45,101.00399242081717,2.6007344541558126,0.12729525913167986,288.43152906879453,72.96618510986083,121.4019636317325,2.9146299987055313,8.85025546287554,0.8151755107867235,0.02,0.5489890384752517,1,HUGIN FM,HUGIN SAND
VOLVE_15_9-01,1719.6,116.34935830342874,2.6021148531080143,0.17090367379949836,172.52900548884006,72.45202187497235,115.58204445563575,3.0791154532450484,10.031079704805348,0.8520370482309625,0.02,0.6535778200885132,1,HUGIN FM,HUGIN SAND
VOLVE_15_9-01,1719.75,108.69624180306073,2.5980483517938033,0.13976356011516072,266.678374852749,69.80414483317277,114.7193509131409,2.966118212188731,8.672711069736437,0.8152046597944813,0.02,0.5269238269240801,1,HUGIN FM,HUGIN SAND
VOLVE_15_9-01,1719.9,111.07896736897528,2.6422956895309904,0.11596777291297548,237.70109321286373,72.80614748644706,104.55407541768894,2.8236794399813934,10.007749817194128,0.8371743754383333,0.02,0.5947676832021526,1,HUGIN FM,HUGIN SAND
VOLVE_15_9-01,1720.05,101.28690795652825,2.6131416857674976,0.1313864710468819,219.75732568555256,76.23586872450315,120.67387315973329,2.8659875000628414,8.88633412614942,0.7676855061240803,0.02,0.6072546825216756,1,HUGIN FM,HUGIN SAND
VOLVE_15_9-01,1720.2,98.87741000389117,2.605481875421017,0.12904980757191187,171.40730232439398,72.89479240484049,120.31565142792664,2.9172282900659137,9.545725464963562,0.7999021616466012,0.02,0.6735491832820559,1,HUGIN FM,HUGIN SAND
VOLVE_15_9-01,1720.35,100.59339005886972,2.646269480343907,0.14619012895186126,222.89557151761767,72.41708829338563,115.55069017744286,2.8001147204831565,8.874083909061344,0.7642572172233872,0.02,0.5607011803442954,1,HUGIN FM,HUGIN SAND
VOLVE_15_9-01,1720.5,97.87400217037883,2.6295898817587107,0.1396441607316274,244.85404801378715,72.78263190465019,122.72869991144455,2.858571000722447,8.920769286295313,0.7854543751897065,0.02,0.5637119271027554,1,HUGIN FM,HUGIN SAND
VOLVE_15_9-01,1720.65,110.59393471288273,2.5996141951657945,0.12183718029426312,177.4136916360117,78.20781867312787,131.24153491270854,3.128727200120748,9.821312113185805,0.8151847837814833,0.02,0.6022581468096699,1,HUGIN FM,HUGIN SAND
VOLVE_15_9-01,1720.8,102.52739254038922,2.593528321778764,0.16864015136212,183.88254951182256,71.28085136738275,109.25654406170945,2.953935807754902,8.72098085391956,0.7947999539488381,0.02,0.6163856346751565,1,HUGIN FM,HUGIN SAND
VOLVE_15_9-01,1720.95,97.47524030802276,2.641163399297599,0.15416600406057926,255.1712102062786,73.98293654464528,122.49266172810086,2.6493026081831963,8.725888787481411,0.7490888264737651,0.02,0.5774893065723248,1,HUGIN FM,HUGIN SAND
VOLVE_15_9-01,1721.1,97.05026039915204,2.618335763274834,0.16448147446351408,206.62994352401014,72.99931677550099,111.83559355466038,3.2049897398129947,8.927276202146963,0.7517357588105736,0.02,0.6385341450874625,1,HUGIN FM,HUGIN SAND
VOLVE_15_9-01,1721.25,104.9006183084654,2.5870187196028778,0.13715921881556406,260.8687642301372,73.36310387984454,117.65104341352506,3.0833439639570144,9.123621362779446,0.7494661702280115,0.02,0.5455076594169798,1,HUGIN FM,HUGIN SAND
VOLVE_15_9-01,1721.4,94.33997637007674,2.582337686262129,0.14008859343321883,162.47590822922254,75.0101518611937,123.29688422444805,2.7233734072505604,9.78720303773751,0.8053550319922177,0.02,0.6083145562666175,1,HUGIN FM,HUGIN SAND
VOLVE_15_9-01,1721.55,115.15372569882034,2.5956792256960046,0.16190639895838826,160.65070521304338,75.386186728273,116.4414841089339,2.9269241987772205,8.972180139753641,0.8522345953734392,0.02,0.6387060141243827,1,HUGIN FM,HUGIN SAND
VOLVE_15_9-01,1721.7,103.00414005238589,2.593210308237939,0.13308456656525022,199.31234591503332,77.16694125777519,127.40173694026223,2.8415802341884424,9.991007805373957,0.8308937798911219,0.02,0.5901064934720438,1,HUGIN FM,HUGIN SAND
VOLVE_15_9-01,1721.85,87.58893617087105,2.577078460581971,0.1325270032785272,188.84470836001697,72.73900297399528,113.85562602763294,3.1353811418159263,8.584663809041036,0.7328387478942032,0.02,0.6227621211962593,1,HUGIN FM,HUGIN SAND
VOLVE_15_9-01,1722.0,100.28321508531636,2.59600986026703,0.14129317424020157,170.66823465021142,80.04402681049427,125.1669552597291,2.925669554790469,11.033260163124242,0.8320448815108593,0.02,0.6180613915153753,1,HUGIN FM,HUGIN SAND
VOLVE_15_9-01,1722.15,94.3794862308119,2.599618388767123,0.1133585597789855,174.42330396839796,74.6473392999384,122.96899779760001,2.985445333222808,8.63001678275252,0.8171949741518929,0.02,0.6456757779031815,1,HUGIN FM,HUGIN SAND
VOLVE_15_9-01,1722.3,98.79917279997474,2.6087463742323083,0.1339136717894865,248.71527580473168,67.9082075778932,104.47326740621202,2.9621611160315484,8.84380351110278,0.7424304112847003,0.02,0.5935843287878516,1,HUGIN FM,HUGIN SAND
VOLVE_15_9-01,1722.45,93.84924862199047,2.651858200902554,0.1280870517025914,205.64676006586288,75.67244967942553,116.64174214026538,2.7039730940549216,8.960249821322096,0.7793759302497165,0.02,0.6138580076492763,1,HUGIN FM,HUGIN SAND
VOLVE_15_9-01,1722.6,103.83989376892666,2.6126631345580345,0.13830141267421783,229.28680535054923,75.76661787639054,126.43236880237528,3.281079233591431,8.907622714821887,0.8210163730305595,0.02,0.5759853240667,1,HUGIN FM,HUGIN SAND
VOLVE_15_9-01,1722.75,107.08325337728927,2.6146485032451157,0.14792649084951492,204.95472630132772,74.35440735348789,119.50983752520528,3.132466011436704,8.653538797648215,0.8043386129101056,0.02,0.5711379986134705,1,HUGIN FM,HUGIN SAND
VOLVE_15_9-01,1722.9,92.72118399303773,2.6281851072759785,0.15768424473636683,148.84798501933187,72.35576366068781,108.49862438058403,2.8505232797900266,11.931578224800706,0.7482238803775623,0.02,0.6471369881097077,1,HUGIN FM,HUGIN SAND
VOLVE_15_9-01,1723.05,100.18068681296468,2.613253638578669,0.12384755389128248,162.17772919769143,67.93587022758625,112.97559925607906,3.0383723841990684,8.964997089120573,0.8054863713482804,0.02,0.6349464336305007,1,HUGIN FM,HUGIN SAND
VOLVE_15_9-01,1723.2,87.13992792847972,2.626003059277734,0.1216742477680336,222.4716152931183,66.78352275595242,104.82063024830664,3.1948235829694775,8.324604689676745,0.7227027471374715,0.02,0.5272625658301213,1,HUGIN FM,HUGIN SAND
VOLVE_15_9-01,1723.35,97.1395066131953,2.6236122975390344,0.12166880737483211,205.27077967653258,78.70861916842956,118.91872397167998,3.011148202551518,8.534900386399457,0.7798030753468557,0.02,0.6046590938367982,1,HUGIN FM,HUGIN SAND
VOLVE_15_9-01,1723.5,115.79698132933889,2.6204517713119846,0.1264388038276602,322.1290017517501,72.81914760185386,103.97406110715798,3.311350837333618,10.37612724774683,0.8202827705576003,0.02,0.4891460284905088,1,HUGIN FM,HUGIN SAND
VOLVE_15_9-01,1723.65,103.59278343065527,2.673329321688379,0.12606091209032516,207.66388645265772,76.79383341109938,127.38720494292107,3.5835701683835612,8.302654101783483,0.7863486064221376,0.02,0.5690325737416705,1,HUGIN FM,HUGIN SAND
VOLVE_15_9-01,1723.8,96.87173760283252,2.636222516880887,0.13164266228680224,184.06032891576493,68.7704559060261,105.73313911908392,2.974775652817723,10.24470006993484,0.7704777862873743,0.02,0.6410947197172076,1,HUGIN FM,HUGIN SAND
VOLVE_15_9-01,1723.95,99.05988924263663,2.5963655603058653,0.15348321643788462,237.8803181494922,71.26486288727314,107.80455676314452,2.883494051391827,8.806660001257805,0.8117718886688969,0.02,0.5992492871651112,1,HUGIN FM,HUGIN SAND
VOLVE_15_9-01,1724.1,102.1145658141286,2.625404443723783,0.14850533549424005,237.750577335386,76.48544553378424,125.57372700598476,2.802118149595855,8.818866890561763,0.8139761346569554,0.02,0.6121384738803881,1,HUGIN FM,HUGIN SAND
VOLVE_15_9-01,1724.25,103.89922455791074,2.6021652638668056,0.12241386653982322,379.8856972262285,74.33596442910253,122.96650106810833,2.5572850753809426,11.733554936781704,0.8236733768099215,0.02,0.45840795071696583,1,HUGIN FM,HUGIN SAND
VOLVE_15_9-01,1724.4,99.87722607742678,2.626925015281197,0.16741885060437817,213.28378705081553,75.98775406610615,117.6448915127967,3.249629010289929,9.65833544073833,0.8102376275069008,0.02,0.5856586073452628,1,HUGIN FM,HUGIN SAND
VOLVE_15_9-01,1724.55,105.1779307862946,2.5904962516578345,0.1613003010886549,205.50510673808,74.45070963009248,123.68433870617785,2.9293012379873438,10.172716647032628,0.8160803663940942,0.02,0.6240127211095888,1,HUGIN FM,HUGIN SAND
VOLVE_15_9-01,1724.7,96.73196696674628,2.5958444110383203,0.12276450448840856,215.06784004454275,73.6520797747272,128.11779224512915,3.175071149494013,9.230377073355486,0.8052547833373509,0.02,0.6271909287711224,1,HUGIN FM,HUGIN SAND
VOLVE_15_9-01,1724.85,95.3396156481761,2.6248781512498023,0.1631109873485451,142.0027525373407,71.94703778349586,121.84857680844887,3.215290434177764,8.327467740672985,0.7908584634010258,0.02,0.647800324587026,1,HUGIN FM,HUGIN SAND
VOLVE_15_9-01,1725.0,101.4449451753242,2.6379533822719603,0.14431871755204106,247.6637103555764,70.2919852722254,118.42246191154543,2.7838059540137956,8.763280201258983,0.7851996620007703,0.02,0.5875470110115596,1,HUGIN FM,HUGIN SAND
VOLVE_15_9-01,1725.15,92.78322925697749,2.6280528869750603,0.13312316450696793,204.4676402305249,77.87840661126056,126.17609618867955,2.813837161050962,9.229387735020525,0.7750151371031524,0.02,0.5867967504997383,1,HUGIN FM,HUGIN SAND
VOLVE_15_9-01,1725.3,99.45592057652178,2.6350823466907043,0.13896818138254796,260.46383833692295,77.77947138411787,122.22856318694399,3.3489373778900866,9.451014921289316,0.7453772032864114,0.02,0.5196572895154303,1,HUGIN FM,HUGIN SAND
VOLVE_15_9-01,1725.45,96.43519720262903,2.6254763711752767,0.13238974240003748,214.69015761607756,70.10791224410717,111.89322932608769,2.9859869700412798,8.650588576645774,0.7527010554169863,0.02,0.578309239666436,1,HUGIN FM,HUGIN SAND
VOLVE_15_9-01,1725.6,89.24880689364585,2.6214499219806466,0.14677791991157324,271.61494715236415,70.3079422702385,114.69641565069541,2.867942492576259,9.319501565802014,0.7725089788129674,0.02,0.5314739405240002,1,HUGIN FM,HUGIN SAND
VOLVE_15_9-01,1725.75,100.39029053244163,2.6079261345148312,0.1419191445225763,257.02518999203545,72.88305844739412,110.3253337225561,2.790965341019157,8.769305017234169,0.7878188937330199,0.02,0.5068271621296351,1,HUGIN FM,HUGIN SAND
VOLVE_15_9-01,1725.9,94.79751055695543,2.634260036174336,0.13676186371229343,234.05153287081635,75.65935634562112,117.20806061496151,2.9717088439197776,9.097312548037614,0.8234025650515832,0.02,0.5557118010099461,1,HUGIN FM,HUGIN SAND
VOLVE_15_9-01,1726.05,102.42660055985121,2.6384975846565326,0.0962620814139927,173.83508125838438,73.1950275890927,109.97329342763541,3.3015788841956555,9.578099436545052,0.7785241106481359,0.02,0.6720164785846393,1,HUGIN FM,HUGIN SAND
VOLVE_15_9-01,1726.2,100.65695034029262,2.6167376861734044,0.1519655276335,216.82814159613073,75.85814377185802,122.54896314642991,3.1370875963526252,9.294089362572839,0.8094791788057432,0.02,0.592415693566059,1,HUGIN FM,HUGIN SAND
VOLVE_15_9-01,1726.35,111.33350814830584,2.6156614791644266,0.13422913716769438,202.80476238615253,74.24921885522312,119.21401978033468,3.036352469262159,8.867399722319004,0.8113482849028604,0.02,0.6175733536220264,1,HUGIN FM,HUGIN SAND
VOLVE_15_9-01,1726.5,103.66012597933494,2.6498281162344446,0.15130139812575527,222.3833658456408,73.25843536669902,113.94995325937536,3.31770418871821,9.867311863778738,0.7716164395523357,0.02,0.5690601193057979,1,HUGIN FM,HUGIN SAND
VOLVE_15_9-01,1726.65,95.31546607182348,2.6175915644036754,0.14903180956601322,302.3638660503334,81.32901065304279,134.22891307176718,3.2791550329941015,9.409918573203472,0.7959887221366589,0.02,0.5125940656684028,1,HUGIN FM,HUGIN SAND
VOLVE_15_9-01,1726.8,88.08691622822566,2.6195137174073193,0.1286108455886157,200.3897510960585,72.00294088677887,109.98170358920466,3.066824442144505,9.513356399082294,0.7704275320782394,0.02,0.6413339158699571,1,HUGIN FM,HUGIN SAND
VOLVE_15_9-01,1726.95,98.83759698143525,2.627684518155058,0.16300676897742902,326.67981946616413,79.42944136592463,123.63793248459321,3.5552239315072267,9.030606157312379,0.8169800343725487,0.02,0.49995910331898513,1,HUGIN FM,HUGIN SAND
VOLVE_15_9-01,1727.1,94.51096246866024,2.616043874880917,0.14349249978853998,235.09109779066094,78.43001140995041,129.3906506804832,2.950515368881298,8.780369743488897,0.7959711103453905,0.02,0.5746016992640341,1,HUGIN FM,HUGIN SAND
VOLVE_15_9-01,1727.25,104.50074419569587,2.601593193545138,0.13438662604436763,239.51609677092304,74.4974497326614,123.83999847288892,3.2196056994318387,8.992600724766422,0.7407584606453727,0.02,0.5831217941511088,1,HUGIN FM,HUGIN SAND
VOLVE_15_9-01,1727.4,99.13328342667748,2.6255593115104703,0.1343717705643344,218.01359966170983,68.00946906393106,104.8365194887455,2.9214006789915747,9.028249537291341,0.7808932286639815,0.02,0.6094924507706871,1,HUGIN FM,HUGIN SAND
VOLVE_15_9-01,1727.55,108.04805669973695,2.6172248997995533,0.17743052900082928,285.42901823528905,74.76442777189334,120.78329745874554,3.1805696872838842,8.928386923745318,0.8250627650402222,0.02,0.5749703492856232,1,HUGIN FM,HUGIN SAND
VOLVE_15_9-01,1727.7,96.70126817732168,2.6548449951294897,0.12119743816557305,329.44478161154746,72.02095209414486,111.33948714673663,2.950322563287045,10.633108124755449,0.7697518183165748,0.02,0.5028774713422237,1,HUGIN FM,HUGIN SAND
VOLVE_15_9-01,1727.85,98.97943046268539,2.6337689710058476,0.13177456383622194,234.88932048023057,73.9940126857085,117.40372262924708,3.0922736631834042,8.905587537891568,0.7881870305693538,0.02,0.5603264445540342,1,HUGIN FM,HUGIN SAND
VOLVE_15_9-01,1728.0,99.95301334706757,2.60609035427114,0.11385774203462971,212.78294443971052,70.79502561433364,113.99122795369165,3.4780271819765103,8.689102335102373,0.7906962995748643,0.02,0.5637709904914762,1,HUGIN FM,HUGIN SAND
VOLVE_15_9-01,1728.15,101.09709776868465,2.6325812043838073,0.14595209708710447,240.99419539283105,75.2944372525654,123.27293059818432,3.1903703602762548,8.461862828453574,0.7427831702707623,0.02,0.5482552763234748,1,HUGIN FM,HUGIN SAND
VOLVE_15_9-01,1728.3,101.49057366250591,2.6241573166946193,0.1266714144267406,170.99103752055538,76.90020768851907,124.62812736909608,3.0953682225379704,10.229330209452055,0.7887626303592938,0.02,0.6492817186181683,1,HUGIN FM,HUGIN SAND
VOLVE_15_9-01,1728.45,89.17576592735807,2.64418852603891,0.12027681754138103,285.7148206926082,76.30374346298848,123.45180124348278,2.8450594415643216,10.418326067428952,0.7311835278393831,0.02,0.5228999194448578,1,HUGIN FM,HUGIN SAND
VOLVE_15_9-01,1728.6,104.72212192968186,2.6075109157434193,0.12272897983988232,188.96216308795618,72.09915884858319,109.96616247219808,3.037645740900645,9.55225812420467,0.7537847498868396,0.02,0.6054843886879597,1,HUGIN FM,HUGIN SAND
VOLVE_15_9-01,1728.75,99.95181326316545,2.6217735229671906,0.14191110793929565,221.47589165919416,71.07928064293274,115.66823222522989,2.7983994996850967,9.027115700277191,0.8043777974536528,0.02,0.6136031910969916,1,HUGIN FM,HUGIN SAND
VOLVE_15_9-01,1728.9,97.04652546069894,2.61601812701815,0.11233869159115736,153.26784774362437,74.8722286873244,122.55089265570054,3.1773952696474064,9.728987576142746,0.7823592218956019,0.02,0.647180520442264,1,HUGIN FM,HUGIN SAND
VOLVE_15_9-01,1729.05,83.24916700599466,2.619169588461166,0.0894456633893861,181.12986460393697,78.6796321279704,129.3320840551883,3.172375527937968,8.86419375084348,0.7620704580762089,0.02,0.586489543836016,1,HUGIN FM,HUGIN SAND
VOLVE_15_9-01,1729.2,102.6657503084387,2.600296021019921,0.14677579498885335,179.87068964707862,74.06106413597365,114.90010172020341,2.964072910817282,9.69617995065363,0.7841447616066528,0.02,0.6393999768418739,1,HUGIN FM,HUGIN SAND
VOLVE_15_9-01,1729.35,98.51182477485492,2.6295182333582634,0.09300267994415554,198.14824994694962,74.89673580076693,124.41270536414514,3.3327063973767417,9.748261929234744,0.7684922271215316,0.02,0.5866116612317545,1,HUGIN FM,HUGIN SAND
VOLVE_15_9-01,1729.5,98.66999473708265,2.62635928551699,0.15261491323861043,170.80515531266957,72.86951733689573,110.00505343014905,3.3045792138739984,10.079690897894176,0.7702143837270856,0.02,0.6175339414473657,1,HUGIN FM,HUGIN SAND
VOLVE_15_9-01,1729.65,97.94863195748967,2.643704472338436,0.16953280022182468,251.15198391270545,72.44122207979561,113.75186455745273,3.0299293196891908,8.778035605039433,0.7890816348741448,0.02,0.5264024360998815,1,HUGIN FM,HUGIN SAND
VOLVE_15_9-01,1729.8,93.09785595915277,2.6177994829602644,0.12877964785785198,327.67889189353974,75.08671100735386,118.76114220029535,3.1131022243308943,8.656882006285985,0.7470941595770177,0.02,0.4571143440585498,1,HUGIN FM,HUGIN SAND
VOLVE_15_9-01,1729.95,96.2699408583531,2.6097632098350374,0.16143908471204965,197.35107463341492,73.24502980166872,110.88000237015348,2.88230855641178,9.202716553737638,0.7696615051842657,0.02,0.6147507942335724,1,HUGIN FM,HUGIN SAND
VOLVE_15_9-01,1730.1,99.38448996669811,2.6337858875588807,0.13330753310028565,185.25154468869587,74.55292360007466,117.83112270259545,2.9455638945406823,10.081093738556547,0.7586177432743337,0.02,0.6141944792842615,1,HUGIN FM,HUGIN SAND
VOLVE_15_9-01,1730.25,96.59086407869022,2.602115912368006,0.1599773629923839,192.6144666766025,74.09152587994129,119.65384597963006,2.7843984572072857,10.470420421832594,0.7199502654055101,0.02,0.6048851962792472,1,HUGIN FM,HUGIN SAND
VOLVE_15_9-01,1730.4,94.09121642629799,2.639699690701679,0.12179097090747942,236.49380976369147,74.00126091071589,109.27315654797874,2.9043326020558005,9.267096096497413,0.7394355196649576,0.02,0.5607840301617534,1,HUGIN FM,HUGIN SAND
VOLVE_15_9-01,1730.55,107.0390155955669,2.639656839948274,0.09474603979661406,175.70357596536348,76.11605608952809,119.81224782439071,2.9791222271488382,8.962814509100514,0.8136245065682433,0.02,0.6838484645809916,1,HUGIN FM,HUGIN SAND
VOLVE_15_9-01,1730.7,98.48163927503883,2.643145578022688,0.13504888645491137,257.6743449451229,71.16393231332525,105.12028704000379,2.667926550668991,8.765895202634779,0.777647475580276,0.02,0.5756503518872317,1,HUGIN FM,HUGIN SAND
VOLVE_15_9-01,1730.85,91.44164596405491,2.6255324596935896,0.16304786079664613,207.03341059578597,69.94639152141703,122.12192035585197,3.1153627949992244,9.497088891205292,0.7259239795228757,0.02,0.6042461448404811,1,HUGIN FM,HUGIN SAND
VOLVE_15_9-01,1731.0,94.29188009791093,2.6082700723480445,0.1385411591030833,204.1202455941402,72.42104091141489,116.93612154293375,3.204425654105255,8.533939855420952,0.7189452865618328,0.02,0.6109153972187539,1,HUGIN FM,HUGIN SAND
VOLVE_15_9-01,1731.15,90.52787648761293,2.6201837545261073,0.12389060160832033,158.41324432680682,73.34059152975989,117.97409286677086,2.998416453018135,8.587273471113361,0.7613137745271814,0.02,0.6799061403456099,1,HUGIN FM,HUGIN SAND
VOLVE_15_9-01,1731.3,36.71197291479452,2.3071072578979255,0.2422921873922941,4.46381262704556,85.39809652488809,137.79732149811664,1.2605515883122989,8.724268797203036,0.11103559336208711,0.2190588250022864,0.38310919701913443,0,HUGIN FM,HUGIN SAND
VOLVE_15_9-01,1731.45,22.810217693618043,2.230870853091438,0.28309401389771177,3.9029306751629673,91.42169549744095,149.29731594890967,1.7494014471169805,8.476211814653558,0.05811713917105159,0.254953946253003,0.35050049643985787,0,HUGIN FM,HUGIN SAND
VOLVE_15_9-01,1731.6,29.59396165051762,2.305569295405382,0.24558807275823252,6.104957402578902,91.23669468803557,150.86948575002955,1.521322757526504,8.426155491121639,0.10244838368880463,0.23193314398320125,0.32162724588587516,0,HUGIN FM,HUGIN SAND
VOLVE_15_9-01,1731.75,21.871326440553382,2.2713531639451316,0.3074301528738572,1.8876407827069734,93.0901666654999,141.12649702072653,1.6780761934926498,8.92103157681732,0.07331351025406845,0.24390532462889933,0.4654874034093442,0,HUGIN FM,HUGIN SAND
VOLVE_15_9-01,1731.9,31.383271695807025,2.2386815739500374,0.2470342225132557,2.882262878775213,94.09545004198414,157.1036080543084,2.0903872601257047,8.916001386397578,0.0764090153596266,0.24592122933970145,0.40994324996031506,0,HUGIN FM,HUGIN SAND
VOLVE_15_9-01,1732.05,35.11105301303773,2.304075493284666,0.2630461381487885,3.455140631308788,83.99500796148973,140.62113920846986,1.313105383426093,8.324408693242683,0.02171457369991854,0.23973873765290576,0.3951924274046907,0,HUGIN FM,HUGIN SAND
VOLVE_15_9-01,1732.2,32.91002830543417,2.294482111883221,0.2520685985488419,1.990449983831335,83.62555412910427,133.46915355227915,1.6367274950225283,8.81830088316099,0.08942538537727727,0.22341604601261428,0.5487628276793792,0,HUGIN FM,HUGIN SAND
VOLVE_15_9-01,1732.35,33.040517859400865,2.283531638894397,0.20898450647020836,3.7055930630772207,84.3977655545069,134.44278143379503,1.9659139223709787,8.289326675107851,0.05076411539194977,0.21536643765537705,0.3976564716768998,0,HUGIN FM,HUGIN SAND
VOLVE_15_9-01,1732.5,44.95210351855757,2.2390925570735605,0.25088259210351294,4.018779812644273,90.36478577896676,129.06985326322646,1.659614776090268,8.74865068432009,0.08621614770521709,0.24643897529468384,0.32699877405656347,0,HUGIN FM,HUGIN SAND
VOLVE_15_9-01,1732.65,30.384090530647462,2.3035705049465474,0.2607889833068466,4.349955622126592,86.88086665762577,132.7894308411933,1.644313964565615,8.444846804359262,0.035408539895231385,0.2351157293729746,0.3671523832189207,0,HUGIN FM,HUGIN SAND
VOLVE_15_9-01,1732.8,27.3161079368781,2.2919343747643226,0.25919724522943816,4.013005493668088,88.05671422763697,143.48498914553497,2.2064812337215054,8.501912999713912,0.06465440168229698,0.24660332722500877,0.33705720006225637,0,HUGIN FM,HUGIN SAND
VOLVE_15_9-01,1732.95,28.456235948153203,2.272040776329979,0.26601621612076576,2.95724718308917,89.19552333723095,148.71592467111898,1.8756774786821049,8.626569212544853,0.06941135749297254,0.2488430779622744,0.36750498751875316,0,HUGIN FM,HUGIN SAND
VOLVE_15_9-01,1733.1,30.108375569325634,2.2650148307496147,0.23244840159612784,3.748173225112982,92.34849247147432,151.4017725649429,1.9868604822063953,8.586190186073386,0.05373773187590111,0.2571070888888298,0.3625418394250399,0,HUGIN FM,HUGIN SAND
VOLVE_15_9-01,1733.25,28.485689584498044,2.313972803277574,0.24884492135942926,4.818154412128155,82.97866320897994,132.38728580547644,1.8989339435748438,8.743742491745312,0.0700017137979228,0.2252246911864988,0.3582742945860244,0,HUGIN FM,HUGIN SAND
VOLVE_15_9-01,1733.4,26.90059715691821,2.2633983612799966,0.26174030586907604,4.9333079046426676,96.70408529543619,164.35589997554013,1.8323394783197557,8.44965205398104,0.04937928585247757,0.24858747610955303,0.31184966048797347,0,HUGIN FM,HUGIN SAND
VOLVE_15_9-01,1733.55,33.479697854392334,2.211291802642426,0.2826381215192364,1.6802894414546212,93.46487450071017,154.56967698297197,2.0528049819944245,8.58923078548186,0.03740450850626196,0.27830564569612015,0.45762143423549334,0,HUGIN FM,HUGIN SAND
VOLVE_15_9-01,1733.7,40.06257710874878,2.2465269823659693,0.2818185459053363,2.591628779895984,95.30912315623218,150.52546495624694,2.1810693208934575,8.532069859648043,0.10454521794618647,0.25891892595222676,0.4131559676057756,0,HUGIN FM,HUGIN SAND
VOLVE_15_9-01,1733.85,25.0640801661729,2.2594922434546465,0.2581861487004147,3.596959466599564,89.31826361763979,153.81977504799073,1.463296615077871,8.232900080353788,0.08735307975174963,0.2532675408801372,0.38185732219051294,0,HUGIN FM,HUGIN SAND
VOLVE_15_9-01,1734.0,24.00251773553395,2.2190813145497215,0.2531004142867035,2.1632692987117443,92.59151972671151,142.66559538920544,1.7929365287625907,8.608524664192583,0.03256174026352682,0.2600542033248439,0.41465041355484517,0,HUGIN FM,HUGIN SAND
VOLVE_15_9-01,1734.15,29.514625943377972,2.29952205285683,0.234152039729066,2.8598637191722225,87.70360630024562,132.96656897770572,1.7913602503203145,8.6910342202287,0.07194366187310457,0.2281982010808825,0.412211462304401,0,HUGIN FM,HUGIN SAND
VOLVE_15_9-01,1734.3,31.046096902732724,2.2534091364467037,0.2616347559644567,2.602760585984282,94.23728478582656,148.67412872170289,1.7141445529375505,8.358655220408407,0.0321121281253312,0.26610200031202297,0.3905681750747017,0,HUGIN FM,HUGIN SAND
VOLVE_15_9-01,1734.45,32.458977188356734,2.234385898389255,0.30354280081424845,2.7308831957993993,89.60455038533878,139.57407972643912,1.9962121258946877,8.47332027004448,0.018353676271878457,0.25717915815260267,0.40698100651990493,0,HUGIN FM,HUGIN SAND
VOLVE_15_9-01,1734.6,46.528773637344266,2.246549988382281,0.27913954920454187,2.901234752598896,94.98301542828247,150.14816661281748,1.8513775365038114,8.425517652206937,0.08440983122078782,0.24824065994455194,0.39931968655416916,0,HUGIN FM,HUGIN SAND
VOLVE_15_9-01,1734.75,22.84012096376397,2.251159872668475,0.23612856277642671,3.041392984160302,85.13276327639491,140.20287472423746,2.185094572888556,8.459325725112572,0.001773552054497668,0.25523190844768606,0.40141813846592883,0,HUGIN FM,HUGIN SAND
VOLVE_15_9-01,1734.9,30.54063396363148,2.2550812125392747,0.2914598810417657,3.1695418184735193,91.81910021059772,146.74066247893296,2.0200532818592207,8.856480063642794,0.08020292142464866,0.23870352278285153,0.42916649147128333,0,HUGIN FM,HUGIN SAND
VOLVE_15_9-01,1735.05,32.15287369875161,2.216258206110598,0.2526186619609843,3.1434318284729597,90.73536988997274,145.13510798585747,2.072940487557765,8.930981452994734,0.04431603811118993,0.2546283884730321,0.3889557481849971,0,HUGIN FM,HUGIN SAND
VOLVE_15_9-01,1735.2,25.868816799519273,2.2637654250161723,0.26308994218016685,3.5360503454174466,87.48775506522634,140.27448218540667,1.5601671560027532,8.006301141294694,0.045051583097827044,0.2557430973662071,0.3700957502545424,0,HUGIN FM,HUGIN SAND
VOLVE_15_9-01,1735.35,30.298302602513125,2.234393343517223,0.2815442112026464,2.2245056581338076,96.54466612893589,142.9098383414235,1.6387828151965895,8.637023354966466,0.06319065168384956,0.25411726955144254,0.46315208557785026,0,HUGIN FM,HUGIN SAND
VOLVE_15_9-01,1735.5,29.369051193249085,2.2715921842788336,0.20751083971414774,4.038839889641345,94.00696384065937,142.83483960546465,1.6552617090260453,8.72131907350317,0.06783412354912435,0.2367354920597314,0.3642051600760656,0,HUGIN FM,HUGIN SAND
VOLVE_15_9-01,1735.65,14.276977865963012,2.256680928871585,0.2372235197282876,2.9512922299018824,81.57995896388434,128.60137801506784,2.06462376045009,8.621052198622758,0.02510786816298849,0.2381978564426587,0.39492304047026383,0,HUGIN FM,HUGIN SAND
VOLVE_15_9-01,1735.8,32.35451103904388,2.245008857146027,0.2682517143796751,2.2126582190161854,93.37098516515161,145.17893225750387,1.6065647427736383,8.916746282807583,0.07092994619248574,0.26907889947014557,0.409874404394699,0,HUGIN FM,HUGIN SAND
VOLVE_15_9-01,1735.95,29.056635231370496,2.2066754879907937,0.29968902888237287,2.5120708718947924,97.07660172338828,154.16362532169066,1.6124131301578477,8.874949299430023,0.052299368714573156,0.2877425219843042,0.3531869180011902,0,HUGIN FM,HUGIN SAND
VOLVE_15_9-01,1736.1,32.374250643800664,2.213668429625738,0.2787064999256163,3.71097807874091,93.04413159086434,155.8912524434234,1.575728916519889,8.228806576499018,0.01071679360543331,0.26969798721949245,0.33087391881605527,0,HUGIN FM,HUGIN SAND
VOLVE_15_9-01,1736.25,29.093694084065024,2.2526259893850487,0.238485234446663,4.261707623541912,92.08958006520578,146.97108061736327,2.3506054437757506,8.568689435914989,0.04280254785666579,0.23361003957481016,0.3632731633135071,0,HUGIN FM,HUGIN SAND
VOLVE_15_9-01,1736.4,27.165844861154213,2.277987504761866,0.23902389718803957,3.5939712978185905,91.66050574058693,140.04596809632415,1.7715536180667752,8.911433581626953,0.08883770792342183,0.22817118696310604,0.3702404697182462,0,HUGIN FM,HUGIN SAND
VOLVE_15_9-01,1736.55,32.94331530836972,2.2693897816025244,0.2808906221846087,4.7789046146251914,90.94812941574615,141.55150812887047,1.905977603311813,8.292930712676954,0.0971979965607088,0.24500829524779347,0.32452787088626933,0,HUGIN FM,HUGIN SAND
VOLVE_15_9-01,1736.7,20.997150274958365,2.2275608618729654,0.2826003859591399,3.040985164792331,99.2517968855012,167.35575456176318,1.5718765364009595,8.53135670906842,0.06792173148043691,0.26638240763039356,0.3561517653181673,0,HUGIN FM,HUGIN SAND
VOLVE_15_9-01,1736.85,19.913694344944915,2.2593769856269414,0.2478604784571287,3.0018754324454515,91.28905385385785,153.72495602346763,1.9918516799839958,8.418606309860692,0.01019245811519083,0.24550310953881122,0.3847938866662853,0,HUGIN FM,HUGIN SAND
VOLVE_15_9-01,1737.0,33.88920197418278,2.2590897936299426,0.25894095498820513,2.2785853925202018,88.618056454579,144.76827750557084,1.4452666749515026,8.746961288885876,0.060122864562292565,0.24696511347465847,0.4498340385761177,0,HUGIN FM,HUGIN SAND
VOLVE_15_9-01,1737.15,30.454417492234505,2.267112577656981,0.29607229763819615,2.4697360011094314,88.46502450583687,133.73162385586235,1.6041994509599113,8.923730228078089,0.07043283886318757,0.24878959185811364,0.41742441841763794,0,HUGIN FM,HUGIN SAND
VOLVE_15_9-01,1737.3,35.89974710352369,2.2328283605275434,0.27358968137920703,7.029837807275608,95.29155292662739,154.0005093581246,1.6537252201056,8.549116464494132,0.06618111480035113,0.26020903461947226,0.25852760952159337,0,HUGIN FM,HUGIN SAND
VOLVE_15_9-01,1737.45,21.574421765258226,2.272092983285135,0.24164737245661252,2.845271082682266,86.75295250346181,140.72320950129242,1.8437743077016548,8.567063164592959,0.06746192652261541,0.2418170535775343,0.42102876369465103,0,HUGIN FM,HUGIN SAND
VOLVE_15_9-01,1737.6,28.94763905262602,2.266143957837513,0.19754083770237973,4.9097107005683975,85.73815668094716,137.30875173146666,1.6413835371825614,8.189255902312393,0.05431522146573455,0.22757353625474072,0.35718697714493447,0,HUGIN FM,HUGIN SAND
VOLVE_15_9-01,1737.75,26.493654107137232,2.277821367549288,0.24196847977488636,2.5129462542610885,90.91167042304583,142.60861739882654,2.1047996202191337,8.803908608974043,0.040749648411328,0.26453477999388625,0.40375389825778657,0,HUGIN FM,HUGIN SAND
VOLVE_15_9-01,1737.9,32.076000056099865,2.2008382891802225,0.2714637685162081,2.6568505697361755,94.05372800683072,148.67280959158046,1.900644640885285,8.42996204083919,0.024176390979303516,0.2771778277709078,0.37549615433325967,0,HUGIN FM,HUGIN SAND
VOLVE_15_9-01,1738.05,28.363813840833114,2.2277714954592835,0.2642701910574143,3.884395481264321,90.48906159063763,141.58392400908485,1.6620793147831434,8.47153498830873,0.0,0.2664377279364972,0.3593906186956586,0,HUGIN FM,HUGIN SAND
VOLVE_15_9-01,1738.2,33.1160902835115,2.247913705170549,0.2550167918198244,2.6137042227267577,87.07604757105152,133.5963063218873,1.9995234154137003,8.72939283344736,0.05162978455863164,0.25838475332823446,0.3794771489694825,0,HUGIN FM,HUGIN SAND
VOLVE_15_9-01,1738.35,37.12739391804851,2.246843529465614,0.2608402823161553,3.8069268581934597,92.86969923611734,155.42145795512897,1.7213430857453884,8.699152558163364,0.046529933975031655,0.2468379126789844,0.3820127647790204,0,HUGIN FM,HUGIN SAND
VOLVE_15_9-01,1738.5,95.0920773440905,2.618156495884989,0.12220749104223909,197.3564066997622,72.10049097796536,119.77235453989306,2.8819126725519775,9.471576004174768,0.757184346216035,0.02,0.6636255524693226,1,HUGIN FM,HUGIN SAND
VOLVE_15_9-01,1738.65,98.16024566141544,2.6179135054931355,0.1066862800997838,239.64932560853686,78.22661454006412,123.73793605118604,3.179163129499059,8.911294927240618,0.6998404366832827,0.02,0.5782941216507305,1,HUGIN FM,HUGIN SAND
VOLVE_15_9-01,1738.8,91.86762240837456,2.5997192381485323,0.14607706591152703,169.94916401550225,74.25852858236337,120.57453727362024,2.5094350848223606,9.311588795247832,0.758827928029192,0.02,0.6513251850678176,1,HUGIN FM,HUGIN SAND
VOLVE_15_9-01,1738.95,95.65503492010184,2.626771788510793,0.1674817167832397,197.6062551423402,77.98413269929708,126.723116770828,3.146963413345742,8.61000080532832,0.8006255123045296,0.02,0.6566579469836418,1,HUGIN FM,HUGIN SAND
VOLVE_15_9-01,1739.1,99.14500503261905,2.5850155632348253,0.10898497253211224,184.54721365982016,74.87969447414814,131.52192894901734,2.8573810411572684,8.56420009651145,0.740855496580288,0.02,0.625158926353269,1,HUGIN FM,HUGIN SAND
VOLVE_15_9-01,1739.25,87.41206783393633,2.6530541688483322,0.13529921968359887,274.81937658204714,76.8384891356289,127.30442602158477,2.8570785392695255,8.732025688013119,0.736166016062951,0.02,0.5011438638124014,1,HUGIN FM,HUGIN SAND
VOLVE_15_9-01,1739.4,98.80994477324938,2.6338594176995676,0.09392009099137827,169.84107207632306,74.81704154272057,123.88111456199346,3.3916273869845446,9.30487214058949,0.7468012276963641,0.02,0.6495720011169897,1,HUGIN FM,HUGIN SAND
VOLVE_15_9-01,1739.55,101.31824708895412,2.6307824471530674,0.11021189178600546,204.26730154732172,74.83586042204858,119.92728174062442,2.893757445646038,9.60984123053779,0.7980176960036578,0.02,0.5862852440943179,1,HUGIN FM,HUGIN SAND
VOLVE_15_9-01,1739.7,97.41557185287992,2.583267157751335,0.11410306482404427,176.9738847071836,75.56681979338124,118.73479187735911,3.1911829265524783,9.287812976822337,0.7058558758905848,0.02,0.6173931268209141,1,HUGIN FM,HUGIN SAND
VOLVE_15_9-01,1739.85,95.20993562487912,2.6021494265341394,0.15402529619962846,279.25411082579717,80.47152801738744,135.667996091128,3.0558489458330045,8.769853871023841,0.7421805836805638,0.02,0.5439525334421484,1,HUGIN FM,HUGIN SAND
VOLVE_15_9-01,1740.0,92.88368032377029,2.645786902416101,0.11116814613056313,249.52994836761016,71.59291141414172,117.81001885045768,3.0765982050699145,9.214944162094037,0.7116151114978174,0.02,0.5242308312841825,1,HUGIN FM,HUGIN SAND
VOLVE_15_9-01,1740.15,95.82440106535304,2.701024827940792,0.11148547908478668,158.74567341442085,74.92911277385474,115.73887066789558,2.9498915484345836,8.905229441293226,0.7187165905339844,0.02,0.6845094140017554,1,HUGIN FM,HUGIN SAND
VOLVE_15_9-01,1740.3,91.33718103153723,2.6418938493011406,0.13069610687236707,216.40547802603095,72.81751339706663,118.7773542070058,2.9394568995314203,8.779634257605114,0.733162408229854,0.02,0.5422495691270504,1,HUGIN FM,HUGIN SAND
VOLVE_15_9-01,1740.45,95.0554682872789,2.638738868205019,0.1369308824725707,171.76847212857837,75.18007176142227,124.47504526037969,3.3055976780323784,8.81109001788274,0.774594734997158,0.02,0.6599087524517347,1,HUGIN FM,HUGIN SAND
VOLVE_15_9-01,1740.6,102.20661676003171,2.6284994845622838,0.1224570593251402,175.6143704664339,74.05110084342742,108.00260656801957,3.1860920139576465,8.735403115836506,0.7877312585348907,0.02,0.6125403936322932,1,HUGIN FM,HUGIN SAND
VOLVE_15_9-01,1740.75,95.78758501217978,2.6010500560857963,0.17172552196289573,199.6843958516545,66.63025009188627,101.9964661840947,2.90006380827979,8.619867507905022,0.7466739374508732,0.02,0.5733711783172534,1,HUGIN FM,HUGIN SAND
VOLVE_15_9-01,1740.9,91.50228631208141,2.6379034816640066,0.12291197869338118,215.44501459824642,71.99867266754396,117.01170039826987,2.7908247718621144,9.135208085000343,0.7214616410379243,0.02,0.584647048094867,1,HUGIN FM,HUGIN SAND
VOLVE_15_9-01,1741.05,101.25803182777337,2.5959758532580612,0.14333267700561692,274.26923589486756,77.31012886605964,114.07389966655165,2.883105253323867,8.784523695789153,0.8070731823817021,0.02,0.547592229887945,1,HUGIN FM,HUGIN SAND
VOLVE_15_9-01,1741.2,101.27757775480896,2.593788296697203,0.11981406221781848,226.6758096091195,70.25433385979794,103.57627834625023,3.196299054010157,8.516920855487403,0.7189976864801823,0.02,0.5856115869635932,1,HUGIN FM,HUGIN SAND
VOLVE_15_9-01,1741.35,90.63631769635867,2.59252941349123,0.1359332360799575,277.28103196907233,75.21734664080581,118.995445923318,3.2357383549332814,8.82878660673513,0.7142253655795594,0.02,0.5308055939790698,1,HUGIN FM,HUGIN SAND
VOLVE_15_9-01,1741.5,87.01647502491652,2.6375144529300316,0.146346371864598,239.0099572531875,72.2737902492398,118.0957856942584,3.1109887204031863,8.712709199751714,0.6776481378034378,0.02,0.5542722516253321,1,HUGIN FM,HUGIN SAND
VOLVE_15_9-01,1741.65,89.83299578221438,2.61685171890145,0.1691209848425549,171.18291735264012,73.04188986123249,119.55594231247758,2.6766458137583165,8.702205749729378,0.7723180726897564,0.02,0.6487854000054059,1,HUGIN FM,HUGIN SAND
VOLVE_15_9-01,1741.8,96.89547220831321,2.6200171619980877,0.11860821844066782,215.1298178712528,76.06791708197616,129.62066509461917,3.1507558161057427,8.394987196045669,0.759023546306303,0.02,0.6113165977197738,1,HUGIN FM,HUGIN SAND
VOLVE_15_9-01,1741.95,104.47947154735434,2.617691921258986,0.16232388351205432,242.89375266061484,76.25415862883014,122.41797324557572,3.260715640720581,9.506901817361559,0.8020531999068671,0.02,0.5374824350280341,1,HUGIN FM,HUGIN SAND
VOLVE_15_9-01,1742.1,94.48192305774043,2.5954856691760355,0.1341003518847089,210.13309416888006,73.17920594608592,115.22346524643486,3.0347113091356075,10.471673469637878,0.6873782366245903,0.02,0.6198378773330706,1,HUGIN FM,HUGIN SAND
VOLVE_15_9-01,1742.25,98.91491355350229,2.6045853818796516,0.15534414094501672,230.5734571071316,76.66482177578327,116.126916910477,3.3959606111203335,10.492463012958888,0.7723560583721012,0.02,0.6024768294161733,1,HUGIN FM,HUGIN SAND
VOLVE_15_9-01,1742.4,99.15426074209076,2.605591475874931,0.12770203487775406,214.88302626120947,73.38457766964709,115.49218618930016,2.735805868818222,8.72585116145739,0.7302641355440668,0.02,0.5631699772427531,1,HUGIN FM,HUGIN SAND
VOLVE_15_9-01,1742.55,100.08611965953932,2.589894571055493,0.12904334398194287,172.46107753156866,68.2738898273778,112.77587026378812,3.136961504089395,9.81781066292196,0.7518943963172433,0.02,0.6341771340906195,1,HUGIN FM,HUGIN SAND
VOLVE_15_9-01,1742.7,94.95875545151837,2.607915798093993,0.14038903655068574,219.3641802956464,70.59226986545717,116.71124280216706,2.7959557283074,8.40363869980417,0.6778316242427058,0.02,0.5663391454239616,1,HUGIN FM,HUGIN SAND
VOLVE_15_9-01,1742.85,103.15351873142045,2.596373870872075,0.15472333241696676,214.13082550294575,68.17405703777254,110.40158629407853,3.21170838169275,8.56337193267952,0.7708632153056069,0.02,0.5444008975963963,1,HUGIN FM,HUGIN SAND
VOLVE_15_9-01,1743.0,104.09745928643925,2.6295535125773397,0.1638105717602424,149.83346174767615,75.14158254302653,122.96210674531605,3.1225721711482057,9.134326418177608,0.7499744032200314,0.02,0.6888828065384895,1,HUGIN FM,HUGIN SAND
VOLVE_15_9-01,1743.15,93.00488383637958,2.6312194212793365,0.13268676637618476,243.27818618807612,75.35404155350223,126.94838428097653,3.3602711633525457,9.15613312489866,0.7247721017811666,0.02,0.5881422583898006,1,HUGIN FM,HUGIN SAND
VOLVE_15_9-01,1743.3,89.12600049389091,2.592127217547202,0.12959006119314453,190.88505087751048,75.89222055917776,121.80391211028422,3.0999417181416447,8.771683539464568,0.7448556916389312,0.02,0.5910374472675685,1,HUGIN FM,HUGIN SAND
VOLVE_15_9-01,1743.45,95.01836065993962,2.61206736471504,0.07611834988671463,266.72032002192634,73.67934029590258,124.72353866219531,2.9191987963879176,9.319088220593201,0.7021028099106581,0.02,0.5621005843866679,1,HUGIN FM,HUGIN SAND
VOLVE_15_9-01,1743.6,96.09173611097894,2.655121197626334,0.09386263686803814,172.50898163325925,75.21882173856055,116.71688058520016,2.9017859575157945,9.74582022890846,0.7072523175196322,0.02,0.642973982228769,1,HUGIN FM,HUGIN SAND
VOLVE_15_9-01,1743.75,100.3287210456873,2.598384742046434,0.11866035328388203,288.7318087621983,67.64624137020428,107.8675309696244,2.9499645517974478,8.723928690764621,0.7103025692503326,0.02,0.5587218453679977,1,HUGIN FM,HUGIN SAND
VOLVE_15_9-01,1743.9,94.88517046382151,2.626532756355901,0.09820837719029618,282.1600544141194,71.21124000997987,111.5338178666657,2.8978551917548296,8.994320339438596,0.6681970387681366,0.02,0.4951601186898607,1,HUGIN FM,HUGIN SAND
VOLVE_15_9-01,1744.05,105.90204803638434,2.6201104386800576,0.14866369408297256,231.50407639693128,68.90939640348304,114.2185599042679,3.269421794169457,9.067536530570038,0.7492072184953843,0.02,0.5628532824538163,1,HUGIN FM,HUGIN SAND
VOLVE_15_9-01,1744.2,100.17391984091216,2.639857751156818,0.10760165961991484,152.81690380278633,72.26862167511486,110.55737244722654,3.2551276553523447,8.774099302581163,0.7586805256766262,0.02,0.6660428877257275,1,HUGIN FM,HUGIN SAND
VOLVE_15_9-01,1744.35,92.78402149904603,2.623909336827148,0.11519491638986723,178.0985140575722,77.04822226871468,121.66832825242604,2.7006865110115297,11.452696923525183,0.7014733530458199,0.02,0.6242236139866018,1,HUGIN FM,HUGIN SAND
VOLVE_15_9-01,1744.5,87.66671470020182,2.609374090441525,0.1206409916743311,251.55349885818435,76.1005810853442,112.46254728243747,3.0076720286165295,8.502828728397889,0.7325434769140058,0.02,0.5792622604412087,1,HUGIN FM,HUGIN SAND
VOLVE_15_9-01,1744.65,94.34366144909276,2.6193352824294576,0.15115251236776106,181.99282306087974,74.43120964605954,122.06181586154459,3.012498303360029,8.806054165652231,0.7137176713318143,0.02,0.655103058481568,1,HUGIN FM,HUGIN SAND
VOLVE_15_9-01,1744.8,91.69401955546337,2.6196273988790746,0.11750344029300706,207.66824377124357,72.24756801731806,121.83006020633631,2.8437409436398706,10.806388409040999,0.7311214351559996,0.02,0.629133541987894,1,HUGIN FM,HUGIN SAND
VOLVE_15_9-01,1744.95,92.75116979844424,2.6161660963543434,0.1343539577261417,199.10883968664143,69.22997769535418,115.32150406906717,3.087649998414769,8.51267070073137,0.7020381024345461,0.02,0.5697569625486335,1,HUGIN FM,HUGIN SAND
VOLVE_15_9-01,1745.1,91.19855520248282,2.5916177708935195,0.12800778982035096,242.01609723326783,72.61023868733952,120.23951996709212,3.2921701675656005,10.253126908732023,0.6939577817993109,0.02,0.5724418417847392,1,HUGIN FM,HUGIN SAND
VOLVE_15_9-01,1745.25,98.76264905481845,2.642861772151958,0.15080889777826312,178.09908775462475,76.53444457137593,126.65211329410123,3.1783617967906532,9.002746148546311,0.7516208537954504,0.02,0.6145771427359068,1,HUGIN FM,HUGIN SAND
VOLVE_15_9-01,1745.4,92.6989841305797,2.6393286717572866,0.14466583421854895,215.78707851553418,73.75448555794028,121.505646034887,3.2694136777884006,8.748726499144349,0.717743554508129,0.02,0.5464287188692479,1,HUGIN FM,HUGIN SAND
VOLVE_15_9-01,1745.55,103.76816970066285,2.5971162194626025,0.13632025365892478,207.02625816278916,69.0114684212884,113.49032758659185,2.856306430492868,10.959312763190116,0.7799270394421045,0.02,0.6069783651080989,1,HUGIN FM,HUGIN SAND
VOLVE_15_9-01,1745.7,79.80895145528896,2.611985487356325,0.0941131460946947,208.60749176341454,72.88903753759261,120.01702734829132,3.007301554553334,9.791280922681056,0.7202602423122554,0.02,0.6043537409243411,1,HUGIN FM,HUGIN SAND
VOLVE_15_9-01,1745.85,91.5663621872984,2.6134982866129155,0.11897001539052295,303.66027232704323,66.24399317359236,102.71197842820999,2.846870464146771,9.167162755663917,0.6906988874895702,0.02,0.495786354316444,1,HUGIN FM,HUGIN SAND
VOLVE_15_9-01,1746.0,102.72822365245248,2.594869623990008,0.13283632093570905,229.26518993797302,75.68060934283164,120.0880077309314,3.0478860141161133,8.94578240726252,0.7549028921756807,0.02,0.5900048515243093,1,HUGIN FM,HUGIN SAND
VOLVE_15_9-01,1746.15,104.33059589943193,2.5806640746447544,0.13621547943750428,241.5346097912301,70.82368272572636,113.66910866470474,3.0658901818214495,10.145670732947675,0.7366352984963248,0.02,0.5789127802806131,1,HUGIN FM,HUGIN SAND
VOLVE_15_9-01,1746.3,98.87785361343722,2.604588146961753,0.116119497497971,204.72071180452102,69.2833825207595,109.17488633971765,3.191967601080181,8.13534531863273,0.7391373360159148,0.02,0.6462946018027905,1,HUGIN FM,HUGIN SAND
VOLVE_15_9-01,1746.45,104.92828302979345,2.6108719531949762,0.15571886644745764,254.76348825194464,75.67723786543466,113.25203240452127,3.262698370769391,9.001985179469573,0.7526722938619026,0.02,0.5068018384680191,1,HUGIN FM,HUGIN SAND
VOLVE_15_9-01,1746.6,92.05937717735617,2.5891753333327197,0.12482191025876689,269.7187264483328,73.7880697638809,111.88586668773976,3.1377954327891526,8.687252544830397,0.696996812616447,0.02,0.5633237427997485,1,HUGIN FM,HUGIN SAND
VOLVE_15_9-01,1746.75,92.69163571965669,2.6215395552817093,0.10844898384379123,278.94952276499777,73.11505432724712,118.13396749871276,2.827966027431824,8.500306830304906,0.712392872000225,0.02,0.5630051292318381,1,HUGIN FM,HUGIN SAND
VOLVE_15_9-01,1746.9,95.16359009948239,2.6412571260663267,0.11744046198834054,178.27203336629793,78.9591263432097,130.86348169274513,2.7295654571351564,10.069499729782084,0.7107001250878278,0.02,0.6346635857224283,1,HUGIN FM,HUGIN SAND
VOLVE_15_9-01,1747.05,89.27601847377912,2.6348423229233053,0.16008452132391732,187.98153528881235,73.61015527471197,117.8229579853377,3.104004006141066,8.580569295384745,0.6767577882972047,0.02,0.5743750080209168,1,HUGIN FM,HUGIN SAND
VOLVE_15_9-01,1747.2,88.27339980128157,2.6154662869368255,0.1393694322926695,140.82539972998643,70.37937913471652,126.4311159248174,3.3001042217722425,9.128937801467485,0.7072124962249302,0.02,0.6755684811500975,1,HUGIN FM,HUGIN SAND
VOLVE_15_9-01,1747.35,94.13503220981603,2.581191766069576,0.15419739442256525,177.29090660895693,74.82471337729179,115.12072925289051,2.9950416245863516,8.794520799667364,0.7548550887418477,0.02,0.6332421957178737,1,HUGIN FM,HUGIN SAND
VOLVE_15_9-01,1747.5,87.98466868917835,2.632314046813181,0.10739789200503559,275.50657514893146,71.74238548971786,117.01252749387707,2.694521287573396,9.595458393681355,0.7215308759953593,0.02,0.5696981130891318,1,HUGIN FM,HUGIN SAND
VOLVE_15_9-01,1747.65,91.64143605715492,2.620927843381291,0.10727532812921138,215.79836840282908,75.44386606207598,127.16619875256879,3.416951191341603,8.717962076633432,0.6736794798192494,0.02,0.5879117787737228,1,HUGIN FM,HUGIN SAND
VOLVE_15_9-01,1747.8,88.42578926450264,2.62648702218436,0.10642760156974393,225.56340988183402,72.35373797880713,121.0943663719193,3.097880910032289,8.740046994850102,0.6670403179157922,0.02,0.5563086549062647,1,HUGIN FM,HUGIN SAND
VOLVE_15_9-01,1747.95,95.71364556682076,2.6567220560060503,0.13818536341063228,166.435846840549,74.57610168158266,122.59709699940535,3.0342283032098254,8.521322787200816,0.7633165910590658,0.02,0.6459397818422408,1,HUGIN FM,HUGIN SAND
VOLVE_15_9-01,1748.1,89.64747622836056,2.601503767409387,0.12306874497704724,237.98620568682966,68.0493989825819,114.2303082413416,2.7664057697987245,9.064772418507614,0.7103252106583896,0.02,0.5205376775329662,1,HUGIN FM,HUGIN SAND
VOLVE_15_9-01,1748.25,93.3866578117725,2.560503681337559,0.11420175821818752,276.38024535401456,72.21960771761925,115.8283440864793,3.0032432445790906,8.602885710618132,0.6932776429555196,0.02,0.5409234940580893,1,HUGIN FM,HUGIN SAND
VOLVE_15_9-01,1748.4,95.7964048628981,2.5969309084438046,0.11834097229705894,199.5191921279544,72.08418432348796,123.6491036416835,3.1373768324391107,9.365811412113583,0.7041490943141868,0.02,0.6082292242220022,1,HUGIN FM,HUGIN SAND
VOLVE_15_9-01,1748.55,82.78104622322606,2.627720901365356,0.10427763764400173,223.05601466719824,68.45180515136876,115.93868377396133,3.1006041441107093,8.559817977460831,0.6677222758500209,0.02,0.6358795051911873,1,HUGIN FM,HUGIN SAND
VOLVE_15_9-01,1748.7,90.23060455120292,2.6185385180349607,0.1295648372620997,327.8103876973383,72.59371194085053,111.88880110180811,2.8640225743695136,8.826344814512774,0.7544108200008527,0.02,0.4905748161932958,1,HUGIN FM,HUGIN SAND
VOLVE_15_9-01,1748.85,96.23518272467133,2.5936872774080264,0.14720531106599008,189.35710091998828,73.46939058266092,119.15886462042941,2.9885869434085,9.294815935424333,0.6996066625954342,0.02,0.653030559578151,1,HUGIN FM,HUGIN SAND
VOLVE_15_9-01,1749.0,89.57425578857361,2.589605652336471,0.10255287925482057,206.56190359787442,73.19904004007671,109.38198091648849,2.8767986595926467,8.965365706560657,0.7521044419054378,0.02,0.593124576150231,1,HUGIN FM,HUGIN SAND
VOLVE_15_9-01,1749.15,95.40783270468134,2.610907819683652,0.133777586360445,270.9405222035141,68.18010061694663,116.69710585329317,3.3328323165792786,9.230098908743459,0.7123199845849361,0.02,0.4940772472786226,1,HUGIN FM,HUGIN SAND
VOLVE_15_9-01,1749.3,104.65263947089562,2.5930781066023636,0.16060410675621178,333.06214499061656,72.41731654822507,116.9888636823188,3.1789747957272225,9.084019646031834,0.7533483523907953,0.02,0.4505681136227716,1,HUGIN FM,HUGIN SAND
VOLVE_15_9-01,1749.45,101.29279249319036,2.6284126683650904,0.12401512930693816,243.07528396577936,71.12310846998031,120.54083777230358,2.895133026280072,9.470403088715235,0.7178591418549967,0.02,0.5136134392660849,1,HUGIN FM,HUGIN SAND
VOLVE_15_9-01,1749.6,98.5576054935661,2.6097714622274744,0.1197407571124594,229.93626056633346,73.45964426181052,116.9886432950577,2.766306068228993,10.21400374724889,0.7354551846358489,0.02,0.5944513125984845,1,HUGIN FM,HUGIN SAND
VOLVE_15_9-01,1749.75,98.00186385034502,2.6054576423133655,0.14815486594069768,205.04912420900956,73.04929584857472,107.597535863893,3.055563016446252,9.494501265212666,0.7311349081445727,0.02,0.5909205705529276,1,HUGIN FM,HUGIN SAND
VOLVE_15_9-01,1749.9,105.41657368002632,2.6028344719415397,0.1095108831400611,208.95028516554206,71.49453690398953,127.57809675173321,2.9014365220565446,8.844291392753158,0.7279688045162531,0.02,0.6250006630903414,1,HUGIN FM,HUGIN SAND
VOLVE_15_9-01,1750.05,81.67293456465768,2.623262454531612,0.12745918973668832,237.6397425084607,71.206412381125,114.58570254573623,2.916338667259479,9.183041052388864,0.719420135569753,0.02,0.5633766817928777,1,HUGIN FM,HUGIN SAND
VOLVE_15_9-01,1750.2,89.3410290935439,2.6188521844752004,0.10446002453009662,256.69098629066235,72.40592196899499,110.84843203338298,2.7729571732879115,8.498599238716695,0.7017127102520744,0.02,0.5302117857533137,1,HUGIN FM,HUGIN SAND
VOLVE_15_9-01,1750.35,102.00120489049165,2.6220391453972516,0.09748021056547543,192.5852661026966,76.37656092708782,127.93130892529497,2.7977182550956514,8.717212537705397,0.7658815331064068,0.02,0.5842851405488774,1,HUGIN FM,HUGIN SAND
VOLVE_15_9-01,1750.5,88.0023711076731,2.621602588876116,0.11910053493602443,227.03744863407084,72.62461759904728,126.37867456469714,3.032534030512105,8.693407082373147,0.6809348015461356,0.02,0.5812109548094194,1,HUGIN FM,HUGIN SAND
VOLVE_15_9-01,1750.65,98.45896229743046,2.616556089268066,0.10093221045212655,202.86716698544552,76.59922287153432,121.54656572216986,2.9466243104315955,8.712916173236561,0.7080007447831083,0.02,0.5992638631826963,1,HUGIN FM,HUGIN SAND
VOLVE_15_9-01,1750.8,92.06806605308655,2.597337388330838,0.12597422608284428,269.6820876818431,75.73059111644936,120.67273373268412,3.499302877204139,9.409543626205847,0.7080509089961845,0.02,0.548357037735235,1,HUGIN FM,HUGIN SAND
VOLVE_15_9-01,1750.95,94.00310745107411,2.6033923974653748,0.15021278430243434,170.89502767838675,77.04833973060349,124.46757474252348,3.1188506865335626,8.720187382070142,0.7194146120988014,0.02,0.6363717186464084,1,HUGIN FM,HUGIN SAND
VOLVE_15_9-01,1751.1,89.57548728581196,2.610106501897221,0.16121488803944772,258.49132608741087,76.15985360952321,116.30091261747664,2.7696609637175973,9.064869219359094,0.6941985327057016,0.02,0.5527397212255087,1,HUGIN FM,HUGIN SAND
VOLVE_15_9-01,1751.25,90.43316318105246,2.6593039047617664,0.12931119300795801,289.35140249443623,77.184262860768,120.04148332932196,2.6928727513965773,8.875435570685095,0.7162707155272923,0.02,0.5470203465419424,1,HUGIN FM,HUGIN SAND
VOLVE_15_9-01,1751.4,88.90818330439905,2.591023273591664,0.1456112636713077,244.5696260394564,68.74083117282574,118.89495919834629,3.07963427773162,8.816076779530826,0.7015129802119715,0.02,0.559034318590177,1,HUGIN FM,HUGIN SAND
VOLVE_15_9-01,1751.55,88.94885728436861,2.6096204699336623,0.1268103463708454,204.3423543806514,73.28975794955977,116.60258052979806,2.920626581054597,9.92424962079639,0.6588739557914183,0.02,0.6271791955225559,1,HUGIN FM,HUGIN SAND
VOLVE_15_9-01,1751.7,88.23306048601289,2.6199653412022097,0.11829438874638391,233.0632658370961,75.95251646177637,117.33624144871614,3.2662949899009313,9.949838346722526,0.7063777401592339,0.02,0.5811234994007372,1,HUGIN FM,HUGIN SAND
VOLVE_15_9-01,1751.85,93.68556247242219,2.61193334493455,0.08243005932395961,300.04886700124,75.82382681924685,119.05791342897858,3.056372767691988,8.743665520390971,0.67283724268385,0.02,0.5430504976516664,1,HUGIN FM,HUGIN SAND
VOLVE_15_9-01,1752.0,90.3571867905226,2.639479390828755,0.15056835785876105,202.09755475644874,68.9296450699073,115.65155054850234,2.6034959380611333,8.516386383729444,0.6535900754474577,0.02,0.6183824101566645,1,HUGIN FM,HUGIN SAND
VOLVE_15_9-01,1752.15,97.89955668651567,2.6118300413899425,0.10544291592227192,164.78281648546528,74.33213620251357,109.05193349839702,2.796115140316494,8.96568421898133,0.7094997313859627,0.02,0.6960623464132262,1,HUGIN FM,HUGIN SAND
VOLVE_15_9-01,1752.3,87.73698394762323,2.613309172016988,0.1556263746403368,204.39923736426792,72.79173671644878,117.7400282330873,2.864943588798574,8.885725735350851,0.7198063760798761,0.02,0.6025760445394102,1,HUGIN FM,HUGIN SAND
VOLVE_15_9-01,1752.45,84.9740234566597,2.634292570272326,0.1388488992019691,160.76132444898437,78.12621358125271,137.31303545521666,3.088407387673648,9.401432338045058,0.720751644111494,0.02,0.6541426162767199,1,HUGIN FM,HUGIN SAND
VOLVE_15_9-01,1752.6,93.5454310399592,2.6542142332583674,0.10874241769208125,157.73036051887985,68.44314824642045,119.66435033071787,2.7894495140302507,9.709204602827665,0.7217511559801896,0.02,0.6446292443227963,1,HUGIN FM,HUGIN SAND
VOLVE_15_9-01,1752.75,100.91608419783303,2.6461499674789666,0.12322220059959288,287.26316549210526,68.79309570415991,112.93496703074922,3.0305635187917153,8.985899505794134,0.6465482224214254,0.02,0.540057479143511,1,HUGIN FM,HUGIN SAND
VOLVE_15_9-01,1752.9,94.362574022673,2.615266922317817,0.1621816898554963,201.1664999517276,66.00789434241825,112.19484399808911,2.7327700357575173,8.816613580538936,0.6634897908652647,0.02,0.5768286462833911,1,HUGIN FM,HUGIN SAND
VOLVE_15_9-01,1753.05,94.74363541968818,2.617009715765352,0.16521178892604657,272.6372869027455,73.87034716893541,124.72668689427805,3.0012370837956905,8.406558186013491,0.7633249153918077,0.02,0.5413952431323429,1,HUGIN FM,HUGIN SAND
VOLVE_15_9-01,1753.2,91.01068492708728,2.618934384895684,0.11062172454299089,240.1899305308822,78.4116522298996,124.82938355039389,3.074005196889643,9.460040669467878,0.6725065711045324,0.02,0.568104858013278,1,HUGIN FM,HUGIN SAND
VOLVE_15_9-01,1753.35,97.23327678038564,2.6209399881692517,0.11406881995709671,257.2327187804192,72.47809982717217,120.58892874029702,3.292302063471592,9.272485472943824,0.7220562341386023,0.02,0.5619823517852945,1,HUGIN FM,HUGIN SAND
VOLVE_15_9-01,1753.5,83.03694751409978,2.6010530377130436,0.12444451135331737,223.87366860002595,72.1318133818389,124.35381650487903,3.0491150847210333,9.645387893766816,0.6829356707133062,0.02,0.56148640335521,1,HUGIN FM,HUGIN SAND
VOLVE_15_9-01,1753.65,98.8945145569097,2.636731875977109,0.12255243891281908,225.597706479102,73.93574477749839,111.97838042837677,2.8366530151498432,10.892143782320602,0.7057514232814387,0.02,0.5510556754154149,1,HUGIN FM,HUGIN SAND
VOLVE_15_9-01,1753.8,89.16052282406936,2.6221321825544557,0.1466226058047084,239.57620061837292,71.50484295722529,117.29100311896846,3.298601017391632,8.892719962465288,0.6841857206123586,0.02,0.5678008757739291,1,HUGIN FM,HUGIN SAND
VOLVE_15_9-01,1753.95,92.9329507866104,2.6171028762236936,0.14277023800683036,188.45713555511142,73.66520542788481,119.67170592505848,2.9633643927584403,9.044740947816322,0.7198563685226285,0.02,0.6195435448700343,1,HUGIN FM,HUGIN SAND
VOLVE_15_9-01,1754.1,92.27868343484359,2.5925770924688183,0.09219689450260149,191.979656597342,73.48553187907277,118.0926734313875,3.154713353620289,9.431121376464832,0.7069448435544664,0.02,0.5831588575443402,1,HUGIN FM,HUGIN SAND
VOLVE_15_9-01,1754.25,96.19946793018941,2.619245724169812,0.1325578744247676,368.07610501187145,69.41791261922468,111.1418267190864,2.877420845765971,9.516421964084127,0.6892291287752625,0.02,0.49067507874480937,1,HUGIN FM,HUGIN SAND
VOLVE_15_9-01,1754.4,84.97038049859805,2.5801357539355836,0.11707021966097646,233.80342213583862,71.30813171579416,115.2513606079228,3.018155651978483,9.567229139150259,0.6710135925221588,0.02,0.5411980495117233,1,HUGIN FM,HUGIN SAND
VOLVE_15_9-01,1754.55,83.95292807984364,2.606367013119355,0.12730181235808644,252.86246233150862,74.60375206447408,120.94386429240596,2.839746413084411,9.610350892774498,0.7103976642501675,0.02,0.5144243316471375,1,HUGIN FM,HUGIN SAND
VOLVE_15_9-01,1754.7,89.868941872423,2.606738045870416,0.12485385829772282,209.22978155436326,74.27239475135724,124.42890806648748,3.064451991069842,8.285613949248898,0.6658333200833976,0.02,0.5893030073241078,1,HUGIN FM,HUGIN SAND
VOLVE_15_9-01,1754.85,82.69669082347332,2.623739903861752,0.15120876103343567,220.20554790559993,76.36339575896997,124.56400653048786,3.1607656190327234,8.516389747732456,0.7148945395193576,0.02,0.6170592300585166,1,HUGIN FM,HUGIN SAND
VOLVE_15_9-01,1755.0,97.66332592864957,2.655597000498906,0.15666456017248978,149.6587843658107,74.79080165389097,118.77589967284369,2.9010401448950893,8.700452453161782,0.7807246726771292,0.02,0.6245448128958471,1,HUGIN FM,HUGIN SAND
VOLVE_15_9-01,1755.15,101.45287629824358,2.6294381493133088,0.11635015284249012,264.1858782902233,74.0833581545648,114.33376575984855,2.889798416122665,10.067370813300553,0.7423000510415736,0.02,0.5608947956475028,1,HUGIN FM,HUGIN SAND
VOLVE_15_9-01,1755.3,96.60089743148897,2.646968041452712,0.12731001524717286,183.7813183761572,74.88485520910605,117.4535557454345,3.0713636436927922,8.597219809916357,0.7232150306731083,0.02,0.6069572056584933,1,HUGIN FM,HUGIN SAND
VOLVE_15_9-01,1755.45,96.61401138233502,2.6309042434620715,0.11587520012239573,240.20317044756513,70.36510642322474,113.89000079155475,2.834996806004042,8.9296536424786,0.6989708531969331,0.02,0.5639105431706362,1,HUGIN FM,HUGIN SAND
VOLVE_15_9-01,1755.6,89.2110594822773,2.640501069793752,0.08285145323702041,262.3444810281526,69.1277791927195,107.07409301893956,2.696411262532903,11.614306454488174,0.6432558174343491,0.02,0.513865472742792,1,HUGIN FM,HUGIN SAND
VOLVE_15_9-01,1755.75,99.90690117116664,2.655142547058862,0.1170576878383723,237.41026474212387,71.02828615908935,118.37464329811607,3.070639283680247,9.774885011348381,0.6616339866026274,0.02,0.6134616919662347,1,HUGIN FM,HUGIN SAND
VOLVE_15_9-01,1755.9,92.32796639116495,2.603363263353955,0.16784640096610146,183.83189360044108,69.13845522332696,112.77180406068742,2.978460564676013,8.704267808176771,0.7396754160994635,0.02,0.6407540125160276,1,HUGIN FM,HUGIN SAND
VOLVE_15_9-01,1756.05,91.34298205588053,2.60205791131737,0.08736806423685597,175.2096495774324,72.93855993001318,122.41933298830615,2.974228121711884,8.506619970870203,0.6773928807456728,0.02,0.628687638277877,1,HUGIN FM,HUGIN SAND
VOLVE_15_9-01,1756.2,87.41004595627969,2.6313762180095464,0.12151978777786646,237.05527925105662,74.91738259531382,116.673716047667,3.104214082916248,9.277123804342724,0.680006824340452,0.02,0.5516846173005128,1,HUGIN FM,HUGIN SAND
VOLVE_15_9-01,1756.35,95.89627322334172,2.617926430918755,0.1232650268924918,180.296168361998,69.95824103890965,107.7778473390142,3.1321500704860825,10.34159803480907,0.6959185986712354,0.02,0.6459186952360245,1,HUGIN FM,HUGIN SAND
VOLVE_15_9-01,1756.5,88.24098500789702,2.622407076656139,0.12609501373236456,246.47683482933488,72.85415480926623,122.2469338261643,2.9677996216825604,8.437291358139662,0.6689353619805212,0.02,0.5542514960277529,1,HUGIN FM,HUGIN SAND
VOLVE_15_9-01,1756.65,96.66541265298781,2.6130266621578526,0.10033158757175442,208.88099253901328,69.5607517431251,111.94697257233793,2.77546611894201,8.722955251986262,0.6639072447975535,0.02,0.6101722395161917,1,HUGIN FM,HUGIN SAND
VOLVE_15_9-01,1756.8,88.76180443636335,2.6060748256595057,0.09636497378406392,235.0722077240206,69.10256490735695,109.55151820726167,2.8722826393657708,9.442750291004236,0.6991145706670866,0.02,0.5625887381117921,1,HUGIN FM,HUGIN SAND
VOLVE_15_9-01,1756.95,96.0472341976898,2.6504152933755005,0.09349899671006257,197.93092559287368,77.81280977740634,127.99379812211214,3.116992786093078,9.579110502591448,0.6738063323063672,0.02,0.5694177915046216,1,HUGIN FM,HUGIN SAND
VOLVE_15_9-01,1757.1,92.39945015942402,2.5960027777236014,0.14835617912458351,336.98345786674884,68.72830111967546,113.27252798470938,3.027280532688996,9.36864701436481,0.6782500263863597,0.02,0.46096611504644835,1,HUGIN FM,HUGIN SAND
VOLVE_15_9-01,1757.25,89.15062106380778,2.6317278451848307,0.10189300642209341,245.85732695928448,67.87160550031388,102.31575011683574,2.890048126848504,10.111228809818368,0.6769781727288703,0.02,0.5666227910978153,1,HUGIN FM,HUGIN SAND
VOLVE_15_9-01,1757.4,95.73439557116822,2.6284845657146088,0.11741220440146588,194.2816865880615,73.13460595576986,123.93859514466223,2.843122702832975,8.883096948551897,0.7160229882301957,0.02,0.5980613948083101,1,HUGIN FM,HUGIN SAND
VOLVE_15_9-01,1757.55,92.17282908119557,2.586419734048595,0.1660924000936536,247.6942380278165,72.84219751823484,114.49548131209889,3.1235645620511856,10.602780927759783,0.6933316541426275,0.02,0.5662720153745963,1,HUGIN FM,HUGIN SAND
VOLVE_15_9-01,1757.7,92.79398893277289,2.601384393400128,0.10954785875633485,164.16939238414858,74.06942600915168,127.01117185335224,2.9556695188875888,8.901249386398852,0.6948864792790931,0.02,0.675125347187985,1,HUGIN FM,HUGIN SAND
VOLVE_15_9-01,1757.85,92.18563904191662,2.6047461887810024,0.13456377260226363,252.94926331751682,78.53578824629572,118.98951812625485,3.150543355754427,8.686504824420338,0.7181052042883007,0.02,0.5362332570202264,1,HUGIN FM,HUGIN SAND
VOLVE_15_9-01,1758.0,87.60196926506359,2.6292916822663317,0.14566030480014994,265.9868690967288,69.75648672343475,113.19737316989715,3.175867159487712,8.778991446518402,0.695893808450932,0.02,0.5595890806800834,1,HUGIN FM,HUGIN SAND
VOLVE_15_9-01,1758.15,89.04284545621631,2.610659297881389,0.14407998435436742,209.64002961998145,70.27010023471597,111.50405437085317,2.937432049942963,9.046123936446836,0.6917705374318838,0.02,0.5413625307302725,1,HUGIN FM,HUGIN SAND
VOLVE_15_9-01,1758.3,84.43325640321669,2.616288203867784,0.10049844332169136,217.20667355116615,77.2804125535959,113.77248670358252,3.1899294969672196,8.555953031745107,0.7141998030837664,0.02,0.5652210919753563,1,HUGIN FM,HUGIN SAND
VOLVE_15_9-01,1758.45,97.61975095610667,2.5888470528603054,0.11374875519351244,200.15708332238347,75.38947851618967,123.9142055161618,3.0276819508923865,9.224380035847444,0.7201053609836161,0.02,0.6468272614421201,1,HUGIN FM,HUGIN SAND
VOLVE_15_9-01,1758.6,84.90858819605128,2.6645182343343063,0.13039108172019026,201.37519603812189,74.48275097263861,109.55271642249676,3.053551647516808,8.838205259037434,0.6956253479676704,0.02,0.6618891941066493,1,HUGIN FM,HUGIN SAND
VOLVE_15_9-01,1758.75,90.64346114538371,2.6194239123747898,0.16394618560276406,296.66811092049124,70.44917210749114,111.26034106715069,2.5622501809776086,9.19747352548251,0.7024389097006548,0.02,0.5550670423642494,1,HUGIN FM,HUGIN SAND
VOLVE_15_9-01,1758.9,92.51295884384162,2.627980017945939,0.1062530504636547,250.50178270478236,75.0787664794339,125.64740375567519,2.805815740335309,8.974216139754509,0.6765550909098574,0.02,0.546266150136797,1,HUGIN FM,HUGIN SAND
VOLVE_15_9-01,1759.05,93.24421914625309,2.6071874902286956,0.11125495436107352,283.1608652719046,74.06317699964912,115.8509033129634,2.816661127224512,8.46379344324026,0.6741814269553004,0.02,0.5239229956568944,1,HUGIN FM,HUGIN SAND
VOLVE_15_9-01,1759.2,84.81881435060609,2.6049474534586428,0.13685265795663948,184.1671009673297,73.20010107484069,112.60149096216752,2.9362690555192863,8.842852647988115,0.7230744635241293,0.02,0.661836608383204,1,HUGIN FM,HUGIN SAND
VOLVE_15_9-01,1759.35,92.30914457240436,2.6562536930990706,0.13939587762359346,199.13595164487438,70.68224497951633,117.09337432003618,3.0228702015307554,9.599512265077259,0.7133514205108396,0.02,0.6497306464990669,1,HUGIN FM,HUGIN SAND
VOLVE_15_9-01,1759.5,95.09739549913456,2.5796655678598674,0.14065561482588176,221.69574515839693,72.76349129514227,115.17399581958064,3.031050065008195,8.499605875269971,0.7136702315988468,0.02,0.5885519794802148,1,HUGIN FM,HUGIN SAND
VOLVE_15_9-01,1759.65,92.56283316360552,2.6235729413686153,0.10934038683587328,297.37622747162357,77.28446121645905,121.62983947288538,3.0571493893582504,8.426686339184933,0.7084500275504619,0.02,0.5225550484497946,1,HUGIN FM,HUGIN SAND
VOLVE_15_9-01,1759.8,98.35609288316068,2.593769922177842,0.11457332898993236,282.066155624618,68.9166689726717,116.64163274212135,2.863011081746766,8.901886876417644,0.7014286115241365,0.02,0.5249954551844284,1,HUGIN FM,HUGIN SAND
VOLVE_15_9-01,1759.95,89.3819737754556,2.6098999769120597,0.13245372127240035,214.28700387823926,70.18976243265773,106.46722621647949,3.1382725927549675,8.410605138283715,0.7209579818424066,0.02,0.6047938670719516,1,HUGIN FM,HUGIN SAND
VOLVE_15_9-01,1760.1,83.92875870421933,2.6052381106465194,0.15446827523441348,172.73025198132413,70.8495325590344,111.06121581710293,3.361857688710318,9.261312805771384,0.728146993212319,0.02,0.6259609938860207,1,HUGIN FM,HUGIN SAND
VOLVE_15_9-01,1760.25,98.16067839057345,2.598280446331615,0.1243498683156275,292.9579042284516,71.48680985970357,118.71113083087458,2.9293350225101746,8.984165591034921,0.7274636663866404,0.02,0.4950568596649346,1,HUGIN FM,HUGIN SAND
VOLVE_15_9-01,1760.4,88.54301873028363,2.6187088345941265,0.12412519777997005,214.64588299085136,72.06562137798977,109.14525742723605,2.8672663665132703,10.27849444155363,0.6971415718776429,0.02,0.5732769760363987,1,HUGIN FM,HUGIN SAND
VOLVE_15_9-01,1760.55,86.67998400743284,2.5666394170538784,0.11075409493410047,140.6046117901765,75.88206824152421,130.2880449851197,2.8629336352178254,10.65889135374858,0.7418177578459244,0.02,0.6837351218316465,1,HUGIN FM,HUGIN SAND
VOLVE_15_9-01,1760.7,91.38287305181449,2.611690230361626,0.16333101296097147,183.7411200855092,73.69643918633594,116.83006527280364,3.0170935653060984,9.286546205915462,0.7071098421541775,0.02,0.5816074923147388,1,HUGIN FM,HUGIN SAND
VOLVE_15_9-01,1760.85,99.48442100062368,2.6161942004930006,0.13097730808120026,158.78531605714787,72.73812970329243,120.75364443232972,2.894847378077399,9.154323244097709,0.7192803275891071,0.02,0.6706910028162633,1,HUGIN FM,HUGIN SAND
VOLVE_15_9-01,1761.0,86.0225553425804,2.5908144690718795,0.14787954574636206,185.3901260329292,73.17757377927133,121.44629393694684,2.653934317383358,11.382978121872975,0.7088296677015148,0.02,0.6256012067582386,1,HUGIN FM,HUGIN SAND
VOLVE_15_9-01,1761.15,103.92479730871902,2.6482643744289875,0.12677397185448255,258.9160528670845,74.19877657350695,117.95660289779899,2.7086496255096657,8.695163164523255,0.7078401846208704,0.02,0.5387130753444932,1,HUGIN FM,HUGIN SAND
VOLVE_15_9-01,1761.3,85.26099866887782,2.6061108325040534,0.12346914126522791,242.19265470299743,66.69338882269251,104.31436155707523,3.204038027893489,8.588325013064374,0.6784253330690645,0.02,0.5695440352531265,1,HUGIN FM,HUGIN SAND
VOLVE_15_9-01,1761.45,93.98812563090752,2.613250315150703,0.09823551380445159,217.37688637633988,75.81697812479618,121.09234218990291,3.2563588080246753,9.310605191523688,0.7216112774766186,0.02,0.5907736713157504,1,HUGIN FM,HUGIN SAND
VOLVE_15_9-01,1761.6,93.57503963840595,2.606155616721706,0.09488587059716548,223.98975401823307,71.41090890347637,117.82087548301408,3.319977917591595,8.528770160171417,0.7860073866067789,0.02,0.5689766375773583,1,HUGIN FM,HUGIN SAND
VOLVE_15_9-01,1761.75,90.70935854846961,2.6163686775913884,0.1484612202445974,232.33651626428116,70.62921768751798,108.07462408022448,3.0452608877558753,8.867928874403713,0.6894874400525215,0.02,0.5392278308752094,1,HUGIN FM,HUGIN SAND
VOLVE_15_9-01,1761.9,91.1113967131158,2.644162881870121,0.12700348400405237,182.2484154343509,73.25028192761795,111.18415814053321,2.8018188984092376,9.793278660697423,0.7029487981253598,0.02,0.667173069043536,1,HUGIN FM,HUGIN SAND
VOLVE_15_9-01,1762.05,82.86744169872796,2.6674603160784693,0.12725736963402193,253.89468329639845,71.69429013922685,122.13187783153109,2.912396770168564,9.549549694821192,0.6875253811619305,0.02,0.5384145833639316,1,HUGIN FM,HUGIN SAND
VOLVE_15_9-01,1762.2,104.33413600639362,2.632912784074013,0.09797418994805349,173.5968390711073,73.35815998888825,113.69878063005672,2.7017224730040303,9.199515069946008,0.6863684332804113,0.02,0.6409323338045574,1,HUGIN FM,HUGIN SAND
VOLVE_15_9-01,1762.35,93.53058012628627,2.6397598753394353,0.11405545218841132,214.53776119918803,73.54438185460705,119.4414303775133,2.6940216020916052,8.788665409251232,0.747444904961892,0.02,0.5835842475703168,1,HUGIN FM,HUGIN SAND
VOLVE_15_9-01,1762.5,87.22549628697284,2.6523285496295417,0.14340047540191492,202.1185247207136,70.9225945227105,112.46513019184128,3.0510525421125454,9.770526475869708,0.6810295691947682,0.02,0.5842769042642719,1,HUGIN FM,HUGIN SAND
VOLVE_15_9-01,1762.65,95.1204814554759,2.622977421535329,0.15786914182531447,186.20783007365452,76.49844336259362,121.60818132403274,3.1078023098814036,8.525835994733614,0.6871084427232381,0.02,0.6155497537289001,1,HUGIN FM,HUGIN SAND
VOLVE_15_9-01,1762.8,96.18446856369162,2.6494050174722372,0.10564798416710046,234.07641439586928,73.37065852170393,124.54500224166452,3.3916747111452485,8.500327539638738,0.6538230962836766,0.02,0.547618995239869,1,HUGIN FM,HUGIN SAND
VOLVE_15_9-01,1762.95,95.12211814772819,2.633848022647808,0.13525587704258746,192.24872411929553,72.65318014545038,115.81924229393299,2.983381284762801,8.57509887849356,0.6788414085021756,0.02,0.6135226382253793,1,HUGIN FM,HUGIN SAND
VOLVE_15_9-01,1763.1,80.78632552411437,2.6208797471862315,0.12136717150507523,351.2590189702614,73.25644923610385,115.42618813667677,2.72843303783888,9.868955703880333,0.6504444856762874,0.02,0.47436186072546704,1,HUGIN FM,HUGIN SAND
VOLVE_15_9-01,1763.25,94.5438517654965,2.625006820689029,0.12570674759532421,201.84058895716646,70.46965504146134,111.40286988496368,2.9756159232489936,8.864926893243362,0.7207821759791915,0.02,0.6198450222144892,1,HUGIN FM,HUGIN SAND
VOLVE_15_9-01,1763.4,90.25889311653928,2.5815716607326435,0.17493247860640468,351.18473475138876,80.41342165249516,126.14418254860472,2.94350816017732,10.30855802703248,0.7859553213522553,0.02,0.4940600901770948,1,HUGIN FM,HUGIN SAND
VOLVE_15_9-01,1763.55,95.163520746247,2.6238423852089228,0.11460174919475846,250.0300091784758,68.72919267877904,106.61625482292125,2.9017536646403106,9.821949445873189,0.6911052141014233,0.02,0.5777642278955041,1,HUGIN FM,HUGIN SAND
VOLVE_15_9-01,1763.7,78.78769554839423,2.587125049591074,0.1426515731209495,231.59769625991743,71.55448202562685,111.98993692642357,3.068749913494975,9.076095973986101,0.652248802537332,0.02,0.6202367900271242,1,HUGIN FM,HUGIN SAND
VOLVE_15_9-01,1763.85,90.2772088307617,2.585494616967778,0.1370388065231692,197.1229799587594,71.89876652179055,123.35407699930796,2.7571054941787945,8.870688333284592,0.7294022678821882,0.02,0.6318604456675753,1,HUGIN FM,HUGIN SAND
VOLVE_15_9-01,1764.0,89.65524498178141,2.6218575737805043,0.12177471750313199,288.31678177218043,70.81175740044263,116.85625597601035,3.0261442865651924,10.423213919622457,0.6807500263361891,0.02,0.5213044839527596,1,HUGIN FM,HUGIN SAND
VOLVE_15_9-01,1764.15,97.686383119758,2.595718428095999,0.15869510711442938,237.23998023200403,71.64119821822477,112.89993440486128,3.130312653143896,8.74639017905527,0.7416984243584521,0.02,0.5461013075028598,1,HUGIN FM,HUGIN SAND
VOLVE_15_9-01,1764.3,89.66542776098451,2.6178577249739323,0.12996600714418863,260.5047093041288,69.74331228710157,116.49757783245664,3.2839475540463927,9.178027060758362,0.6944221145048538,0.02,0.5560430323353244,1,HUGIN FM,HUGIN SAND
VOLVE_15_9-01,1764.45,97.58474704403156,2.6207686903869973,0.12068617886549197,195.40853846381972,75.4169905429227,112.73121586173949,3.062075169807188,9.222505318277337,0.6840981964249173,0.02,0.5967652520453819,1,HUGIN FM,HUGIN SAND
VOLVE_15_9-01,1764.6,94.91558795737578,2.6216609920163427,0.15227209090134758,263.61723276064606,68.51365794181227,116.50024446547798,3.2086240901038554,9.672849505504368,0.6978883162780462,0.02,0.49006983538122867,1,HUGIN FM,HUGIN SAND
VOLVE_15_9-01,1764.75,97.20686666470442,2.599917571859158,0.15390615490867474,238.8268362630534,75.64347967381639,127.50534632724084,2.911220791938781,8.466011397511831,0.7261393988882461,0.02,0.5995556408740459,1,HUGIN FM,HUGIN SAND
VOLVE_15_9-01,1764.9,85.04587850196273,2.635973647649624,0.1485543448628976,176.8977697116242,74.05095699613896,129.66320126394055,2.9391419451841547,8.581476853296289,0.6967671895988006,0.02,0.6070516255696434,1,HUGIN FM,HUGIN SAND
VOLVE_15_9-01,1765.05,98.94009947127394,2.616215295270678,0.04557537629952292,234.99179374220228,70.80485502255078,118.34552523147454,3.2695694082431284,10.360750332991708,0.6888764208794413,0.02,0.5750360672202832,1,HUGIN FM,HUGIN SAND
VOLVE_15_9-01,1765.2,87.29526227739811,2.626821513603423,0.13350446093391136,177.76891444867042,73.72794564060064,120.15088574428688,2.7256831150072367,9.953269770327621,0.6980061894609544,0.02,0.6182679052409389,1,HUGIN FM,HUGIN SAND
VOLVE_15_9-01,1765.35,96.95895290770918,2.59407120772106,0.12414430292893683,235.11131773859606,71.01656415591528,120.08220457380519,2.9193719395508815,8.801979643791988,0.6660130604502495,0.02,0.593665126051385,1,HUGIN FM,HUGIN SAND
VOLVE_15_9-01,1765.5,103.15774871465757,2.61443344886408,0.1267450087551793,257.5138871751364,69.19261749605715,107.57914083682347,3.225689261345193,8.513008710437145,0.7162818255792602,0.02,0.5705518347038333,1,HUGIN FM,HUGIN SAND
VOLVE_15_9-01,1765.65,89.40598405079474,2.6399458896654022,0.12984196329362602,337.2464331275404,67.91821511787694,106.69206173009236,2.957777657049498,8.810187243101561,0.6509758040944829,0.02,0.4813082732153704,1,HUGIN FM,HUGIN SAND
VOLVE_15_9-01,1765.8,95.84926185201718,2.637403552636174,0.12893092118212224,235.00348888241535,73.9656290470133,118.02378238295408,2.942879593625749,8.971704541879868,0.6914652248802112,0.02,0.5970102215426045,1,HUGIN FM,HUGIN SAND
VOLVE_15_9-01,1765.95,78.72509136774292,2.602054146341512,0.1427240802144814,242.86809467407127,74.53643522011345,126.10270400668348,2.9469335766866975,8.875234826500165,0.7277862124529186,0.02,0.5536570954743766,1,HUGIN FM,HUGIN SAND
VOLVE_15_9-01,1766.1,91.88504514826795,2.607088836188503,0.12178822262235252,281.79806618116004,73.1823620799513,112.81238756401093,3.0234303549694492,9.25364851629286,0.7143163918496825,0.02,0.5684277863118274,1,HUGIN FM,HUGIN SAND
VOLVE_15_9-01,1766.25,99.21096409296585,2.5982262653987234,0.1584375113825322,205.6487104843006,71.45863688584546,109.52351052950446,3.217216768383848,8.634995318193047,0.723159325193349,0.02,0.6240290084561589,1,HUGIN FM,HUGIN SAND
VOLVE_15_9-01,1766.4,96.4766692999212,2.604871741634782,0.1411380174539051,153.37148569310563,71.67325654823341,115.85990086820854,3.1848463036646426,8.383900848984823,0.7037275574563239,0.02,0.6651849364086148,1,HUGIN FM,HUGIN SAND
VOLVE_15_9-01,1766.55,89.29685496282981,2.590018649185869,0.14200127652607974,205.8260811139275,72.01343982394565,118.80915620369237,3.002291448299792,8.517541109404226,0.7410049647718863,0.02,0.6036734832594653,1,HUGIN FM,HUGIN SAND
VOLVE_15_9-01,1766.7,93.25109328790215,2.6152364825518304,0.13995784702241335,184.20788012513947,67.60699990757288,104.65579697241624,3.2184777134981593,8.927054815266523,0.7338916156551738,0.02,0.6312207265188456,1,HUGIN FM,HUGIN SAND
VOLVE_15_9-01,1766.85,80.69701741692582,2.6306627679636567,0.15111222342818426,260.80426142713566,72.74930605454391,119.75097945112992,3.0683585926659473,9.074432646760744,0.7197773151887532,0.02,0.5271342274989814,1,HUGIN FM,HUGIN SAND
VOLVE_15_9-01,1767.0,96.83925931365086,2.602298942723978,0.15060369539047885,163.75718393124498,74.42668987053105,125.9247005031017,3.1718240335641665,10.159337801191597,0.7344662643451272,0.02,0.61611605835329,1,HUGIN FM,HUGIN SAND
VOLVE_15_9-01,1767.15,84.87671325557997,2.6161878743467764,0.1271551198686228,215.32752945275547,72.96090118827442,122.7397503686567,2.7943261051814003,8.867544331085204,0.7294037395969903,0.02,0.599400824995239,1,HUGIN FM,HUGIN SAND
VOLVE_15_9-01,1767.3,96.57883434855754,2.6135900318473726,0.14390059467112856,150.49310180848428,77.35669912334596,125.53718243999477,3.3477105466866126,9.767090904925015,0.6939625803644176,0.02,0.6533001531406343,1,HUGIN FM,HUGIN SAND
VOLVE_15_9-01,1767.45,94.2871036739122,2.6391023746319644,0.12354443328030165,179.35672332057246,68.49809869610483,109.14396916932284,3.0440426108290857,8.890352691803825,0.6670892565297384,0.02,0.5568288531574838,1,HUGIN FM,HUGIN SAND
VOLVE_15_9-01,1767.6,91.05486901375265,2.6057681632639116,0.16638069859703575,208.09614959811395,70.59231055158939,121.6258150607801,2.450338130536437,9.910015933288099,0.720281085113528,0.02,0.5878024446759398,1,HUGIN FM,HUGIN SAND
VOLVE_15_9-01,1767.75,96.41688687530815,2.6064956778469828,0.15060272552047252,161.09856961463777,73.05547956032211,116.96578726897263,3.331905434693871,10.142216440982505,0.7243211286635548,0.02,0.6541120619557061,1,HUGIN FM,HUGIN SAND
VOLVE_15_9-01,1767.9,94.30238593902358,2.601079577434153,0.1186265708277021,188.05814016323828,73.71980139043542,122.6534553227727,3.0010109862421324,8.6464256617068,0.7409250479929066,0.02,0.6016258247781395,1,HUGIN FM,HUGIN SAND
VOLVE_15_9-01,1768.05,90.84733918844276,2.59524980959843,0.16867389359958704,180.69119261760014,66.07433143299875,115.51033768872588,2.920901207769721,8.489441653170681,0.6803978654038781,0.02,0.5327022905568,1,HUGIN FM,HUGIN SAND
VOLVE_15_9-01,1768.2,84.01336004018705,2.628583699828939,0.08019550405347099,133.14270435036957,73.60960076939583,121.951701629183,2.87886338696256,9.587184062583619,0.6815753384884505,0.02,0.7161542652110413,1,HUGIN FM,HUGIN SAND
VOLVE_15_9-01,1768.35,96.78322907678289,2.61529778407339,0.14117462001430192,244.17853062758297,73.37195387878961,112.40967004152832,3.0879003737068738,8.970087883066176,0.7228501680061404,0.02,0.5471004122350054,1,HUGIN FM,HUGIN SAND
VOLVE_15_9-01,1768.5,83.97875165025455,2.619096197196466,0.11215612362379423,198.22784982473755,65.95596386352739,99.33442827510238,2.8223222162125423,8.781920294194096,0.707207134751333,0.02,0.5931771363479237,1,HUGIN FM,HUGIN SAND
VOLVE_15_9-01,1768.65,77.89127208224436,2.643492823123908,0.15560295781118344,216.64394973820876,70.88111911837497,111.92164348908446,2.8846187074658536,9.9932919244395,0.653062346251487,0.02,0.5975781116767268,1,HUGIN FM,HUGIN SAND
VOLVE_15_9-01,1768.8,92.9029833942505,2.6446416145185574,0.13323395021788279,225.05432841287646,70.16808595578094,115.81643314654063,2.8894243792376626,8.412793328315171,0.721185526079847,0.02,0.6141365332755098,1,HUGIN FM,HUGIN SAND
VOLVE_15_9-01,1768.95,86.13654887213512,2.585075313843304,0.10232319375645471,239.74794798048018,69.90324394815158,114.0691196512626,2.9415505912595528,9.103385352791765,0.6546606870546475,0.02,0.5713860209160743,1,HUGIN FM,HUGIN SAND
VOLVE_15_9-01,1769.1,91.16867970464764,2.6309566934619113,0.11699721794280132,244.04698691578255,67.79931260425882,119.51431049413247,2.896958350053628,9.048548338806647,0.6821807479146199,0.02,0.5799662058480705,1,HUGIN FM,HUGIN SAND
VOLVE_15_9-01,1769.25,93.1352632146692,2.6225129385142236,0.11843105608855788,231.14464007022858,74.44652407093669,121.28971995230575,3.1705628263309724,8.742598541217056,0.7513979017457982,0.02,0.5982977772093417,1,HUGIN FM,HUGIN SAND
VOLVE_15_9-01,1769.4,107.18960075737441,2.608768180017081,0.12877047478930337,214.09619360138416,78.77346438980467,124.4003369399343,3.05421246095954,8.827491526295749,0.7659067624046996,0.02,0.5586753357918414,1,HUGIN FM,HUGIN SAND
VOLVE_15_9-01,1769.55,89.92873897214731,2.6245536737405586,0.11467817509049956,161.35286974057402,72.46522104361613,110.27764315423636,3.0786073476688567,8.414943860058523,0.6750075160552643,0.02,0.6947882155377156,1,HUGIN FM,HUGIN SAND
VOLVE_15_9-01,1769.7,92.84644109753198,2.583472335295584,0.11026430189695394,239.6831263747572,65.7301702641724,111.07045931216257,3.1221204427034577,8.69767916638508,0.7019161284731669,0.02,0.5844252926562812,1,HUGIN FM,HUGIN SAND
VOLVE_15_9-01,1769.85,93.75926799273537,2.647252846855528,0.13241143192486324,180.28159201173796,73.29480887109317,117.24138804770782,2.9813811459668598,8.591145637179032,0.7134010379547383,0.02,0.6287918610275762,1,HUGIN FM,HUGIN SAND
VOLVE_15_9-01,1770.0,102.7738566661824,2.628298881941438,0.14270760009146413,191.78513714482645,72.90383253318016,109.11543321192461,2.7959381341752354,8.47350598709775,0.7658874454888632,0.02,0.5980335907625787,1,HUGIN FM,HUGIN SAND
VOLVE_15_9-01,1770.15,94.18976402783561,2.6006960451033465,0.10477336210408056,235.66801046242006,68.82689438635101,110.23433403273798,3.3610344958753764,8.966843542483128,0.6979965995306661,0.02,0.5767357962414257,1,HUGIN FM,HUGIN SAND
VOLVE_15_9-01,1770.3,93.59721993019558,2.6062917955636093,0.09165640963120558,193.7705272916227,73.20710947978449,112.15268461202015,3.1855069309258823,8.509369049148054,0.6988118992805703,0.02,0.5720213866506886,1,HUGIN FM,HUGIN SAND
VOLVE_15_9-01,1770.45,100.87228507592287,2.583937070489051,0.1402070730718255,230.89370838169157,76.00768672155995,119.48411120274685,3.322565402787117,8.21989513153865,0.7599196268588939,0.02,0.5357085986582056,1,HUGIN FM,HUGIN SAND
VOLVE_15_9-01,1770.6,82.61986839960555,2.611720855003275,0.1360220029984562,200.98203659210867,70.21566515112933,112.37602412402028,3.2069076841922897,9.116429479983017,0.7025572798404369,0.02,0.5880361269460925,1,HUGIN FM,HUGIN SAND
VOLVE_15_9-01,1770.75,85.96806513589412,2.6083453604551883,0.1449763932215768,226.77426283143356,67.95507596521128,104.2022313026631,2.9079257192269035,8.589708769473175,0.7358137198823476,0.02,0.5857687332487327,1,HUGIN FM,HUGIN SAND
VOLVE_15_9-01,1770.9,88.28715578368093,2.591497792257525,0.13155103949007435,183.07779740788564,65.53865686246363,102.42373013516003,2.5304044123342266,9.605551502600115,0.6701836790546121,0.02,0.6450813291756226,1,HUGIN FM,HUGIN SAND
VOLVE_15_9-01,1771.05,91.43453993566918,2.6335340446741955,0.15791156080275875,282.78970215781914,70.36724142431322,108.86698710833456,2.754180714894451,8.671459018936483,0.7097148352534599,0.02,0.5386044446968122,1,HUGIN FM,HUGIN SAND
VOLVE_15_9-01,1771.2,91.11407051468638,2.6435359437938892,0.13975454925617053,218.19176483915038,71.01191512789327,110.03261822302807,3.1273044093416473,8.950706808935212,0.6654212767836352,0.02,0.5563690241573478,1,HUGIN FM,HUGIN SAND
VOLVE_15_9-01,1771.35,25.100084510917526,2.1695776727789617,0.3535185123159043,2.5918407408725046,93.9915634188312,145.34639888447214,1.7796504161327,8.490370528000959,0.0,0.2999219483875928,0.34075297666229587,0,HUGIN FM,HUGIN SAND
VOLVE_15_9-01,1771.5,31.814808148066376,2.207159392634777,0.3411342903608625,1.9164946712510438,90.71182571083462,142.72509831431978,1.716030028216851,8.70662246311364,0.041110352376792905,0.27295479356768465,0.4702096254136283,0,HUGIN FM,HUGIN SAND
VOLVE_15_9-01,1771.65,20.178483728534278,2.1807547390946045,0.2657742702759527,2.5719795447352456,97.3783274511628,151.33183171299072,1.3008892996697305,8.462060026760078,0.014804842908849536,0.29871559559251953,0.3467960306299213,0,HUGIN FM,HUGIN SAND
VOLVE_15_9-01,1771.8,25.620767183932955,2.1889673187824785,0.24502215037237723,1.9637423761244204,95.46511786117196,155.6771091577544,1.7973745471511438,8.369318441089906,0.0070998951155413475,0.28789993872976294,0.4161449607709692,0,HUGIN FM,HUGIN SAND
VOLVE_15_9-01,1771.95,18.29471631021108,2.186363040042941,0.2760980338133376,1.6957069701613878,92.97760248761188,149.76816424783047,1.5836442899495398,8.551403970379242,0.0,0.2762458597702719,0.43448307367029904,0,HUGIN FM,HUGIN SAND
VOLVE_15_9-01,1772.1,27.96080942384061,2.149733495029555,0.31621356003282053,2.281648909529923,98.81740289285656,164.08142075352447,1.6551234838468156,8.425134966708644,0.010805471073511654,0.30450809077418733,0.38198549575128304,0,HUGIN FM,HUGIN SAND
VOLVE_15_9-01,1772.25,18.158326938939048,2.154430506021632,0.3085337079205767,3.4926220060465605,94.92226993564822,161.30914884922515,1.9700208193794273,8.198015522953511,0.02683949632374371,0.3060254836521296,0.3253362988500997,0,HUGIN FM,HUGIN SAND
VOLVE_15_9-01,1772.4,31.270937208925382,2.209495666028937,0.2996408133201666,3.1438001616308076,90.33861913821963,147.92841569076026,1.5941716091831981,8.424597163103137,0.047677754907589284,0.278417541162873,0.3322956335340923,0,HUGIN FM,HUGIN SAND
VOLVE_15_9-01,1772.55,17.655003095514438,2.1833073649042487,0.28639476440033274,2.1072961684017883,92.88824636607596,150.8691293088881,1.6132621389253616,9.07375379520509,0.0,0.29179960590830023,0.42926320323980394,0,HUGIN FM,HUGIN SAND
VOLVE_15_9-01,1772.7,23.082361033891022,2.201235625294792,0.2692283361723114,3.558884116912606,91.52092310227395,150.13516332511279,1.837116065482024,8.135725421491909,0.0,0.28310735144059385,0.32332029906000714,0,HUGIN FM,HUGIN SAND
VOLVE_15_9-01,1772.85,31.76742437575699,2.158522437296531,0.2808754979939834,1.7423902279772223,88.2919258451426,143.60002543723897,1.9744724183226618,8.548558700855535,0.024134588615902577,0.28811312689861895,0.41326670713776636,0,HUGIN FM,HUGIN SAND
VOLVE_15_9-01,1773.0,27.732184156069724,2.2085843754077787,0.2827154896000382,2.1428554887893747,92.1398416767306,147.6747434099019,1.7194588209186408,8.491682935000552,0.01679246540081722,0.2841999871711997,0.397255195111275,0,HUGIN FM,HUGIN SAND
VOLVE_15_9-01,1773.15,19.836335024644416,2.2134288219734777,0.29460883087146345,2.113947876457841,95.89184614505085,153.28032480034435,2.0934430810045814,8.937885286977135,0.032259327823851824,0.2728996848166827,0.4151094225627069,0,HUGIN FM,HUGIN SAND
VOLVE_15_9-01,1773.3,24.353787698802154,2.192865134170187,0.3121713776328866,1.6416962928247207,100.87632219306744,156.29376568859774,1.544266164414968,8.31630521209357,0.02858691497128709,0.31761815432051016,0.4188053148836805,0,HUGIN FM,HUGIN SAND
VOLVE_15_9-01,1773.45,18.61603399560201,2.1601181517599133,0.29732439350080864,2.9158592513363746,97.53960903300775,160.2579722243366,1.5091888798783182,8.520423767484798,0.011820280241958107,0.30133072552284906,0.3435875448516924,0,HUGIN FM,HUGIN SAND
VOLVE_15_9-01,1773.6,17.055284669331634,2.168691107121015,0.3171010111202105,3.314197563446394,96.7052209098271,154.57187940643172,1.4921428003429487,8.6392590591715,0.00556923334060631,0.3048612892382325,0.3396943610514448,0,HUGIN FM,HUGIN SAND
VOLVE_15_9-01,1773.75,26.95832609110488,2.2154860089536736,0.3051237299971328,1.4968294723620437,101.11113938548623,169.02541788823117,1.4695632471179136,8.480786176177853,0.01442116010984221,0.30693648393156026,0.42694770473797283,0,HUGIN FM,HUGIN SAND
VOLVE_15_9-01,1773.9,33.18444558005746,2.185652596332418,0.3234768845090787,2.402243280959819,92.52062666032907,152.6086821744531,1.8673097930320233,8.402061699362436,0.05666267223428354,0.29264327266102835,0.3724815711420653,0,HUGIN FM,HUGIN SAND
VOLVE_15_9-01,1774.05,27.265457963122834,2.181853124495738,0.2734548618985297,5.144856473732781,91.56680790911706,143.3771345432074,1.6044421361221655,8.495611377545249,0.0006571406267830392,0.2917464154492135,0.24971471758777744,0,HUGIN FM,HUGIN SAND
VOLVE_15_9-01,1774.2,30.022658817563155,2.1567491074950595,0.27639094280689114,1.6489364497153058,98.80463909324759,164.32087778368992,1.517961527230156,8.443048286020359,0.02115289203330944,0.29594528413120447,0.42588363250418615,0,HUGIN FM,HUGIN SAND
VOLVE_15_9-01,1774.35,27.691624040865047,2.2236995589680073,0.29597765164488626,3.137774862556639,94.28174766999123,138.04708648946811,1.8759593390271212,8.438444848689079,0.028959771529411996,0.2855411052351076,0.3440498670553851,0,HUGIN FM,HUGIN SAND
VOLVE_15_9-01,1774.5,30.34908325566539,2.1729083314872386,0.302383557000799,1.9992248729614297,92.77345236676676,158.0886525116159,1.9647898494381435,9.021676801653433,0.07069509841489716,0.2836935229932685,0.43181532341973183,0,HUGIN FM,HUGIN SAND
VOLVE_15_9-01,1774.65,21.088438336374942,2.1802718024470757,0.2839153950048052,1.29009758848603,97.36753838762105,149.09583503144535,2.0101716793830797,8.605814831328212,0.015302999701963292,0.29891913493117894,0.4615569923764375,0,HUGIN FM,HUGIN SAND
VOLVE_15_9-01,1774.8,27.8827374585413,2.1978868150638693,0.31154921101731836,2.40227314090462,92.18768139688348,149.97585113086794,1.975056892933955,8.753593368109831,0.05350669281361886,0.27665129906872704,0.404290130707183,0,HUGIN FM,HUGIN SAND
VOLVE_15_9-01,1774.95,24.296049504655322,2.230339934210763,0.30773977102822003,1.8787898884050815,88.92954829759654,144.4243581068921,1.6163793067914822,8.571660610885626,0.06213464664511765,0.25992083783604786,0.45590368557671185,0,HUGIN FM,HUGIN SAND
VOLVE_15_9-01,1775.1,23.025471958462656,2.151695174506098,0.2846389618888757,2.1516055430170975,92.57902427458674,153.74502314854755,1.8552181928899412,8.741360300584802,0.02369789046418162,0.29364136257606277,0.4023492511660645,0,HUGIN FM,HUGIN SAND
VOLVE_15_9-01,1775.25,27.318665326626107,2.213453654284017,0.3223355660742118,1.8019746513577,95.52486019174714,151.19629227027335,1.899374315478485,8.778967823201407,0.019726641836167323,0.2896305563441629,0.47291445895790757,0,HUGIN FM,HUGIN SAND
VOLVE_15_9-01,1775.4,25.989555017344035,2.2199218599707904,0.22017623110433981,3.866185211574951,91.87085082433826,136.26576895963095,1.7050233509821815,8.495669053712854,0.01661668900051208,0.26532637119427743,0.33957965126229833,0,HUGIN FM,HUGIN SAND
VOLVE_15_9-01,1775.55,42.152964392146544,2.144804774409233,0.3249690472282259,2.186640798031043,100.55990695169292,159.2594115658059,1.832950420780943,8.670884811509652,0.01925604423865962,0.3005583952580665,0.3931410642507734,0,HUGIN FM,HUGIN SAND
VOLVE_15_9-01,1775.7,23.306276621421144,2.199290808697491,0.28814702361862626,1.6795215956109562,95.38626144519262,151.52220679980988,1.5496763540076635,8.341966249690326,0.05300268009417032,0.29735187702706906,0.43740888428032454,0,HUGIN FM,HUGIN SAND
VOLVE_15_9-01,1775.85,27.6760216394679,2.1178000312388505,0.35105764275792156,1.8757392282419407,98.83776408112223,147.89446244670907,1.6744799647811597,8.09810232916534,0.03475279203817697,0.3263232703127522,0.3888302497609508,0,HUGIN FM,HUGIN SAND
VOLVE_15_9-01,1776.0,21.237728410274013,2.2048412213744193,0.26848086959421363,1.9090297584542921,98.22682030465826,157.38977053225693,1.8743574611176166,8.940639487401516,0.03533041017150141,0.2824068277876218,0.45621007288408394,0,HUGIN FM,HUGIN SAND
VOLVE_15_9-01,1776.15,23.061070620150247,2.2014806062333987,0.28947257518826963,2.763047960487986,97.28439088492031,150.27576797254977,2.101508530869439,8.433328311953302,0.0,0.29084232588080555,0.36647302302446105,0,HUGIN FM,HUGIN SAND
VOLVE_15_9-01,1776.3,23.27896860007925,2.2078260742380755,0.2661046121351581,1.5419069701996138,93.6226654755431,153.04169027633625,2.030287922664368,8.550648295733312,0.00015194221742284575,0.2822841327333815,0.4916641402466712,0,HUGIN FM,HUGIN SAND
VOLVE_15_9-01,1776.45,38.14828766553899,2.1677202147720904,0.2837796561690481,1.4957007660447932,89.27025900244574,141.6020157247806,1.9321716955468637,8.345135832726013,0.09393565825656106,0.2739669213862056,0.5225155726905806,0,HUGIN FM,HUGIN SAND
VOLVE_15_9-01,1776.6,25.103404415159964,2.1924317510084728,0.3349838640835613,1.7860652914434445,92.89826547287429,158.44269918419752,1.8159400077549552,8.26075284070417,0.024755127486837555,0.2946721143819268,0.4098301380574162,0,HUGIN FM,HUGIN SAND
VOLVE_15_9-01,1776.75,24.737507729587655,2.1923919817352524,0.2836845398658667,1.9601351772973679,90.49761293743178,143.51528741568845,1.7849538974049364,8.367816218968224,0.007306376103878423,0.2847473393821531,0.41819697184889437,0,HUGIN FM,HUGIN SAND
VOLVE_15_9-01,1776.9,29.873098993648068,2.2044670042192225,0.327642910035686,1.9301650557145447,93.71332988226284,152.0932841433265,1.5104800092224697,8.653098992118,0.07394409269483335,0.27434526365294426,0.4702167995896819,0,HUGIN FM,HUGIN SAND
VOLVE_15_9-01,1777.05,21.78798248723291,2.2357601596125494,0.25580954038050774,4.213309194065175,89.15467161392061,141.58211704997547,1.632898693222099,8.454327461110575,0.039928854815988964,0.2575364633799661,0.34114378649642835,0,HUGIN FM,HUGIN SAND
VOLVE_15_9-01,1777.2,26.421523147409417,2.140444195707857,0.33557494868663285,2.981258183830817,101.12372645455287,153.68162138498258,1.6394290290812619,8.451738887397266,0.04928457901447319,0.2983469677583258,0.33778537297545247,0,HUGIN FM,HUGIN SAND
VOLVE_15_9-01,1777.35,25.775553972100703,2.207063726789372,0.2509633038189006,2.087282042488499,88.6291820364305,140.78312623260135,1.91495186310813,8.433783508282927,0.02826565839494515,0.27923730718991485,0.4599756432113652,0,HUGIN FM,HUGIN SAND
VOLVE_15_9-01,1777.5,27.584128171157374,2.1558289174125718,0.2895692197920945,2.2082371531018223,91.43786797495729,150.06765596578904,1.9889895542971654,8.784145115058143,0.023315776359215255,0.29180203444577607,0.40944415655141453,0,HUGIN FM,HUGIN SAND
VOLVE_15_9-01,1777.65,30.479340363911493,2.213120250355922,0.26299349575861636,2.708132352515158,92.77422522451572,151.44870938754997,1.9473146839052924,8.67995074841369,0.028258988713551248,0.26947684715809084,0.3859774343150759,0,HUGIN FM,HUGIN SAND
VOLVE_15_9-01,1777.8,23.827017451444853,2.188074272861118,0.3214109968719716,2.0554916330066706,95.86700227757235,151.92086495497642,2.0365332876139597,8.403170350447612,0.0,0.29065688485602875,0.389456165144058,0,HUGIN FM,HUGIN SAND
VOLVE_15_9-01,1777.95,26.746336838853814,2.2142999479998746,0.29419121101868795,5.392117040820603,86.51771234639133,131.1445591696463,1.814451510305296,8.642285472492805,0.03165492798695314,0.2857379960999235,0.27916940477788244,0,HUGIN FM,HUGIN SAND
VOLVE_15_9-01,1778.1,20.542608923267057,2.1756888936892635,0.2509849946830701,2.558826744813066,89.37435714546459,146.22126437140977,1.6034139634812228,8.4882329382478,0.043649207533708635,0.2861992769459637,0.39261664653726247,0,HUGIN FM,HUGIN SAND
VOLVE_15_9-01,1778.25,36.32078712014051,2.2318867476978874,0.266876896795885,3.1597595455922423,93.8330318434318,152.23028387680833,1.7900134207301486,8.44377220396559,0.09075910035640793,0.2794656248368951,0.37870039314726117,0,HUGIN FM,HUGIN SAND
VOLVE_15_9-01,1778.4,25.159356257592087,2.1735366324642023,0.2951175712228182,1.908871656655186,101.6691772675722,166.8877378973785,1.655032581913504,8.495287625017095,0.03830363887728725,0.3096252703788131,0.4465946733439403,0,HUGIN FM,HUGIN SAND
VOLVE_15_9-01,1778.55,28.73561619114888,2.144527533247215,0.3292336758216023,1.4061009412467287,102.62206409255532,162.8247415719154,1.9315719983512194,8.628646792975077,0.0,0.3105526699393589,0.4390265389192003,0,HUGIN FM,HUGIN SAND
VOLVE_15_9-01,1778.7,34.799400008432386,2.1416401125949798,0.32504550336990634,1.543294091101095,95.4998656163814,144.37791102216246,1.7281825193805214,8.332441018622742,0.033865265991172705,0.3038655637981049,0.4283435915038474,0,HUGIN FM,HUGIN SAND
VOLVE_15_9-01,1778.85,35.39891762137465,2.164310815442118,0.2974029327086889,1.3262761551532463,95.49043325647206,155.45349412573879,1.7802936765531094,8.644672610832366,0.11935255531410183,0.28550803807079606,0.4450036990341876,0,HUGIN FM,HUGIN SAND
VOLVE_15_9-01,1779.0,25.929462472628956,2.192869262836223,0.28767978359358115,3.518411177014453,92.85758392924902,148.52642046143103,1.9387244459342168,9.090438663006852,0.06364230396272015,0.2891036338715246,0.33372535375280266,0,HUGIN FM,HUGIN SAND
VOLVE_15_9-01,1779.15,26.22843499424684,2.163279074348409,0.31138375683737196,2.0507593471818737,97.05624889015165,162.24841709124323,1.6517811420816868,8.538066658163334,0.013809769049245576,0.2949845266629841,0.4232500847146174,0,HUGIN FM,HUGIN SAND
VOLVE_15_9-01,1779.3,32.09732425144063,2.197292394319256,0.2837971427068167,1.7786059178358475,100.98692506314532,161.7227452632646,1.99279531716445,8.549417350562093,0.05635593959313091,0.2979342136164863,0.4380266791541084,0,HUGIN FM,HUGIN SAND
VOLVE_15_9-01,1779.45,25.023129656768372,2.1391780615825535,0.32245051108600814,1.3046857692371159,101.09280802634665,161.5211583962071,1.5304807296080774,8.495220331332423,0.016849785926336628,0.3107696636380506,0.45703956846633753,0,HUGIN FM,HUGIN SAND
VOLVE_15_9-01,1779.6,22.17980795310338,2.1368154105669377,0.3169323410824188,1.2632573855403333,96.72884264489312,156.8524205911589,1.8613101935877652,8.595642332333785,0.0,0.30948198114501413,0.4957104906215098,0,HUGIN FM,HUGIN SAND
VOLVE_15_9-01,1779.75,30.63319646564948,2.2241671870557442,0.2680196278491084,4.2761262048452,89.49743848556693,140.21124623290143,1.7818202005354786,8.219767625029254,0.029637214864867506,0.26906583748071355,0.3141381307808798,0,HUGIN FM,HUGIN SAND
VOLVE_15_9-01,1779.9,31.603733475465795,2.197592779033219,0.2886311847464407,2.925218461570063,92.99397089356461,145.56467482408553,1.965468359284796,8.912133820972564,0.04332465370520862,0.27417892738974514,0.3835235548306519,0,HUGIN FM,HUGIN SAND
VOLVE_15_9-01,1780.05,23.26855179836421,2.1770572230764937,0.29773799755579505,2.829794199679276,99.11779086428996,158.09898905117424,1.525125207627203,8.696237390860803,0.0,0.2956961104943014,0.3529116681421177,0,HUGIN FM,HUGIN SAND
VOLVE_15_9-01,1780.2,17.403028082355604,2.174669510985125,0.32041801043198914,2.0795953505782254,95.74596584691793,148.59151381371882,1.4938417754417577,8.380034057843298,0.007087988512200577,0.30940642226002824,0.4008517559729139,0,HUGIN FM,HUGIN SAND
VOLVE_15_9-01,1780.35,31.30666830537092,2.193421467507857,0.26649981493406816,2.2111539188991296,89.19243221735498,141.56241422043814,1.9500088771722275,8.599366091465901,0.042366077668143765,0.28682694945344844,0.403554916211345,0,HUGIN FM,HUGIN SAND
VOLVE_15_9-01,1780.5,24.042325108607173,2.159881863452696,0.3246716587258665,2.355593659649768,96.1221607706034,163.49326402020895,1.7218155716901626,8.430315373481857,0.030304853429621616,0.30783589110084925,0.38763735237487923,0,HUGIN FM,HUGIN SAND
VOLVE_15_9-01,1780.65,31.28617650492656,2.169059179312121,0.3319177488467064,1.6531938676027627,96.23154443155498,159.18363972411981,1.781839579246359,8.627865092297776,0.0548891697692107,0.30315234679127934,0.4581719690008219,0,HUGIN FM,HUGIN SAND
VOLVE_15_9-01,1780.8,26.430310882349296,2.110916997681978,0.3232472065193073,2.328328412141731,92.33248978710567,149.27217336636735,1.6680501678181723,8.514410895650366,0.007100260252148549,0.3157631390701961,0.3374593675166054,0,HUGIN FM,HUGIN SAND
VOLVE_15_9-01,1780.95,21.77394832296498,2.180453064372849,0.3202081007001592,2.993491036376661,97.33701062114571,163.49760329860774,1.9825620759654474,8.593990350753327,0.0654598469281927,0.2983648066411003,0.3580568807088275,0,HUGIN FM,HUGIN SAND
VOLVE_15_9-01,1781.1,26.26234474165592,2.202524230493734,0.28082617164902834,3.6276969596959843,94.80156697283775,147.55802666650717,1.859843242082008,8.29995100167572,0.009020382311558446,0.28167150065048985,0.34204485113856536,0,HUGIN FM,HUGIN SAND
VOLVE_15_9-01,1781.25,36.532345539625,2.221633832373286,0.3108635904362275,2.5113204014181805,100.19775140447615,172.76860159656184,1.8481328176114087,8.42265588517722,0.09431245171318649,0.2788900713539887,0.40090235614265657,0,HUGIN FM,HUGIN SAND
VOLVE_15_9-01,1781.4,28.185762076552436,2.1967690682405476,0.29214690992346876,3.3626182938131635,90.33027177254755,142.22592224827744,1.5660759063650278,8.729211582580035,0.0,0.2908419673638717,0.3292704892044077,0,HUGIN FM,HUGIN SAND
VOLVE_15_9-01,1781.55,26.845556952192773,2.211955454560898,0.2502821229290321,3.088127290520224,94.1688996847836,160.68926897319966,1.9003011106408805,8.400306769975813,0.013249770491696962,0.27125348300436974,0.39232135670754553,0,HUGIN FM,HUGIN SAND
VOLVE_15_9-01,1781.7,20.72345228356673,2.2259328405364656,0.3032081286483335,2.0275335485505344,96.68734034125151,164.69675978490068,1.6015574162485042,8.01066686861263,0.05904613161383871,0.2779468858085925,0.4002893297526083,0,HUGIN FM,HUGIN SAND
VOLVE_15_9-01,1781.85,40.59574665189877,2.178922077247983,0.27262553727227334,2.752214436254599,97.81511872546308,147.7380409267549,1.6682893944637451,8.492113201877038,0.0969509614838483,0.2907658179998516,0.3806845327452004,0,HUGIN FM,HUGIN SAND
VOLVE_15_9-01,1782.0,32.467691696471725,2.1912551977377692,0.304006736456568,1.6666290844691662,92.30804813844348,155.02833773721866,1.52693046704297,9.101697975475693,0.05697450903956658,0.2898049652148654,0.45178066541467976,0,HUGIN FM,HUGIN SAND
VOLVE_15_9-01,1782.15,25.14970679235894,2.146519726959759,0.3128376143564473,2.0744182667537228,95.09329377255224,150.72972433382023,1.7686917050831177,8.820638209154765,0.06490845725485608,0.31078580276915846,0.40757251076212003,0,HUGIN FM,HUGIN SAND
VOLVE_15_9-01,1782.3,25.72079478053885,2.198532786799834,0.28633374473543943,1.7380911694962113,95.21241471759122,149.50002126155562,2.012894652013462,8.471633030117669,0.049048526119265426,0.2879389808116439,0.45899692603736975,0,HUGIN FM,HUGIN SAND
VOLVE_15_9-01,1782.45,27.888000745578722,2.11247693016456,0.3374201182560274,1.59905071513399,100.35645304660001,163.19351547538494,1.845338997832636,8.491975152059034,0.0182303126221697,0.33124579636417784,0.3869416012264293,0,HUGIN FM,HUGIN SAND
VOLVE_15_9-01,1782.6,31.706636737509108,2.215404013762459,0.2832538318060061,2.0810341333081372,93.52901409018105,144.6068459205159,1.7116358187006993,8.674071812684643,0.034818060747556084,0.2922168865102326,0.40053567381269906,0,HUGIN FM,HUGIN SAND
VOLVE_15_9-01,1782.75,23.85835238893642,2.216366887326663,0.30853158676714676,2.7920816498632877,99.19594619348447,161.22349934915655,1.8218292636202378,8.151470160720049,0.013664912322894011,0.29623772963615597,0.3673353534627826,0,HUGIN FM,HUGIN SAND
VOLVE_15_9-01,1782.9,30.28291209953887,2.224022338687989,0.28012033345920895,2.453359301733491,91.54185873784256,141.76300156906026,1.8207227944268434,8.330567726746716,0.012160895396247297,0.2771602664973318,0.39474594159209997,0,HUGIN FM,HUGIN SAND
VOLVE_15_9-01,1783.05,22.028252882748163,2.2044519969333862,0.2948490210506688,1.59510826590588,90.82784006317033,146.2099404973816,1.8132137367852985,8.68377688506235,0.06307460029735845,0.297733710034309,0.44605894539580987,0,HUGIN FM,HUGIN SAND
VOLVE_15_9-01,1783.2,21.481234730968517,2.159831836771053,0.3165525068079182,2.4073588072811014,93.51420499758564,156.29954089158778,1.8354668860519647,8.821051284251148,0.017826629330920545,0.28711492100735375,0.37638127718576125,0,HUGIN FM,HUGIN SAND
VOLVE_15_9-01,1783.35,20.530965873956557,2.186688279843134,0.2851394964444099,2.272416615415684,94.4586330437443,153.06640254715316,1.5920011292109948,8.429454639977106,0.061608272875441794,0.27180260330710365,0.43607807998936565,0,HUGIN FM,HUGIN SAND
VOLVE_15_9-01,1783.5,21.79228720890376,2.139306050726403,0.3298001976551535,2.8134822103662604,98.86963468960717,156.39245756696573,1.8213076720060422,8.814404890128538,0.013466451823707634,0.3151642112131078,0.3551525874948252,0,HUGIN FM,HUGIN SAND
VOLVE_15_9-01,1783.65,38.42201210963544,2.172777841210447,0.33639778908896056,1.3138128709503063,97.62793290068099,158.9117481952792,1.4489503261399221,8.483754482498494,0.06191185459910489,0.2987792363092064,0.44835108465584195,0,HUGIN FM,HUGIN SAND
VOLVE_15_9-01,1783.8,38.980598550245716,2.15756350071,0.33912761222060545,2.9365201093566182,101.51605511358743,155.3932869717154,1.9151247216807958,8.0,0.03885881449809159,0.30529521933000425,0.37456235298383106,0,HUGIN FM,HUGIN SAND
VOLVE_15_9-01,1783.95,35.31350399720941,2.192091945754143,0.2916940023436206,2.0194075132001146,89.5463450276404,139.0798481232445,1.579450161617924,8.895368590513467,0.09621633322165474,0.2656658432832486,0.463423893627949,0,HUGIN FM,HUGIN SAND
VOLVE_15_9-01,1784.1,27.90947671807964,2.22515809966233,0.2835020612110865,2.3590767415056844,92.88289183312568,146.46127663046605,2.035519566031783,8.666643691437644,0.06422760794128858,0.2799210840400893,0.4143671095040698,0,HUGIN FM,HUGIN SAND
VOLVE_15_9-01,1784.25,32.64008925763727,2.2588131084542398,0.2566382969010944,1.5842820411743161,98.21138168179853,161.0724619214683,1.3109527472676392,8.733832394358082,0.0920872501251788,0.27141928513306185,0.49579886170710685,0,HUGIN FM,HUGIN SAND
VOLVE_15_9-01,1784.4,30.486649813693834,2.1927129952529736,0.3108767753759264,2.7761561229295024,90.54731464194411,146.9046971962177,2.134884988505343,8.680041266136508,0.03284158273188127,0.3018167239565493,0.344349088506854,0,HUGIN FM,HUGIN SAND
VOLVE_15_9-01,1784.55,22.665831393408922,2.182247523587361,0.33645981806819025,2.8977987920667374,97.33231994840699,158.40754418995792,1.472155864644417,8.563578400170508,0.057691954227414036,0.30591433861773043,0.3357737476026308,0,HUGIN FM,HUGIN SAND
VOLVE_15_9-01,1784.7,24.709259409701442,2.1788340255785923,0.3084521917123141,2.2230082836750507,99.41843359381716,158.93258100555528,1.5600130741725737,8.527234434463171,0.027071108311657523,0.29730522907769974,0.369660470194719,0,HUGIN FM,HUGIN SAND
VOLVE_15_9-01,1784.85,36.4106088941447,2.1273236958482067,0.25393218963157127,2.4361350127933785,102.23792070688621,159.64017490100514,1.8598114075882002,8.49165656030103,0.04459098444098372,0.3161352229607816,0.3365717479305794,0,HUGIN FM,HUGIN SAND
VOLVE_15_9-01,1785.0,24.48636936443502,2.173944132008066,0.32328737131955926,3.292284731921573,98.31490646796853,164.74443503159634,1.923742996884916,8.451074347401095,0.04963073380080875,0.2984415181529086,0.3382524754188287,0,HUGIN FM,HUGIN SAND
VOLVE_15_9-01,1785.15,24.695023411735615,2.235360147445453,0.30953155388900966,1.6470129628437968,96.39077230413558,150.73626841427864,1.74332291469679,8.424042765003826,0.036212083242561345,0.28546975830711063,0.4345161629957622,0,HUGIN FM,HUGIN SAND
VOLVE_15_9-01,1785.3,27.1574801765499,2.1538999078579284,0.30294064951315547,2.1052579451958615,93.62322020022256,151.89234706888521,1.9785212104515744,8.22874026561571,0.022015914701502062,0.30566270618245645,0.39904583473981764,0,HUGIN FM,HUGIN SAND
VOLVE_15_9-01,1785.45,27.989652607984706,2.1282034275310835,0.34268829619054564,2.0143697573584642,102.72907892521678,163.80600301457812,1.640689149448788,8.264155522557873,0.01656780326801221,0.3204358921952734,0.3737112921451908,0,HUGIN FM,HUGIN SAND
VOLVE_15_9-01,1785.6,21.87497976900264,2.1445130035325457,0.3423299768188253,1.7878610012944933,95.92419911502547,156.29368441921403,1.7200616106435918,8.467315740374815,0.0,0.32977066853095777,0.3734518701347283,0,HUGIN FM,HUGIN SAND
VOLVE_15_9-01,1785.75,28.069981049108616,2.1789163685287454,0.2996279344048168,2.7236979108657966,93.90868669949151,147.22646379310174,1.7395844115035257,8.072902402778803,0.02826483297735618,0.30909834530385394,0.3714925666768899,0,HUGIN FM,HUGIN SAND
VOLVE_15_9-01,1785.9,35.57030273248051,2.1908729035999763,0.3136721140502623,1.4254736768513487,95.14249390072536,157.4913760455958,1.69232082836435,8.203333485995165,0.07926952698719278,0.2763556626778297,0.49924931648711,0,HUGIN FM,HUGIN SAND
VOLVE_15_9-01,1786.05,36.04018744136478,2.1766368433714387,0.2691806056955974,2.3963540650625235,93.34040630308226,156.2360396641113,1.4131642851217554,8.43549329433805,0.012978192868910977,0.292583415227383,0.3601431724785214,0,HUGIN FM,HUGIN SAND
VOLVE_15_9-01,1786.2,26.30457494625616,2.1563938419783115,0.30414165797574033,2.9042925993995254,96.87533528833261,159.95715187381404,1.795066586698301,8.514885678553261,0.0203768088782112,0.3022300300647874,0.33310634775929837,0,HUGIN FM,HUGIN SAND
VOLVE_15_9-01,1786.35,35.77871062923906,2.1872414656516033,0.304300203170478,1.5045667822607376,97.83268369483098,157.3204205415978,1.7769985692594537,8.533186138825362,0.11563365479938811,0.2900952012060115,0.46766762731413275,0,HUGIN FM,HUGIN SAND
VOLVE_15_9-01,1786.5,36.75046047574907,2.2030085947486664,0.2831514729607564,2.233333965416401,100.83788830400907,159.1649950558961,2.015636552742068,8.136675125769134,0.0432968289037002,0.293165711668977,0.395451267503719,0,HUGIN FM,HUGIN SAND
VOLVE_15_9-01,1786.65,29.142322812271562,2.178422520949309,0.3016374873830791,1.4062409343084212,96.2568360241113,168.12149655787587,1.5428111168592211,8.817107504960902,0.0725068642501267,0.2846855803925808,0.5170157437159323,0,HUGIN FM,HUGIN SAND
VOLVE_15_9-01,1786.8,26.22784585500243,2.2308769465428187,0.3141742192164452,2.6325900048240523,92.08590470394978,142.3793248025098,1.672118535186062,8.3222629702579,0.08262748440856142,0.27557271856369986,0.3918779633828616,0,HUGIN FM,HUGIN SAND
VOLVE_15_9-01,1786.95,34.204160773445494,2.2207907986840087,0.30703846449516076,1.9199252297484588,95.18553521418846,156.7030041013022,2.040698245104709,8.370670718029979,0.08371490415948088,0.26952639143401086,0.4608886802356839,0,HUGIN FM,HUGIN SAND
VOLVE_15_9-01,1787.1,32.15257379692075,2.230123033990153,0.30877120870989133,1.5977730840987137,92.29304407267075,149.33279495665633,1.8586577722568705,8.300223901197926,0.018649459699801862,0.29150050546008277,0.45325470443990573,0,HUGIN FM,HUGIN SAND
VOLVE_15_9-01,1787.25,32.3024515921499,2.201710768921148,0.2589275199457624,2.6686074043670027,97.33295694349039,155.420043898691,1.9098759372312744,8.801435945368603,0.05786543069633134,0.2841661554789186,0.3849178375987992,0,HUGIN FM,HUGIN SAND
VOLVE_15_9-01,1787.4,26.10401120072333,2.1357197807584,0.2960036975540806,2.2127950832568333,98.77695184407511,158.96893764919028,1.8906867246679062,8.597173235825121,0.016727257773258522,0.32021365490563425,0.36157213893652584,0,HUGIN FM,HUGIN SAND
VOLVE_15_9-01,1787.55,30.976232339017592,2.254953835880968,0.27828200990803353,1.9773683978881957,93.4051297479625,146.8971310799335,1.891574329486911,8.52163330695079,0.13913893899675567,0.2540877866633448,0.4725850082455719,0,HUGIN FM,HUGIN SAND
VOLVE_15_9-01,1787.7,35.95395906013766,2.439793016140457,0.1817368707798159,6.051299952135768,66.00835845501062,107.74865124424325,5.364209998969536,8.541298997722611,0.11837689775241614,0.1646650369386243,0.45810766522142143,2,HUGIN FM,HUGIN SAND
VOLVE_15_9-01,1787.85,44.01548216015868,2.44082590407929,0.1561203112458066,10.520985159502795,62.41631640321001,101.45022867493637,5.018308131596063,8.696907320859383,0.1352600792481789,0.14579289590854608,0.36397251873890724,2,HUGIN FM,HUGIN SAND
VOLVE_15_9-01,1788.0,88.74444806790011,2.613189576514578,0.1684986220684591,264.7094484984298,68.3846817186747,122.80375686450539,2.797731344631452,8.902689708927731,0.7359477207957497,0.02,0.5583625344234888,1,HUGIN FM,HUGIN SAND
VOLVE_15_9-01,1788.15,92.43605837052424,2.6128741278186154,0.13052740449427638,355.53841085523464,77.86200609120921,129.93332082135356,3.1277594972455782,8.800794292412908,0.7227346762056904,0.02,0.48407390261430694,1,HUGIN FM,HUGIN SAND
VOLVE_15_9-01,1788.3,99.88710874025762,2.5861536507890035,0.15215014808863123,189.4951589930571,70.89912130010072,116.01800794079318,2.8866896651545786,9.488413008054794,0.8086792884320991,0.02,0.6665231292285698,1,HUGIN FM,HUGIN SAND
VOLVE_15_9-01,1788.45,101.42928462064222,2.61653929620411,0.1659438894197546,198.55829800567702,77.1917309794049,126.38456423359597,2.978012604716342,8.847420620678138,0.8412400786719046,0.02,0.6335056639447841,1,HUGIN FM,HUGIN SAND
VOLVE_15_9-01,1788.6,97.941575804171,2.576657795507812,0.13431279128014806,198.5036210191512,71.33942624149441,123.34077026386979,3.0740362003511437,10.161276502193184,0.7547574819113259,0.02,0.6126197235246336,1,HUGIN FM,HUGIN SAND
VOLVE_15_9-01,1788.75,96.55500004219377,2.6110462632968905,0.18130304415179538,264.16624647855167,72.04748314148202,110.42384020266988,2.8357291369562287,9.03094997239182,0.7298786719569866,0.02,0.5287663967020033,1,HUGIN FM,HUGIN SAND
VOLVE_15_9-01,1788.9,93.93422552338431,2.622871919840893,0.10661901342404981,239.55487357711036,72.09270049782741,114.43465707771502,2.8979410504360463,8.192201613127429,0.7028430631517593,0.02,0.5503978012910615,1,HUGIN FM,HUGIN SAND
VOLVE_15_9-01,1789.05,92.60902934000096,2.6199399235427645,0.12234132318855426,162.30453789383273,78.36303594829272,115.84516337887472,3.0951697142140824,9.920320608338947,0.7630850332429114,0.02,0.599552564344495,1,HUGIN FM,HUGIN SAND
VOLVE_15_9-01,1789.2,89.10049353607948,2.6097786105422633,0.11534939933079391,229.76282478513306,75.15097175190014,123.03542401384973,2.8902710057581857,9.554818829719643,0.7613727579762937,0.02,0.5893955473854972,1,HUGIN FM,HUGIN SAND
VOLVE_15_9-01,1789.35,97.7308689404839,2.6162893919610384,0.16401989218827806,194.76094672840753,74.36066294892532,123.21792947100202,3.1946770631980717,8.690624013125289,0.7517781763982133,0.02,0.6261002566953455,1,HUGIN FM,HUGIN SAND
VOLVE_15_9-01,1789.5,96.41930972819021,2.6023187112504433,0.15280314633006264,186.76049039840981,77.62828580909222,119.22725703337338,2.8027684804274737,8.889012955089745,0.7784095256379314,0.02,0.6574462640229701,1,HUGIN FM,HUGIN SAND
VOLVE_15_9-01,1789.65,108.678448764221,2.6182163303884507,0.1267278357442393,133.473958441673,71.95185927519674,122.2983749303183,2.8020951247176864,9.227804812291138,0.7840724933240744,0.02,0.7435273764614821,1,HUGIN FM,HUGIN SAND
VOLVE_15_9-01,1789.8,108.7464260583703,2.6191617281318353,0.12007596341400265,201.14940344166072,77.02216105260074,119.64105772103726,3.3812111731510646,10.082350483534928,0.7823566060873217,0.02,0.6286061303246502,1,HUGIN FM,HUGIN SAND
VOLVE_15_9-01,1789.95,107.49781495721713,2.59999500044197,0.16224154577821565,139.17052346680887,76.14640588763133,120.12190887512733,2.6939547116814095,9.99342105682174,0.7636249051077573,0.02,0.6798326046871744,1,HUGIN FM,HUGIN SAND
VOLVE_15_9-01,1790.1,90.64715719770385,2.623353984010182,0.13830908857447838,198.33482239079808,75.64974265875743,121.63741783211206,2.994656694200342,13.459030611345959,0.7405022284513413,0.02,0.5757020296864136,1,HUGIN FM,HUGIN SAND
VOLVE_15_9-01,1790.25,103.27359199491337,2.623229053101609,0.16730322236369977,185.30017436433948,73.58426495678188,125.70580574465008,3.37029676951258,9.330426106163225,0.7939657532758201,0.02,0.5495674102339783,1,HUGIN FM,HUGIN SAND
VOLVE_15_9-01,1790.4,102.96110943802827,2.6146758017283784,0.13501756064505968,197.50697503286025,72.35412833409316,111.47561624414458,2.9942817104201453,10.357141380754987,0.7748036510712721,0.02,0.6100260129858754,1,HUGIN FM,HUGIN SAND
VOLVE_15_9-01,1790.55,104.93560108955606,2.6664209407257364,0.15045780632525207,222.1977456424768,71.59080904803578,116.00153010368567,3.2693541338128,8.76738863333297,0.8015139991772006,0.02,0.5558431138594481,1,HUGIN FM,HUGIN SAND
VOLVE_15_9-01,1790.7,99.13282871058848,2.6151859522663137,0.145854266417866,167.74344496528488,71.72841468016519,118.63965226222642,3.130494972881003,8.904871037249604,0.7989980887532397,0.02,0.635783084984427,1,HUGIN FM,HUGIN SAND
VOLVE_15_9-01,1790.85,101.03775756480184,2.6124153150925395,0.1174787202335321,231.61509818356313,70.08042013629299,114.97102303646622,2.9985596231530396,8.864387650587297,0.7330729794734232,0.02,0.5763241876165937,1,HUGIN FM,HUGIN SAND
VOLVE_15_9-01,1791.0,94.6494040250775,2.6095521378158453,0.1270861101289433,265.42867972176,73.93307572616136,121.31992632719171,2.973870947707425,8.778911367977695,0.7331266220341567,0.02,0.5177244172725177,1,HUGIN FM,HUGIN SAND
VOLVE_15_9-01,1791.15,97.26216094433734,2.5985812155384718,0.10940071782928595,127.3466001231085,72.5632290222235,119.90866754642731,2.5761365171714514,9.167122575814577,0.7539118981016857,0.02,0.7085498267235146,1,HUGIN FM,HUGIN SAND
VOLVE_15_9-01,1791.3,88.11550418909536,2.631717947196868,0.1416789861292518,266.23243945799106,74.37044721366766,116.21910191884265,2.9361776680229275,9.300806386108514,0.7453123310313797,0.02,0.5923656136541449,1,HUGIN FM,HUGIN SAND
VOLVE_15_9-01,1791.45,104.23117026389653,2.604275060639611,0.1552365729522502,241.60986784842527,75.63519246233349,129.45520687388523,3.046443701166239,9.403331931056186,0.8000773201687535,0.02,0.5538672309034162,1,HUGIN FM,HUGIN SAND
VOLVE_15_9-01,1791.6,98.59364137047866,2.606641037060045,0.15805959232580227,145.02735035131573,70.75824761362779,112.65744919094233,3.046332581938515,9.565543700524609,0.7883757888246391,0.02,0.6772213261727561,1,HUGIN FM,HUGIN SAND
VOLVE_15_9-01,1791.75,104.39036111730894,2.607235168809228,0.15501479282153535,191.25335137910213,71.12521373142101,112.58110095536159,3.493171751430779,9.859508504506591,0.8112259663874349,0.02,0.6028120717892662,1,HUGIN FM,HUGIN SAND
VOLVE_15_9-01,1791.9,101.27840503889949,2.59830112968303,0.13601922338553382,155.0537168173883,73.29514233255931,124.01035523866368,3.056191613229901,9.135786801024997,0.7905561741039622,0.02,0.6876251539157218,1,HUGIN FM,HUGIN SAND
VOLVE_15_9-01,1792.05,100.51096770500826,2.5829783333491054,0.16883880998841766,206.70906963794732,71.55122410740906,111.32912423746964,3.126029064158769,10.014830307662457,0.7853293139125199,0.02,0.5949540774398534,1,HUGIN FM,HUGIN SAND
VOLVE_15_9-01,1792.2,102.24080376704288,2.608741202656816,0.16016623022202714,223.58572466008772,71.83810497707931,116.542358916822,3.23299263348198,10.318434174493435,0.8154670697829084,0.02,0.6136952364217326,1,HUGIN FM,HUGIN SAND
VOLVE_15_9-01,1792.35,104.36009157714551,2.635466706254246,0.16686633588131564,174.21126748113517,79.13644900698108,123.00414529119355,3.1081002623055585,10.63702798964597,0.7939693989878237,0.02,0.6516074051701994,1,HUGIN FM,HUGIN SAND
VOLVE_15_9-01,1792.5,98.32593944254027,2.621939596109305,0.16637373744777373,202.58314407493205,69.21633613214999,123.34231688866508,2.982790186652662,8.458244644294867,0.7823200223891116,0.02,0.6606069757519389,1,HUGIN FM,HUGIN SAND
VOLVE_15_9-01,1792.65,96.10727519713419,2.6492115054037626,0.14125105262186077,153.32670104126078,80.74093271223384,140.7287649232081,2.9837625298921195,10.32703333077259,0.8250869715199906,0.02,0.6822752783230271,1,HUGIN FM,HUGIN SAND
VOLVE_15_9-01,1792.8,102.3743800683938,2.6330191260997835,0.14543590814290283,197.4867732763886,74.72707168408235,119.01210978734902,2.9298691035527438,10.916092675051027,0.7845221267002541,0.02,0.6272695810736097,1,HUGIN FM,HUGIN SAND
VOLVE_15_9-01,1792.95,94.32600841161398,2.6284792962054806,0.15134030793758982,191.7950431495712,76.57524875140581,125.11968386975195,3.088842205827316,8.840792504620351,0.7723266951176018,0.02,0.6546038446130098,1,HUGIN FM,HUGIN SAND
VOLVE_15_9-01,1793.1,90.26607266172508,2.655652980453054,0.11052355668373638,191.16748655418073,75.90918410991402,121.48069360109935,2.965935855804024,9.365373658972322,0.756709282896166,0.02,0.6608442152150208,1,HUGIN FM,HUGIN SAND
VOLVE_15_9-01,1793.25,96.2040529373871,2.616057088099936,0.11795833067047679,201.06454615626154,76.08725008087181,119.9966026873529,3.124987278106321,8.631617664644372,0.8033186274536852,0.02,0.6476490451644481,1,HUGIN FM,HUGIN SAND
VOLVE_15_9-01,1793.4,104.29006571587128,2.6192615134700987,0.1169717731102353,179.55439106709846,79.54989620144781,127.87799141784583,2.79818253793406,9.18140855447184,0.8197200402009124,0.02,0.635483106397059,1,HUGIN FM,HUGIN SAND
VOLVE_15_9-01,1793.55,98.75689461189505,2.617770711566797,0.1350582434307116,238.02050790958734,70.55211596138425,112.6803783621025,3.0293696916817288,9.665816308390161,0.7814683013407294,0.02,0.5589507429906623,1,HUGIN FM,HUGIN SAND
VOLVE_15_9-01,1793.7,92.4833466838211,2.648875734623671,0.13672328276132384,123.63386083595152,74.15281472607221,111.04116652455572,3.3104134642814738,9.080224815655523,0.822597492970372,0.02,0.6735879557301111,1,HUGIN FM,HUGIN SAND
VOLVE_15_9-01,1793.85,91.92160241339916,2.618050306329182,0.09998113816356234,192.24663126958808,70.10406602642671,113.48162225011069,2.9550753005310373,9.564733893002636,0.7246303381964474,0.02,0.6164227864159917,1,HUGIN FM,HUGIN SAND
VOLVE_15_9-01,1794.0,105.1774412019949,2.6050344525184577,0.14035235151784894,221.3048161074875,68.73045300208625,109.75726044077479,3.3686003253933556,8.831114905758056,0.7824345797591693,0.02,0.6110495813102154,1,HUGIN FM,HUGIN SAND
VOLVE_15_9-01,1794.15,97.15315663668113,2.629753510759257,0.13557651902042822,167.87296722228777,71.85146295829334,116.52334301643702,3.0327342894657856,9.412338963702416,0.7832593156984003,0.02,0.6959411128891031,1,HUGIN FM,HUGIN SAND
VOLVE_15_9-01,1794.3,96.65883967004791,2.6016748037788595,0.15809673356551754,239.72695417717875,79.0479006898685,126.0890522149672,2.9886983615708,9.041657292265265,0.7630128677598513,0.02,0.5546621786822896,1,HUGIN FM,HUGIN SAND
VOLVE_15_9-01,1794.45,111.60103763824904,2.628669430252278,0.18876391913782803,161.04542904226778,74.78351158177071,117.85192171344042,3.0233237004607734,9.086110102620523,0.8566955837011925,0.02,0.7364354908786022,1,HUGIN FM,HUGIN SAND
VOLVE_15_9-01,1794.6,103.41445967117843,2.6262768186828365,0.14666113319800428,179.86045420160764,79.79149732529663,132.0409460218531,2.9377153511672427,9.671364234585138,0.7835475092647975,0.02,0.6312505888477159,1,HUGIN FM,HUGIN SAND
VOLVE_15_9-01,1794.75,103.6056334490332,2.61421194664387,0.12211509169495106,166.19004118343403,79.90050843996639,130.50648552248825,2.603888785778717,8.683619603083848,0.7736513474818385,0.02,0.6453463131696965,1,HUGIN FM,HUGIN SAND
VOLVE_15_9-01,1794.9,85.90304212116258,2.629316231441736,0.15098576676499048,188.4999932178504,82.8955616534948,139.61313514527012,3.17603497164463,9.057745843180026,0.7870085281203274,0.02,0.6138003527095847,1,HUGIN FM,HUGIN SAND
VOLVE_15_9-01,1795.05,102.68397744490917,2.5882442013938327,0.129159262023302,233.08829916808173,78.41623953154726,127.93963207283728,3.4385426327894226,9.045986918540484,0.726488023712617,0.02,0.5321177614876185,1,HUGIN FM,HUGIN SAND
VOLVE_15_9-01,1795.2,100.77297582151012,2.6212592424264995,0.12981482173127076,206.00985743798813,80.52670583692152,127.85469657999879,3.096085854006534,10.66708587105844,0.7641155120460049,0.02,0.6198541586905124,1,HUGIN FM,HUGIN SAND
VOLVE_15_9-01,1795.35,114.8980783819488,2.608744692306665,0.12527960333192176,176.43237826769894,75.48038605723625,123.85246032250018,3.108264192271292,10.08595600831833,0.8167441717034533,0.02,0.6594354968556756,1,HUGIN FM,HUGIN SAND
VOLVE_15_9-01,1795.5,94.11584930749288,2.6752452715456903,0.12602214573350348,180.4521019859002,74.2291909034525,108.86363964932916,2.9634814628884008,8.638230803671103,0.7687103101196242,0.02,0.6621743653560169,1,HUGIN FM,HUGIN SAND
VOLVE_15_9-01,1795.65,88.6715808103141,2.621116501392804,0.13090023320382657,187.71501374783185,74.31532520755314,129.42291977573896,3.2315578197661283,8.390180197136225,0.7630403561953542,0.02,0.6168354469366613,1,HUGIN FM,HUGIN SAND
VOLVE_15_9-01,1795.8,103.65016262004372,2.606072159004331,0.16020940732186345,256.79801791163226,74.72051721097169,120.92472825644255,2.992145676308045,10.160914261400213,0.8275165298570298,0.02,0.5365279668968881,1,HUGIN FM,HUGIN SAND
VOLVE_15_9-01,1795.95,102.35521669689044,2.590433965278938,0.15453431952238297,179.4750129197057,75.19416379406606,131.23294154113447,3.0534440196393793,8.62509002426867,0.828758719428171,0.02,0.56951954859932,1,HUGIN FM,HUGIN SAND
VOLVE_15_9-01,1796.1,104.68416086503028,2.6441081239358852,0.17716811382744807,140.72363308271787,76.51409315797734,118.0758237543606,2.6869567065071553,8.675132194444913,0.8043772731258544,0.02,0.741964163125921,1,HUGIN FM,HUGIN SAND
VOLVE_15_9-01,1796.25,104.04967098181876,2.610999345609524,0.14981575504359307,226.46124326574565,72.28307890966553,110.06469934239455,2.8941316259511103,9.004516139158305,0.7755266237777577,0.02,0.5761561879447215,1,HUGIN FM,HUGIN SAND
VOLVE_15_9-01,1796.4,98.88247375225413,2.6021729586584916,0.1458316002964866,133.9046620474853,69.68322086060579,113.32231984029083,3.0734706296362475,10.571249929338707,0.7823046787015959,0.02,0.7042438765224394,1,HUGIN FM,HUGIN SAND
VOLVE_15_9-01,1796.55,96.53501760344173,2.624725984280181,0.1287257471629254,218.03822699414118,74.5742369890345,121.13145289628851,3.181442346916798,8.57419751139178,0.765669029815846,0.02,0.5812713720738739,1,HUGIN FM,HUGIN SAND
VOLVE_15_9-01,1796.7,99.83745110673192,2.630994376628113,0.11328840143014673,190.49345932433891,71.29660697263634,115.76579502840288,3.1869879484259007,9.14240931863922,0.7602510737805398,0.02,0.6173025266477685,1,HUGIN FM,HUGIN SAND
VOLVE_15_9-01,1796.85,95.82891436126455,2.6306790586641906,0.12246090646250612,202.9829120629098,71.58334954752851,115.46249029229803,2.68416381693645,8.81198195783543,0.7590585019971268,0.02,0.6574029635791331,1,HUGIN FM,HUGIN SAND
VOLVE_15_9-01,1797.0,96.65358468933698,2.6183950084611873,0.1218245349455313,191.77874695372955,73.18458140249348,113.95474443935763,2.7044440449503835,9.053853483622298,0.7721420546717991,0.02,0.589132894072496,1,HUGIN FM,HUGIN SAND
VOLVE_15_9-01,1797.15,102.37908920303178,2.6211838027377343,0.08277146549871445,154.60992968258878,72.25218392237846,108.17671530541294,3.1168274202110426,10.155518378499108,0.7599306790490038,0.02,0.7061649605026539,1,HUGIN FM,HUGIN SAND
VOLVE_15_9-01,1797.3,102.01172887603519,2.622640741513614,0.11147921633512285,169.57015260603595,76.38704107576426,123.63501850447625,2.8506383223990337,10.24143079502425,0.7443456799107087,0.02,0.6257401218766332,1,HUGIN FM,HUGIN SAND
VOLVE_15_9-01,1797.45,106.24116591708606,2.6247279253125773,0.17176209211853619,161.05886661038892,73.6321616335922,111.39849861225562,3.178918521208355,8.625841640890274,0.7981193126081115,0.02,0.661203336097417,1,HUGIN FM,HUGIN SAND
VOLVE_15_9-01,1797.6,100.04972924007673,2.6264977039180297,0.1471997060545025,196.0133590175701,77.62837581967318,117.32036982278345,2.673966358183596,8.604689870914681,0.7988513453021511,0.02,0.6250750531896889,1,HUGIN FM,HUGIN SAND
VOLVE_15_9-01,1797.75,94.39644090536937,2.639889055026111,0.1389359215943643,155.74631588545924,75.65023524032863,119.13721739218462,2.9803180112533103,8.858711634954105,0.8431093246751084,0.02,0.684743811753387,1,HUGIN FM,HUGIN SAND
VOLVE_15_9-01,1797.9,97.62777797597947,2.619128297240517,0.14381508340271154,148.1311872502112,73.35047792218114,119.51405960213175,2.9931526365513768,8.89663481889377,0.7723032463994076,0.02,0.7095806109123155,1,HUGIN FM,HUGIN SAND
VOLVE_15_9-01,1798.05,97.35260329601289,2.6016639346833927,0.10115691478972536,192.26007324014532,74.6746621661021,129.41825565204482,3.096093419400649,9.285899415388958,0.8015000353620857,0.02,0.632910713727465,1,HUGIN FM,HUGIN SAND
VOLVE_15_9-01,1798.2,100.56586149777523,2.615114165937919,0.14598061737055612,134.53394856000256,70.34026548011215,117.44072128444841,2.7937680007707293,8.913364834032436,0.8022577536087175,0.02,0.7262629656200771,1,HUGIN FM,HUGIN SAND
VOLVE_15_9-01,1798.35,96.26859596984247,2.6330756163747,0.1633772933157347,222.05402556863868,74.89455797545008,126.99738069636555,2.6066471877349167,8.674694860370733,0.7855163203519001,0.02,0.6042501056866141,1,HUGIN FM,HUGIN SAND
VOLVE_15_9-01,1798.5,35.88896092865649,2.2125294120357446,0.2660220309602473,2.0690570912957087,93.88199579554919,153.47950171059406,1.8342545523091363,9.014015482436575,0.11571221269457366,0.25108751799784884,0.4721684657759576,0,HUGIN FM,HUGIN SAND
VOLVE_15_9-01,1798.65,30.907744382310877,2.2337387971457052,0.2199968838617638,2.492812974047898,92.57042517366034,149.9469488725752,1.9052860545090957,8.920883800620423,0.11688550029967056,0.23790384934178457,0.45884636690205366,0,HUGIN FM,HUGIN SAND
VOLVE_15_9-01,1798.8,28.447249183080807,2.2659176854021865,0.2588050396034078,3.4549696540542474,87.09657943341546,151.88347866774518,2.0014909925266076,8.597822485928695,0.10369301438602845,0.25152989814103743,0.37707880068169003,0,HUGIN FM,HUGIN SAND
VOLVE_15_9-01,1798.95,39.325177630242074,2.2158749373464435,0.3288808132962307,1.913783636278944,91.43085746270837,139.67509387087145,1.72828966932317,8.43178044106464,0.08643916018302754,0.2903296993691142,0.4360972332867749,0,HUGIN FM,HUGIN SAND
VOLVE_15_9-01,1799.1,28.09520410612345,2.199908194415671,0.28320732725298675,2.507917151667486,91.00509103643735,143.54199407632856,1.9551363282030896,8.434427018086348,0.08361570708380756,0.26549237805246223,0.4250030090176609,0,HUGIN FM,HUGIN SAND
VOLVE_15_9-01,1799.25,30.087750860832774,2.191095465163961,0.267735546000829,2.680133019119902,99.18223197273167,157.01567230845862,1.8971547549776857,8.532485774689544,0.05353781825843164,0.28807107515793556,0.37302673666368724,0,HUGIN FM,HUGIN SAND
VOLVE_15_9-01,1799.4,36.48121485825072,2.2658665051975317,0.29303429438465695,2.9513295593913798,88.95966914092803,146.80325573227645,2.0644810155428672,8.628301987461812,0.07061726973933205,0.23508912034007973,0.438785302631506,0,HUGIN FM,HUGIN SAND
VOLVE_15_9-01,1799.55,36.82519488341614,2.198443197007274,0.26533962501453306,2.0169949892318573,91.94451409692473,142.21733876664916,1.7889224167911564,8.596066680271168,0.07635446581335026,0.2789626254674332,0.4299958170494309,0,HUGIN FM,HUGIN SAND
VOLVE_15_9-01,1799.7,34.817778962126226,2.220336822979385,0.27672677046383726,2.100403348745089,88.73127631589696,145.78719014331816,1.4540201394411842,8.232834756628202,0.0615109256584155,0.2723586232473392,0.41467393033216376,0,HUGIN FM,HUGIN SAND
VOLVE_15_9-01,1799.85,36.835005420960776,2.2188527645007277,0.24885422354576633,2.1767137494663302,89.43717558520127,145.99773009516906,1.7864680652761507,8.361313573314725,0.10863866156266416,0.2533061443244108,0.42908772501586495,0,HUGIN FM,HUGIN SAND
